internal	file	size	sha1	source
KDFzREm/A	A__d2df28cfe4cc.class	13009	4fdf3e73c8b47118e3bb19d1c01e2b4209f89554	nursultan.jar
KDFzREm/a	a.class	14461	046dd2ef64afc619b814763b127cce6df7159a13	nursultan.jar
KDFzREm/AD	AD__f20f2d2afd2f.class	447	e8316acf917adafa3a8bf17a964be06bc65df6b5	nursultan.jar
KDFzREm/ah	ah__11a7e106b95d.class	416	9e703b679e43d7c196b834a8d4a5dacf114741ca	nursultan.jar
KDFzREm/Ah	Ah__d7b4312c06dc.class	447	a05fb1d8b07b82d8f11be343ae5940636229abd2	nursultan.jar
KDFzREm/An	An__20eec4c967f1.class	652	3649737f4f3ee28167dce6726231401fb09a04f3	nursultan.jar
KDFzREm/an	an.class	142	4eee3962d539166562c276b2dfa82a7fb52d4fe1	nursultan.jar
KDFzREm/AO	AO__d19807aef092.class	337	6c5fa962a5c6cdd627a31f668374cb972d56d5e6	nursultan.jar
KDFzREm/AQ	AQ__bff777cbbf3a.class	602	68f68acf128b5bcf42d5a027c48689b0861b482a	nursultan.jar
KDFzREm/At	At__977054e6168f.class	895	a3086fd5e4ed924547b2b3c028e85bc1c6f74f06	nursultan.jar
KDFzREm/Av	Av__8a5c66fb530e.class	183	446594653c2126d72ccf5cebc71430534eaacd0f	nursultan.jar
KDFzREm/AY	AY__fb471b2defca.class	438	4269bd308340d7b1388331e7a3ee6540f331d685	nursultan.jar
KDFzREm/b	b__13195280769f.class	33267	9cfe0822eab51c87bd8c0954e711079ebc80a00c	nursultan.jar
KDFzREm/B	B.class	10630	ee6b9e0984f286de3436baa6a23ffb9ad2831b4c	nursultan.jar
KDFzREm/ba	ba__8f70dbfef03a.class	7812	67df88973290e9ef24fb3fb3ee55dcd623a285b4	nursultan.jar
KDFzREm/bA	bA__30ea78c45f78.class	8217	1e63e28f8028f261b798743c179e8d7db19ec22d	nursultan.jar
KDFzREm/Ba	Ba.class	8468	ffd6732e8995dcf0cca819f1415c488935220b56	nursultan.jar
KDFzREm/BA	BA__752d9145fb05.class	677	1abd55f74a080ffaeb7ef9d3d0e547a56d283521	nursultan.jar
KDFzREm/bB	bB__6978d057bf95.class	16839	414eef2038bf3475e5c2fe69c023414fa7e21d98	nursultan.jar
KDFzREm/Bb	Bb__9b46a864c4cd.class	20668	e2e3457d345eb0e51a828262a2823bcb72a9e1a6	nursultan.jar
KDFzREm/bb	bb__016ae1fab8b4.class	16373	e0da68fa2b20f456ee42f724461216d4aa6da50a	nursultan.jar
KDFzREm/BB	BB.class	14660	18fdfd59c05241ced5e0ca7b5a2126ca47e1988f	nursultan.jar
KDFzREm/BC	BC__467e2f20fa7f.class	258	c669b1a95573f09350aa98436f75e06257094a5e	nursultan.jar
KDFzREm/bC	bC__a3b026c6ba2f.class	9974	931ccf00c335d865c14def9ba52876c6bfb4afef	nursultan.jar
KDFzREm/bc	bc__7d2201c5e9aa.class	10265	9d698a078682230069b490493e6ebfc17949d95b	nursultan.jar
KDFzREm/Bc	Bc.class	13324	bf09a0646cfab79c9b63d951723a83a0988d0e2a	nursultan.jar
KDFzREm/bd	bd__395fee333129.class	239	eb8db73fd012706f4932918bf34cce4f2d882b1a	nursultan.jar
KDFzREm/BD	BD__f8c7a87148b0.class	12629	d80c8cc32d64843e68ecbb9cfecf384c06037b21	nursultan.jar
KDFzREm/bD	bD__8f2ce620501f.class	14919	be7283a682e86ebd3b1169d7b990e1a017887b3c	nursultan.jar
KDFzREm/Bd	Bd.class	19289	123cbdfe261a4711aa42fa906d09133c7bef48f6	nursultan.jar
KDFzREm/be	be__fe111890ee7e.class	11150	eef578396ebb5932b6d89162cd46c6e8e4cd3f93	nursultan.jar
KDFzREm/BE	BE.class	15153	e9ca347d162e0a0650f67a3a9508c1a81a9680d0	nursultan.jar
KDFzREm/Be	Be__c29558d2bbdb.class	30669	d0fd4326b0219d8dafa437aaf34498c0d2b897e4	nursultan.jar
KDFzREm/bE	bE__0d5b4a7d152f.class	100	04a9690f9fc247a7cb7cdd3d9e33373b1a233573	nursultan.jar
KDFzREm/bF	bF__9ebba6dbdaf5.class	19801	3277e9308eee247cc49d156781f2cc46745a9c8a	nursultan.jar
KDFzREm/bf	bf__5ed9c21cc042.class	8894	a1df97bf73492b2ff81d9df9a7dc9c44b77ff858	nursultan.jar
KDFzREm/Bf	Bf__823b89428ccc.class	283	4fc7e2db64353c96f6fb1c415ecb7356e543be36	nursultan.jar
KDFzREm/BF	BF.class	408	122849f32ca270ded9554c2c6fde58b09a0e81df	nursultan.jar
KDFzREm/bG	bG__601a90ebcfe9.class	14283	9a3a817c60f65a2cab74486d8e32497e9a3c42ca	nursultan.jar
KDFzREm/BG	BG.class	171	0d8a252487a24121960e32311ae731c30980f7d5	nursultan.jar
KDFzREm/Bg	Bg__c0a912fbaa7e.class	8589	c752a9cd251658b1ef8e626607f2d419d385c69f	nursultan.jar
KDFzREm/bg	bg__72a60cffc2a4.class	16086	6e9c423e5f08d0af32391853897e012b51e84cf0	nursultan.jar
KDFzREm/BH	BH.class	7565	9c5cd72a6c628d6ac6a1b8615fe84fe4fdbd5790	nursultan.jar
KDFzREm/bH	bH__31b4e8318161.class	7353	9cee8d8bb1a1b0695a605d587149155b3d239f3a	nursultan.jar
KDFzREm/Bh	Bh__2d8658b76f23.class	14789	654651b4502f7149cd9431a648a6e3a87444582e	nursultan.jar
KDFzREm/bh	bh__9b2a07a58cad.class	54973	f75257307c675b36a18a946cf9f4b7371844d5b4	nursultan.jar
KDFzREm/bI	bI__8c91ba5d0ef3.class	20488	a5c064324759c1023ed1dace192cfcd2ba6ef144	nursultan.jar
KDFzREm/bi	bi__ab2c84717542.class	12124	d64a207604f3d48bfd4147427e1e4fc7edd595bf	nursultan.jar
KDFzREm/Bi	Bi.class	17311	0ebbb066b63702a10c4b2dcdce98e6fe98e7d99e	nursultan.jar
KDFzREm/BI	BI__b26c544a554b.class	1964	9285be4a0cdd3d36e5bae0ba46e65f632c0d1320	nursultan.jar
KDFzREm/Bj	Bj.class	22677	091e194bbb14a272e61647fc2bba58a9cdce0d84	nursultan.jar
KDFzREm/BJ	BJ__7b3bbefe796a.class	29884	e546e8ac6320c419d85a3b590946d6b03b825bcc	nursultan.jar
KDFzREm/bJ	bJ__e1f734b04b3d.class	14998	1a937195ac6e4008098dc075ccccde16d7271c59	nursultan.jar
KDFzREm/bj	bj__c12b027814a5.class	16830	4e3ca5b98c16e578efd305fc99f16673387d8ebf	nursultan.jar
KDFzREm/bK	bK__ad22e6d8d976.class	23938	537bcf38e1d41a0e226d3987d5a72fc2689e8aec	nursultan.jar
KDFzREm/bk	bk__96f4d139b7ef.class	14383	b9c376f5583c2088602d5db597438926ed1b363b	nursultan.jar
KDFzREm/Bk	Bk.class	8025	6db5ecf31ace61a6de46a388042b75a00308d170	nursultan.jar
KDFzREm/BK	BK__cc8e1ae00d23.class	13785	aeed3e298115899767675f81996b767849372f07	nursultan.jar
KDFzREm/BL	BL.class	50922	e0cf31958f70b1f7376f761bd4f36fda71f1d416	nursultan.jar
KDFzREm/Bl	Bl__6cb25a67bded.class	9195	203654d866ecaa293e471c30ed026bd1bdfe360b	nursultan.jar
KDFzREm/bL	bL__b04e76c13579.class	8151	90a852c073e0dc6e50d55432b5e00c4432cd901c	nursultan.jar
KDFzREm/bl	bl__a8e0206249ce.class	6189	6fe14ec3168e6e53647ff3eb4e041e5a713fe695	nursultan.jar
KDFzREm/bM	bM__d0776738f8d3.class	17686	9c47eca3a684f67dd2e1004cca85a7fa54648887	nursultan.jar
KDFzREm/BM	BM.class	15347	c0012ba1426499689b48614f2ca156291bfac5ca	nursultan.jar
KDFzREm/Bm	Bm__0e66a098544e.class	37906	7e633f2c19c2beab6140e4cb9e2bcf6c040083aa	nursultan.jar
KDFzREm/bm	bm__4aa58537ccc2.class	20520	faf5647c811906f6955fd386a298e0d5331a0721	nursultan.jar
KDFzREm/BN	BN.class	7904	944dcd1567b861a3fa8cb9c612f7b841c8a5df63	nursultan.jar
KDFzREm/bn	bn__3ae6b33d6b63.class	19940	7215dfad895e8364b31cf48542d2db6f216f7573	nursultan.jar
KDFzREm/Bn	Bn__3cff9c58178d.class	7964	8bb4326bbf7940ce8f5acb6b9c2036af1aff36f3	nursultan.jar
KDFzREm/bN	bN__41070f9908ee.class	8799	fd9498b09ecca27616a0cf9f9f7d38aa51bef6ea	nursultan.jar
KDFzREm/BO	BO.class	9883	d697cd256b5e958d79d2fcdf5ce6330e272c8d2b	nursultan.jar
KDFzREm/bO	bO__9b88b0198f39.class	7890	006aef108235f171ce6c836eccfe833411807c13	nursultan.jar
KDFzREm/bo	bo__4485aa135a0d.class	6613	2408e6c9518e53c785656009aa3cf0de8656ad55	nursultan.jar
KDFzREm/Bo	Bo__452d2eefa0b4.class	15330	6e280ff72367db9cdda609577d1bf7ecd8d53922	nursultan.jar
KDFzREm/Bp	Bp__2b6d9f56868f.class	7834	2ed80a97322a30e6d41fb683502ea7159ecb9211	nursultan.jar
KDFzREm/BP	BP.class	9577	6f3ba7c4b1c852d915db6500cccc7fdb28f9a155	nursultan.jar
KDFzREm/bp	bp__8cd6b415f3ea.class	2186	8aeb0d7acd9ba2bd752b80d60fe1a6fcfd45d5b1	nursultan.jar
KDFzREm/bP	bP__de0049515112.class	20042	01f1009f082bfa9b4d0a5fee880298d97a282e4c	nursultan.jar
KDFzREm/BQ	BQ.class	22885	59968db5a53630d5e0413edad64f79dc682a2ccc	nursultan.jar
KDFzREm/bQ	bQ__dd4d945a9503.class	40615	b4b33202de83c5b325563d3dc2737a517dc90b35	nursultan.jar
KDFzREm/Bq	Bq__5619f03a5f70.class	12179	8bbef04bb089e351b312dde26c574fee8caf185f	nursultan.jar
KDFzREm/bq	bq__f3856cebd2fc.class	9516	6f11de4623d3db78c0434225715e44dc9d99ce67	nursultan.jar
KDFzREm/BR	BR.class	14733	bbfaa5a6ab6c8a3e7fc5e22271996c44619267db	nursultan.jar
KDFzREm/br	br__708d40689fde.class	10077	d12c8de2048359ac533453d663c1cb4872bff134	nursultan.jar
KDFzREm/Br	Br__c44fd211fa77.class	8821	00337ac06bb23c5fcf4b999142582d19e03c4a98	nursultan.jar
KDFzREm/bR	bR__b1a1c802b289.class	18125	5fcc855eed9206d25c2662f0cedbde319b0a8d6c	nursultan.jar
KDFzREm/Bs	Bs.class	10493	12dda3848e5ef53207f66b648dbc8f7ab2759e0f	nursultan.jar
KDFzREm/BS	BS__ae88145a5b57.class	8977	ec46bd4dbd4cf998c2ce2dbcad43926bda3eedb1	nursultan.jar
KDFzREm/bs	bs__0c84402c09d0.class	18183	fc0dc37d67b7acc78126d705b965500287ea886e	nursultan.jar
KDFzREm/bS	bS__4182321b9180.class	8028	4b5a5f6fe2878ba40506f428e187736371566e4a	nursultan.jar
KDFzREm/Bt	Bt__60560a73e941.class	12331	346e310014c8a7d8da04ab5811942d1131921a2d	nursultan.jar
KDFzREm/bT	bT__69cc7d8743e0.class	17435	4bbc19b7517a67806444f709827aef2707b38c54	nursultan.jar
KDFzREm/BT	BT.class	16224	2a6e0ef0cb0fff0a02e83a285924e0e91a1246b1	nursultan.jar
KDFzREm/bt	bt__326ca5bbb73e.class	7079	65d10b31a4abd9b4cc5839d1017fa736486d3c4c	nursultan.jar
KDFzREm/Bu	Bu.class	14280	7519476ca3453390af823a16a0e2fbc263f518d3	nursultan.jar
KDFzREm/bU	bU__196102ed5819.class	14422	9667c07e1237f2b94efd350e7949617d982f221a	nursultan.jar
KDFzREm/BU	BU__1412a3ca1b5d.class	11144	bb4c546e8c6b1e4b85a528178c42fafbe193abae	nursultan.jar
KDFzREm/bu	bu__8c070349abae.class	7433	1f315b259121bb8501429241b5fdc5caaf887e15	nursultan.jar
KDFzREm/bv	bv__6b986cd8c0dc.class	12405	5d60d04369700e726f3c872eee734a8b23e8c9ce	nursultan.jar
KDFzREm/bV	bV__2ab6e5a26add.class	12544	2308236024b994dc751c5f6114179c987dacbfd0	nursultan.jar
KDFzREm/Bv	Bv.class	279	5c8199b71b4c1405aeb789be0ea471e3d0d4a9f9	nursultan.jar
KDFzREm/BV	BV__3387f43d885b.class	17603	eee0d5dc66773fb51fcbd05554b456d6af0299e4	nursultan.jar
KDFzREm/BW	BW.class	9538	7ce7b3d8fa870b9351a4551ba0cd811833fe1bc4	nursultan.jar
KDFzREm/bw	bw__3e35b46b0870.class	28740	049221e88d6803003880b8fd3ae1a1e11c4a20b5	nursultan.jar
KDFzREm/bW	bW__5545da46a50e.class	7205	d2f53bd197ebbdfbb681784a2e4000ff9290947c	nursultan.jar
KDFzREm/Bw	Bw__342dc4ea3ae4.class	11002	96f04a4253d168af7fa27c5ad6c844115ed69cf8	nursultan.jar
KDFzREm/bx	bx__7c0d5f7c8d1b.class	28417	130fc94c09ea6c43b7061e6e68cfbed036a03242	nursultan.jar
KDFzREm/bX	bX__cf0757c65324.class	15958	0d18ad770e7b7cb638667711a80bbced41ff26b9	nursultan.jar
KDFzREm/Bx	Bx__25038c433fd3.class	7090	07706dc69bf8a18fb651d066413356e5a2326e57	nursultan.jar
KDFzREm/BX	BX.class	10431	cbfc8804761337bb91d6e1d1843d15283808cb1e	nursultan.jar
KDFzREm/bY	bY__e5f0777d6529.class	54297	ecd431cabdbc8eefd4999b131bcdffe359920a83	nursultan.jar
KDFzREm/BY	BY__2244f15bde1c.class	16144	4baa0aa6cc7d526728cfc80a09f019bc72637b36	nursultan.jar
KDFzREm/by	by__e9377feefabe.class	20103	be6ac1805def42b3fbb1224cd0232c5bd34068d1	nursultan.jar
KDFzREm/By	By.class	8549	fec87f8f5ecea253fa5f73bfbfd2c5ec9141192e	nursultan.jar
KDFzREm/bz	bz__602d4b36f5c0.class	16138	b125d6f339cbb5ba4ce81a254e78d6d27ccb3357	nursultan.jar
KDFzREm/Bz	Bz__c7f318bd2a87.class	35291	0aaadd1de341370e7e9f83e8461b1a09eed7089e	nursultan.jar
KDFzREm/BZ	BZ.class	12830	f40e61b7fa10c05d9fde7aa893818c2a464c628e	nursultan.jar
KDFzREm/bZ	bZ__e6c171643c8e.class	16840	7defe1d9f50610e7b554c0314beaca4f16990bbf	nursultan.jar
KDFzREm/C	C__654cfc670298.class	6440	2e432e7840f5ede3fe0ab20b3a97f547a82eb291	nursultan.jar
KDFzREm/c	c.class	34074	fd68de6fcdbcaf5796c339872127c3ea9f3a924f	nursultan.jar
KDFzREm/cd	cd.class	142	5c651a7621b611a58542e42abe75f04336b930c0	nursultan.jar
KDFzREm/cD	cD__d5fde8338ae1.class	142	934a897779c6bc8a4e7134168fb6da1de15dc66b	nursultan.jar
KDFzREm/Ci	Ci__e8d9c6187b5e.class	1338	4dfcd4ce102e5e08ea717bbfecea64412f7d4362	nursultan.jar
KDFzREm/CI	CI__3c692ba427db.class	333	349feff3479f596509dee210b6503db248085881	nursultan.jar
KDFzREm/Cm	Cm__61b66a121a65.class	1952	958d80ae09515539c3f1b17581c112f6857f2a24	nursultan.jar
KDFzREm/CQ	CQ__98a5b4726bfd.class	125	31ad370a12774b932c3649311dc4b6564ee35074	nursultan.jar
KDFzREm/CW	CW__fd7c0f0af9c2.class	1820	11804a21a7b166fc5f1a24c08987a3734cbde7da	nursultan.jar
KDFzREm/D	D__b26df8c5a0bd.class	8501	5c0848096a4acca981c3532af985fcf8f5a79d97	nursultan.jar
KDFzREm/d	d.class	8959	9009d8fd69520266583cfead8e99365c36a054fc	nursultan.jar
KDFzREm/dA	dA__f12dd88506dd.class	13465	c8337ce44e92506615c00dcf1e65c1a3c571ee92	nursultan.jar
KDFzREm/da	da__e4796fa157f1.class	22012	0f7fd2a8e3e28d209846143bf8bf6c2649b065d2	nursultan.jar
KDFzREm/db	db.class	43713	dea41c53fd90d40fad1a32a348f6e2552f1e831a	nursultan.jar
KDFzREm/dB	dB__866b3329e5d9.class	8339	9ab5adb4c80e3ce4510f73909052186e2644661e	nursultan.jar
KDFzREm/dC	dC__67f607a73782.class	21980	291e9719486dc480b2f50ac12290fc8af3eb2f46	nursultan.jar
KDFzREm/dc	dc__d903c064d109.class	9701	244bf4704c8601d3d5af677231f6f8489ac9f420	nursultan.jar
KDFzREm/DC	DC.class	142	0566ab649181336b66440b5852abb5507bfa0d2b	nursultan.jar
KDFzREm/dD	dD__1717fd71b221.class	7505	5af0f634ee818fb6f6748e7a4f6bd8b87daaced8	nursultan.jar
KDFzREm/dd	dd__4789ad236180.class	12193	83401278f3ac4b25e84692aeb2d2a453579535dc	nursultan.jar
KDFzREm/de	de__30eaddc35277.class	8873	8f45cc51d3461f91f1f5d8e99115dfb7f767617c	nursultan.jar
KDFzREm/dE	dE__b22ddb596152.class	7489	0c2e2acbf54336b5a7134f45e1a4fd939a42fa94	nursultan.jar
KDFzREm/dF	dF__50a71f77d365.class	13679	d7c69d9f3039aa2d588c5868b91e207c2dec9bdc	nursultan.jar
KDFzREm/df	df__be30e24d6a20.class	12370	8d7c75ce338e1932647a6d10785e9d6cb52aa20b	nursultan.jar
KDFzREm/Df	Df.class	142	1485c273ca3bfaf71554c44d717ddee4ae7e2f98	nursultan.jar
KDFzREm/dG	dG__6b6a8ab6bbfe.class	1858	e43989753322c98eb5ba67badb1c089c6d43659c	nursultan.jar
KDFzREm/dg	dg__6ecdfd4a9bee.class	7438	3345bc75f02f0cab93c4a8e8b4837df9d67f8138	nursultan.jar
KDFzREm/dh	dh__e7bacc803853.class	10032	b2723083f7463554cf79e4461f860ed08c70a95c	nursultan.jar
KDFzREm/dH	dH__779879f54957.class	10065	989d145bc619ac555a14dd77a5b7fcb345b6a88d	nursultan.jar
KDFzREm/di	di__d29b28af3f7d.class	17002	3e2a61a76b149f1db10d13c012ecfae67a0f6fe7	nursultan.jar
KDFzREm/dI	dI__666cfb0e1ab6.class	93	34388183c0e467811da6ea0e07e6f35eb90ff8b7	nursultan.jar
KDFzREm/DJ	DJ__1d4eee77e6fd.class	142	16a768ecf5ea9568195ae9e9bef590c35339c5ca	nursultan.jar
KDFzREm/dj	dj__43f614122903.class	1901	e7f484da647802a72465f5072189dc2951fb74cb	nursultan.jar
KDFzREm/dJ	dJ__d5ec13186390.class	10417	0f33c849127eb92dff789974a6fa429b3ac3fe43	nursultan.jar
KDFzREm/dk	dk__d68f7e087d18.class	16520	3d4d2fd4e04ff399517242137d314df0a566aef3	nursultan.jar
KDFzREm/dK	dK__dac964319575.class	7181	a7034b2506cb41b35cf271606071eba6ab2c7abf	nursultan.jar
KDFzREm/dl	dl__4a3f7ef491b2.class	7970	a8ef8ba6f731cdad1ef1738b936aa39539884ce3	nursultan.jar
KDFzREm/dL	dL__90a2ecc5dc7e.class	13186	bbeae84626876b58b68781cd1511f3f08eaff5fb	nursultan.jar
KDFzREm/Dl	Dl.class	445	03b672f55aa367aca5f3e69591fb3278285730cb	nursultan.jar
KDFzREm/DL	DL__f00c47f20e66.class	142	387496f9422414171b56754b549fc157d2d30d45	nursultan.jar
KDFzREm/dm	dm.class	25737	5f922a2958596fab7768e07d5f3afd8c2061c34f	nursultan.jar
KDFzREm/dM	dM__7ed0e4331c74.class	8154	97a884501850275492c5a30e9a3a18c508438568	nursultan.jar
KDFzREm/dn	dn__ca626f5f9bf6.class	11848	0da11ded3b505b1a7ce13b268b796f5dc5948084	nursultan.jar
KDFzREm/dN	dN__a26f08f157fd.class	23600	283b089302e30182e2c934f6df0dc3530baa1d94	nursultan.jar
KDFzREm/do	do.class	10463	b1f68954ab62bc8abd7b06e1965eec722581e6ed	nursultan.jar
KDFzREm/dO	dO__b9a748e5e04b.class	8825	15f49c483c209833add7798958afb13fa0bb35fa	nursultan.jar
KDFzREm/dP	dP__711ac8994497.class	1397	036857ded34d22aacca30b80c7ae490195c5874e	nursultan.jar
KDFzREm/dp	dp__cd744db088f0.class	9093	ed7a02b54bbbf3a8bf28fd8330b0e7ec3977ce2d	nursultan.jar
KDFzREm/dq	dq__64e6814e3617.class	8544	0dfc9c295bf5ba6244955f7be94de564a88ee9eb	nursultan.jar
KDFzREm/dQ	dQ__f37c78776066.class	7522	89d10ac8eaeaa786d4c8e399e25a3c6abbfe5561	nursultan.jar
KDFzREm/dR	dR__19ddc1de499e.class	14840	584dec63e07368b3bf44c29b95e0a73bed063ffa	nursultan.jar
KDFzREm/dr	dr__fa3794d3d53f.class	16500	160c89c80477dea3c94bd889c0d0c295bdf7ff61	nursultan.jar
KDFzREm/dS	dS__0de76779d4dc.class	6395	de23ae28b5512eca9422ebfc83520455139c18cc	nursultan.jar
KDFzREm/ds	ds__a02476e21822.class	7892	5c1577e6f38375598eb550335a6f4cc8ef85149a	nursultan.jar
KDFzREm/dt	dt.class	35189	774edcf249ef16ad30e935450af85f6468586ce1	nursultan.jar
KDFzREm/dT	dT__60ebbe6e031d.class	12063	5dbe31e96cd81bec108503f67a58a47272b8d9db	nursultan.jar
KDFzREm/dU	dU__16c09ff0929c.class	10109	b7b049e37606199e474f38404b1891e8d3e2e02e	nursultan.jar
KDFzREm/du	du.class	36088	3fd50c73f7ae70bd87da505b692b9f9c00c466fe	nursultan.jar
KDFzREm/dv	dv__a184821ae000.class	10889	db6f385b1436aae14da704fce6a75756f3035811	nursultan.jar
KDFzREm/dV	dV__c5580fd7fa1d.class	18267	351315d64d32380f9f6fb949392859b18af7d8d5	nursultan.jar
KDFzREm/dw	dw.class	13162	6bea1bcbd9228cb91a401d6bc822c473d93dc704	nursultan.jar
KDFzREm/dW	dW__9c9a8f45a5b4.class	11094	03d9ac540f0ac61d298cb154cd516937fd8f4d0c	nursultan.jar
KDFzREm/dx	dx__913b4cb88a20.class	970	8c61e8f6f1dc796eb3d0ba2e73c95fa58266ed96	nursultan.jar
KDFzREm/dX	dX__55475e27f649.class	10788	43d68245990271899db52fa8b3648f25621b1a29	nursultan.jar
KDFzREm/dY	dY__97d728a96dd4.class	17125	7fabe579c72e79789a71b1549e0ae22a78db71e4	nursultan.jar
KDFzREm/Dy	Dy__f70a67017173.class	142	bcd0401f8ce6cc1c2320c34b23b273022323493f	nursultan.jar
KDFzREm/dy	dy__638021b43200.class	14990	2525cfaacdc7f9c8feaecc70ef19b3846df9780e	nursultan.jar
KDFzREm/dZ	dZ__fb63ae377a9c.class	18360	169e801986fed1c64edd2c6672299af06bd75be3	nursultan.jar
KDFzREm/dz	dz__91eacc8d6c10.class	18904	6feb32d268e6ad0ccfac2854e09b2e3d9534f859	nursultan.jar
KDFzREm/e	e__d163160630b2.class	27041	5024833d171f655f575cf5fecc53bb597d747c21	nursultan.jar
KDFzREm/E	E.class	11464	e6bee9e533524a3a9161fbd606d5392b67edb240	nursultan.jar
KDFzREm/Ea	Ea__4a1a5f632304.class	7971	5793f241d8b65cc770d15071b86542f2a0bcaa17	nursultan.jar
KDFzREm/EA	EA__0de0ad66d0e5.class	7742	2620cc07f27d7de69db6cfb12a57221db4c5e03d	nursultan.jar
KDFzREm/Eb	Eb__dc37c3d05142.class	8460	96ffaecce90bda2dc26e5a8175c20e82efd57f34	nursultan.jar
KDFzREm/EB	EB__f04ee67072cc.class	10975	0fc120723438184853098dd4890118ad39e85fd7	nursultan.jar
KDFzREm/Ec	Ec__9dd69b186e0e.class	9585	0f0891ba6869c161cfde6ccd4d25eb6483ad15ab	nursultan.jar
KDFzREm/EC	EC__9d05e296c280.class	8796	3cf9ff00774911cde1d3fd35d02c777ef9e9f690	nursultan.jar
KDFzREm/ED	ED__bb7fdc15d753.class	9977	28468a8f7b0d9158de8d5df9398ffcea7a037e2d	nursultan.jar
KDFzREm/Ed	Ed__6f92e00cb1a5.class	6415	d449ea7bdd1c663a5ba1ac2c2e7ccf62aeb392d8	nursultan.jar
KDFzREm/Ee	Ee__3e8b26c37600.class	9478	ec42e5a7d8552ca4ee1af6c208ab8a81675e76ca	nursultan.jar
KDFzREm/EE	EE__e43fd64ca563.class	19840	4e6509270350822a42f29dd23087d09ff16d36e4	nursultan.jar
KDFzREm/Ef	Ef__11763aa93a26.class	22848	fa9b2a82e77d5bfe370f8b959d48257914237fef	nursultan.jar
KDFzREm/EF	EF__a76a783f8f22.class	6488	65fa07ea1f9bed8e1a5744976534b10a4b973ce7	nursultan.jar
KDFzREm/Eg	Eg__10932b991345.class	6727	e1786a285635934b9a537c324b5ba8c46cfa1330	nursultan.jar
KDFzREm/EG	EG__0f1dad124c47.class	51134	ce610b69ab4c36ffddda04a74ecf051bb97a9a82	nursultan.jar
KDFzREm/EH	EH__7eefb81bc50d.class	16474	82177b071a97fce1251db8af5747131920c60796	nursultan.jar
KDFzREm/Eh	Eh__0f85c1c2aa28.class	9696	1d24aee9dbe11a4e2232a9ab0b5729f39d5939c2	nursultan.jar
KDFzREm/Ei	Ei__27ac05f07561.class	6375	28aeb26da73a5a61ee0b3a9ade6262d38062ba61	nursultan.jar
KDFzREm/EI	EI__4701e0ffc2f7.class	15851	cbf4454fe447547350c11174cc9c58659f5396a4	nursultan.jar
KDFzREm/EJ	EJ__624696a4b0be.class	6428	3be42e9052e268e5d56b1dc9c03a5bd0e3cfad1f	nursultan.jar
KDFzREm/Ej	Ej__43714ce81201.class	15522	0bcd96703b115a247736107c9207908543a5e2e0	nursultan.jar
KDFzREm/Ek	Ek__753f103aea5a.class	46619	e55d8d2118b00248a29de0d04ceb8a4ba197351e	nursultan.jar
KDFzREm/EK	EK__aff30ca40a3a.class	7833	60fb949469c115c3de5ecc7859e87e735f79472b	nursultan.jar
KDFzREm/EL	EL__ace25766db6f.class	7331	9b34bc7ed5aa3334f0fde97a13d50ec569277e4a	nursultan.jar
KDFzREm/El	El__08f9d5570b10.class	67117	c649c5d5fde033322c777e6528024a6c8d1e4fc9	nursultan.jar
KDFzREm/EM	EM__f8ebc4ebc62b.class	16646	88a132db3e0411ca01bdfb516d7bc9bc9eb7d0db	nursultan.jar
KDFzREm/Em	Em__691f6c420fd7.class	15427	cc60f1267d5b68eaf2890cafbfff30fdb06eee71	nursultan.jar
KDFzREm/EN	EN__bd3d9b8bcd9c.class	6700	c06f550ec6101811227d4f07ad8858ad15cf660f	nursultan.jar
KDFzREm/En	En__8a35a8514d72.class	9484	9f5d7a1dcc1b0e580ce6f9524ab20ffd27fcc0b0	nursultan.jar
KDFzREm/Eo	Eo__ff453ca1bc49.class	53971	9f99981c81d721abd0f2ce34d8348d5efc07da49	nursultan.jar
KDFzREm/EO	EO__aeb796cb905c.class	18374	04cfb2a64a09188c750a14eba436c240419ab499	nursultan.jar
KDFzREm/Ep	Ep__2cd10ce8a638.class	31897	8a6cfe2c9d58d205ac87b5d90a944d5863f44c94	nursultan.jar
KDFzREm/EP	EP__94ef02a6247c.class	8622	d16a4d38e5b326cdc679807d22ddb7e9eb15e687	nursultan.jar
KDFzREm/EQ	EQ__ffe51a77dab4.class	17677	4c95875d40de6374d90121eeb8aaca3e15d0f3fb	nursultan.jar
KDFzREm/Eq	Eq__2367bfccd592.class	6470	2c16dd5025d1883181c04037440978e6074f6680	nursultan.jar
KDFzREm/Er	Er__219798980325.class	9512	f9f85b7f6e61c959f43becd4b5a83dce5f1a899c	nursultan.jar
KDFzREm/ER	ER__029d44790961.class	7803	73f297aedbd24d3ee1d3560c493bd67ab094550b	nursultan.jar
KDFzREm/Es	Es__de469e05f732.class	16999	7c34d51dbe3b0a420368666358080e56c32334bf	nursultan.jar
KDFzREm/ES	ES__4540f5a7cec0.class	6766	f5a627d894c13596c18277c70882cb89db1cda66	nursultan.jar
KDFzREm/Et	Et__f0534a56a8ce.class	14818	0186a7c95fb91c680b15d894b1f7bc3564bbd01f	nursultan.jar
KDFzREm/ET	ET__e8bd608bc51d.class	23693	be4f79100c979da61494f3afc342b31df94516cb	nursultan.jar
KDFzREm/EU	EU__d2fee9d554e4.class	9921	305681bb3a420fe8a74c0e67b3ec4a45cef63fed	nursultan.jar
KDFzREm/Eu	Eu__9085c4d47a04.class	66454	df0559e33e0eae89bb06acfa0f331aa576d4a6e1	nursultan.jar
KDFzREm/Ev	Ev__9d58d10cafc3.class	8641	b430b29e0055b62552911b1def83810fc51e558b	nursultan.jar
KDFzREm/EV	EV__03ace45445e0.class	53977	3644a086695ca553a4672cb1a55d9f93959b30c6	nursultan.jar
KDFzREm/EW	EW__307e6c533fc2.class	9612	de61fb0c7bd3d838208d7994c05a6f22c57472f5	nursultan.jar
KDFzREm/Ew	Ew__b7247b43427f.class	9033	6170a4d48b1254e0f19762d6b928379657a6e63e	nursultan.jar
KDFzREm/Ex	Ex__57dafce20fde.class	10145	77bc04a9e5fed2bc651614c1df0a969657f76b4a	nursultan.jar
KDFzREm/EX	EX__b70d65e37d08.class	46172	d4cee12d89ae027d0a73b851ad95718b8c849a11	nursultan.jar
KDFzREm/Ey	Ey__78db344d7b2f.class	45125	04a3674977323c3c717346ee15184723da8d3606	nursultan.jar
KDFzREm/EY	EY__77b04938007b.class	36486	bf9d04527bf72f22a13ddf2323b1d927643d9d42	nursultan.jar
KDFzREm/EZ	EZ__538990f7816a.class	40195	994673632a930c963c7e862f5471879e20fcd69d	nursultan.jar
KDFzREm/ez	ez.class	133	323249d83b6937b2626c5aef9b7e3e3eea6fe8aa	nursultan.jar
KDFzREm/Ez	Ez__0f2554cb3930.class	29791	80c6f2b7ab3a5770768290000d6ceea4f28060fd	nursultan.jar
KDFzREm/f	f__c816579b999b.class	259	f2701c949eaea3ab3ce854dd30477e0ad7ecd01e	nursultan.jar
KDFzREm/F	F.class	20971	427a9a3ea6a2401caafe51713a5420cac2563914	nursultan.jar
KDFzREm/fA	fA__94b60fdcce78.class	142	51b07dfa398638410c7eaf187dc3ff59f3682a0e	nursultan.jar
KDFzREm/Fe	Fe__9d66d3c81a1d.class	62	90aae27bd2ed62aaf9c518907ec446446dd4e6a5	nursultan.jar
KDFzREm/fi	fi__9ef0e0ca9c32.class	1246	9b246fdb868a0041aa728b53c02bda6402680039	nursultan.jar
KDFzREm/fk	fk__c5aaf39f411e.class	142	5287a886c55fb181b9f214c86219e0bf91de0750	nursultan.jar
KDFzREm/fL	fL__b7fc5ba12e43.class	1243	32785d4fb1579c2fb6fcd79f1c7e242d4d1acd63	nursultan.jar
KDFzREm/fN	fN__cd7c88dca313.class	1399	521080b804e8a6d3f7b626f4a6c5f0da0afbb588	nursultan.jar
KDFzREm/FO	FO__17b5e3b5bac0.class	857	666bdaddb81bdd85cc21a2f63c290cecc91498cb	nursultan.jar
KDFzREm/fT	fT.class	142	f28ae988ee841283a72c84d26d4422c35c4f573d	nursultan.jar
KDFzREm/fV	fV__4962151a12ed.class	142	cbb14f135aac104d57e614beb681b504f498d740	nursultan.jar
KDFzREm/fW	fW__c97fc83c1a48.class	316	ab0b0e790395af6235da4c68455663038cea58fd	nursultan.jar
KDFzREm/fy	fy__7dda6b0de70e.class	1204	c882de78a8a86c0482b1d8f50e6b393fecb5bb8a	nursultan.jar
KDFzREm/Fz	Fz__2dcf46ea51f8.class	758	2e791219a2b5a7f3065341385db0d7ac1e860cc7	nursultan.jar
KDFzREm/g	g__7e58d32efeee.class	7395	0fed2b817f91a659fb29b72dc7ce8a13fc062608	nursultan.jar
KDFzREm/G	G.class	11447	80c360998de476a5381ad730d1209ffbdba86d21	nursultan.jar
KDFzREm/GA	GA__0739ef5be107.class	13872	558c9a4f33ed4f1b100b42e8164507cb88633d77	nursultan.jar
KDFzREm/Ga	Ga__e8438bd1c8c8.class	12544	f4c6f0331128064f29acae40169e8fc90872d66e	nursultan.jar
KDFzREm/gb	gb.class	142	a4d6099aaaa00d0348e346a26b8e22409e370184	nursultan.jar
KDFzREm/Gb	Gb__4c711f1a73d4.class	17555	de8a1da73287188c8eda38ce0875002adaa549dc	nursultan.jar
KDFzREm/GB	GB__2d3672fac3a2.class	13740	9441c89b580e1dfb8cd697c09db7e660031e8e28	nursultan.jar
KDFzREm/Gc	Gc__980716164e6d.class	11067	6af206a27b1b72f5fbee890242c44d8e906fd70b	nursultan.jar
KDFzREm/gC	gC.class	142	fe19f6895fe6140fec58b38b8b76806e89a55eaf	nursultan.jar
KDFzREm/GC	GC__54f9e284a91d.class	8513	bb8d825baaf79f712ed1a5df2159589d6d6dbe64	nursultan.jar
KDFzREm/GD	GD__a376e170320d.class	8569	28ad7aaa1212580216dbc8efb623c1a152682bf6	nursultan.jar
KDFzREm/Gd	Gd__7327a617750a.class	7521	ce01a9e69884ee6da79f74e063cf77959b9877aa	nursultan.jar
KDFzREm/Ge	Ge__a9da7276d7a6.class	11484	aec9e0c9e8c59e941f00debc1261fb9af498413d	nursultan.jar
KDFzREm/GE	GE__9c078073c331.class	42589	0642e2be672340d1adf8c6ca8fcfa9925075cf37	nursultan.jar
KDFzREm/GF	GF__31eb02a2b529.class	2853	2c76ba70b27b34f61150564b310bfea700901d0e	nursultan.jar
KDFzREm/Gf	Gf__0a434a07f36a.class	2978	bec5f238607bd46dfb364df2eb2ac4ebaacea9b3	nursultan.jar
KDFzREm/GG	GG__99bb6e125875.class	69500	30b5afa8782d3d860736f4797c7b583fa6339915	nursultan.jar
KDFzREm/Gg	Gg__38ed8295f772.class	24976	59a6abc92262dad374687def77326b4a8cd12c70	nursultan.jar
KDFzREm/GH	GH__2af08394ae28.class	13454	a4f621311cd7b026f5a639b6d3883c525b8b1777	nursultan.jar
KDFzREm/Gh	Gh__8c5b48acd16c.class	13504	4844d205812c8be44ca4fcaaa74b5cd9cb10dcbc	nursultan.jar
KDFzREm/GI	GI__49bd4fed3846.class	13980	d898c3bf394a4f4cb2c6bc50ebc14e00226f45ac	nursultan.jar
KDFzREm/Gi	Gi__bd786a927f78.class	15487	ccb1e00f20c0348267bf021481b6f4a308ad1aa0	nursultan.jar
KDFzREm/Gj	Gj__d7714fbbdd83.class	37113	28a2ceaddc58f7f93f597dbad0fbfbe6dc243637	nursultan.jar
KDFzREm/gj	gj.class	142	ebfb580e975f33a475e788413f7b048e65ce4200	nursultan.jar
KDFzREm/GJ	GJ__3ab012d059db.class	31310	fdc446fa954143d4f788ef860e093e9798979fa8	nursultan.jar
KDFzREm/Gk	Gk__ba826e14fcaa.class	7746	f63a1d3c5d2586833193b42aebcdf920ee25dbb0	nursultan.jar
KDFzREm/GK	GK__328b35189dbf.class	12541	433d31ef5861cffe901e4ff9afad7af4516420ec	nursultan.jar
KDFzREm/Gl	Gl__49a4edd088a2.class	1241	f54316aff647cb94d1194ee9e0cce5be497c2914	nursultan.jar
KDFzREm/GL	GL__0bf3df44d874.class	31089	d76a044de4706d6c03e6348f0c9f8055c400591d	nursultan.jar
KDFzREm/Gm	Gm__e60a2eec0c91.class	43156	c3040bd4a3a5d55d95dcb4dc530c70a3bb5b2f55	nursultan.jar
KDFzREm/GM	GM__d3a322f4aba0.class	35477	c325f22a7f451bf1d6cefb527911402eeb3dd0c4	nursultan.jar
KDFzREm/GN	GN__0ba1d3ffde60.class	13553	fc29933bfb33b88ee0acc56556246b657ffd0b44	nursultan.jar
KDFzREm/Gn	Gn__1f44b66e6aa9.class	18758	c5f6ae173f1be59253cc1a324b4cf2ba3adb934a	nursultan.jar
KDFzREm/Go	Go__64f192219944.class	18194	ede71aff52e043f280cc43b343e1130130184c18	nursultan.jar
KDFzREm/gO	gO__1626b41c1821.class	150	e58be08186609602d39fa44277f84a7a7e646441	nursultan.jar
KDFzREm/GO	GO__07a53f57370d.class	6545	da6e653fdfe6f76e160fa92ec17bc5ce811f4fc3	nursultan.jar
KDFzREm/Gp	Gp__3167f47ab138.class	11670	3c5b424924b3c43e3832085866de2f0f33dd006e	nursultan.jar
KDFzREm/GP	GP__ec6591c48de3.class	25211	2b9e9ca6df667fccb51d9f457e91d00085bee366	nursultan.jar
KDFzREm/Gq	Gq__a91860083560.class	9976	7e1568b24dad2dcf49120b02fcdfb9d24d889fb2	nursultan.jar
KDFzREm/GQ	GQ__d591eebb43bf.class	58815	c2fd429faf24f6092e384a5bb7dae379313911f8	nursultan.jar
KDFzREm/GR	GR__a3d8fd363bc5.class	13499	38565d05ae62161c2db8ee29900569051fc5c1d2	nursultan.jar
KDFzREm/Gr	Gr__f8c688d379d5.class	10287	8bd92cf0d61917b419f0b954141c33ea5dd8d016	nursultan.jar
KDFzREm/GS	GS__4cd6034ca079.class	9826	71940da08d8b952901d4f2e23dfbad15822aa8fe	nursultan.jar
KDFzREm/Gs	Gs__3e41791bbebe.class	54726	2b53a8c76a2c6b45bc21b0a80ab6980aa657ce68	nursultan.jar
KDFzREm/Gt	Gt__bee4d2cd4877.class	17677	e689e188faed95dab5fc0e2b96c3ca17a15d7946	nursultan.jar
KDFzREm/GT	GT__a5301b6e7cee.class	984	065801f1d7cdad5569cd2cf3471518f745abf63e	nursultan.jar
KDFzREm/GU	GU__9ab17cf3fa7a.class	1563	543f35076713126bade5cf8ec907e8e1c28d2b48	nursultan.jar
KDFzREm/Gu	Gu__1eeb117035f9.class	26244	41c377c9477a0181ee83af7c6ac0b455855c49fa	nursultan.jar
KDFzREm/Gv	Gv__3f59e998c4dc.class	10972	d55c2860c0a031f2b594f65dedc0e36af2de1e6e	nursultan.jar
KDFzREm/GV	GV__dbf81aed617f.class	11734	eef5982ebe00f6aebd60d41d9a5606c42754c71d	nursultan.jar
KDFzREm/Gw	Gw__070d86c3c103.class	26054	62a5c1128d9794cc21b40ef19c00862890738b02	nursultan.jar
KDFzREm/GW	GW__c59d6aebb5f6.class	6443	57ec050742fad9cdf6caa915c30548d1680f1590	nursultan.jar
KDFzREm/Gx	Gx__89ff526e90cd.class	8685	808de8ed202df515075c02ff092325edc3749200	nursultan.jar
KDFzREm/GX	GX__284dd0097338.class	11758	8dc7ee6c037400f925d9155136b55e1193f7019b	nursultan.jar
KDFzREm/GY	GY__23915831bd66.class	25984	6d8c1b5002c4c71b0c916720e9eb88b742fa6af0	nursultan.jar
KDFzREm/Gy	Gy__291b3aa421b2.class	42815	2d73a28caf2652ce77be23f37a4dc49be27efb2f	nursultan.jar
KDFzREm/Gz	Gz__a156159a555e.class	8951	0b4a34d133d4d90f9eff3e4214be6422666b48e8	nursultan.jar
KDFzREm/GZ	GZ__5dadbc123f5d.class	27230	dca3a71031ed3399f04a029d68c5fda7fc6a52c0	nursultan.jar
KDFzREm/h	h__ef0e56e847dc.class	13466	23fa3163dcb11bc8b7039b94f5c87268cd2277ed	nursultan.jar
KDFzREm/H	H.class	10847	1a496c4c8bad6da2769878a674e1d6d793730038	nursultan.jar
KDFzREm/hb	hb__f1fb0c5ec098.class	142	43a455357d7a212d5ce2974e9351bcf834d222f3	nursultan.jar
KDFzREm/HB	HB__e5e6598a1da3.class	828	f2c70375fdbacfb9af88c8aecc2a563296396060	nursultan.jar
KDFzREm/hK	hK__594768caa573.class	663	4d0039ed8f0e783d77385d1a5b0a9fe8f5b95375	nursultan.jar
KDFzREm/HM	HM.class	1587	f8d2cc87747ef7a9fe7e3cdbd0fcfdefddb93aca	nursultan.jar
KDFzREm/i	i.class	9338	7f3785d0bfdf1733b3d16223b394944e1ed8a69a	nursultan.jar
KDFzREm/I	I__dc4ecc599f08.class	8767	97a5a6044099b7ab721145215b491c18e72cf9b7	nursultan.jar
KDFzREm/Ia	Ia.class	142	e09dd33b59eef5546229e8a5641d4e9c29bc731a	nursultan.jar
KDFzREm/ia	ia__73a6ac7505a4.class	221	0b59060eea88dbf57254d9d343e4a91222f63131	nursultan.jar
KDFzREm/iA	iA__49de48b61f70.class	6183	8a38d42c9b0077c6d59902ecbba6e349db51e1c0	nursultan.jar
KDFzREm/ib	ib__7fe107f26c12.class	8480	45102dc14d1a51fb55fedf10b68ce0acfae29c2c	nursultan.jar
KDFzREm/iB	iB__bf76be92c4da.class	10230	c058ac6157ddfe21ce18a708fde94ec5a89a0d84	nursultan.jar
KDFzREm/ic	ic__c41724850be2.class	7322	d1efbbd8f640279ca2950112181569344ffc1354	nursultan.jar
KDFzREm/iC	iC__4bb1038a4e64.class	10129	2456abfad316774b6c19a6fc8d285a5a6f036769	nursultan.jar
KDFzREm/id	id__c0812414d821.class	9916	9d4fdd9b35d2dce84fac34048d7de0eb75108f5e	nursultan.jar
KDFzREm/iD	iD__7355f8586afc.class	13785	8c1e295253eda5b93858d0dcc638d3dc99d2372a	nursultan.jar
KDFzREm/iE	iE__b95ae2044947.class	8873	da6a5dc544dcfa8afd7cc530690f954e8724c48a	nursultan.jar
KDFzREm/ie	ie__a3878bb3e41d.class	9493	b73c961423f0c59ee47bea536e947f07ac32381c	nursultan.jar
KDFzREm/if	if__4d6699d97bef.class	7109	1e3733fb6b537a8d936cd3f25f81b2dc8132b59d	nursultan.jar
KDFzREm/iF	iF__2c580588c7a8.class	7422	894c01677c42eafbeaa76bf80cf59e370d8bb44a	nursultan.jar
KDFzREm/iG	iG__8197a7948224.class	8617	164f6d248477d24a10c98454aa5c40b70f5bfd3c	nursultan.jar
KDFzREm/ig	ig.class	9161	e5d80f4443b54207bd7f64a00b1c5011fda14424	nursultan.jar
KDFzREm/iH	iH__2807b9ee5c18.class	7371	2b56bad60bed6ae0b9e3297b3979285418388d93	nursultan.jar
KDFzREm/ih	ih__61c7b5eaf915.class	16743	ad0c24a5b100f61951cd85fcc854c977dcb80d36	nursultan.jar
KDFzREm/IH	IH__09e5154166d1.class	678	9b3a16d21013a9b60f86e32a28a8c91fd1fea609	nursultan.jar
KDFzREm/ii	ii__8a092efc3eb3.class	10360	9769f0d4beb42b08b396ea0efc8af41654a7b21a	nursultan.jar
KDFzREm/iI	iI__ba021cb0aab4.class	7910	9c895bcb5aefcbae0206e6dace11c03b2e695572	nursultan.jar
KDFzREm/ij	ij__f7ba0aafcbf7.class	7307	89f6e5d82d3247934008f0f8c22854ec54b29a92	nursultan.jar
KDFzREm/iJ	iJ__da15a4ee5cbd.class	9329	c0bf04126ac2201b958966419fcecbb6d64bd182	nursultan.jar
KDFzREm/iK	iK__44091db46734.class	221	fdc28c04a75893caddb4eeefdd24083ee3ca2c3b	nursultan.jar
KDFzREm/IK	IK__eadd3d416d29.class	345	3169f75cac83e1f1e675da1c653bc89a2f4e3bbc	nursultan.jar
KDFzREm/ik	ik__347caf0a314a.class	8439	13ff34334ce9b6e2d5140ed47414d4a1eafb4182	nursultan.jar
KDFzREm/il	il__87b1c840792e.class	13325	b69a1a7282073716e98b9c9a542ccb8235826069	nursultan.jar
KDFzREm/iL	iL__9cd8ebf5ea49.class	6317	a5e9b1732fd1d05048c1632135eb97059f1e4b9c	nursultan.jar
KDFzREm/iM	iM__365929757590.class	7420	e218be97393a954435e321a9da59cc83881645a2	nursultan.jar
KDFzREm/im	im__80729c461f46.class	10062	26763292fcaac80a800e9814c8d0f640ddab028b	nursultan.jar
KDFzREm/iN	iN__25435f56454d.class	221	53e7924ba9a6099e266f0bcda5446051e54b8a60	nursultan.jar
KDFzREm/in	in__2e2d78470167.class	10282	1fd04204a1268692ec870cb3d45b3092e6c56f72	nursultan.jar
KDFzREm/io	io__e41e5fc7c252.class	6750	43019281417744b675ad091e5fc942b9ed58280f	nursultan.jar
KDFzREm/Io	Io.class	345	304c6871c38fb24e70c2f42b211dc45b5d6946dc	nursultan.jar
KDFzREm/iO	iO__abbedf64808b.class	6263	96a6164f3f7ccb8eccc7cb98f9baff0b8915f471	nursultan.jar
KDFzREm/iP	iP__a6961b4e2c3d.class	8752	a92e4f7ab3a5d6bc599d01e0f4a54618947818b3	nursultan.jar
KDFzREm/ip	ip__7d4be5da8538.class	7798	5c9d397d8b18eac9c04e1d68c66fa0c4b15d7a4c	nursultan.jar
KDFzREm/iq	iq__1fa54b16159e.class	11080	a8bda205cd34660815be461b3368a0b55431d828	nursultan.jar
KDFzREm/iQ	iQ__7fed081e68ba.class	11910	4a643b2ebeb5c73665599b70033aa58797c02dba	nursultan.jar
KDFzREm/Iq	Iq.class	388	195813c98b4bc45faef9eb5a5de589dffbb89949	nursultan.jar
KDFzREm/IR	IR__13e59d033de5.class	142	ac1ec968f236dba6ca2fd8b54e185fa9be8c1925	nursultan.jar
KDFzREm/ir	ir__21e343a06600.class	9940	240d599af66206e02f84ebfe496bfe70e04e2680	nursultan.jar
KDFzREm/iR	iR__6c9c0e54df13.class	6286	78d59fc158e98cea3815f96e9eb484187513b969	nursultan.jar
KDFzREm/iS	iS__6bfc641463b8.class	8568	cb215a09b8aeddb24b667158e24f865a9924bcb2	nursultan.jar
KDFzREm/is	is__eef28e6657e1.class	7328	7241bb786a3fe30428caf0c4f4ac1de437fddc09	nursultan.jar
KDFzREm/it	it__8c54a825c752.class	8421	0747436886fcadc9a26061d7536d2d18737c5ce7	nursultan.jar
KDFzREm/iT	iT__8e8cbb331bbd.class	9397	5a15956417558d99fb90e099ea281cc42098ea96	nursultan.jar
KDFzREm/iu	iu__248dfcdd3599.class	7818	db1169c2d2bc3d468738de92795dc5ce0009bb47	nursultan.jar
KDFzREm/iU	iU__9863e0417a94.class	8785	2c0a8f9737fc4cf12bf69ddf919075940d0de350	nursultan.jar
KDFzREm/IV	IV__8555778531c7.class	345	87726305c8f3678139b0cb328ffce58b53f2fe85	nursultan.jar
KDFzREm/iv	iv__4359cf81af11.class	8875	590c0ef89da8903e66876ac617d33a0b44210d5b	nursultan.jar
KDFzREm/iV	iV__20f2890c1ff6.class	9344	ad1e65f7dde5d38b527d879db575157b8c6c3d32	nursultan.jar
KDFzREm/iW	iW__aa7471f22b06.class	7652	f490c33500a6aea8e27a48d14fcabc768517ce44	nursultan.jar
KDFzREm/iw	iw__3bb628e66bc3.class	8853	ff4b69344fb7ef7dac86d5921363768bd966ea00	nursultan.jar
KDFzREm/ix	ix__4dc2e74ddac3.class	8386	314c5eac1ecc12fd45adfd58c25fe77b727cd0cc	nursultan.jar
KDFzREm/iX	iX__2e6f61edd7fd.class	9934	5ad672db02d650d47436ed6a6f865188d24f268b	nursultan.jar
KDFzREm/iy	iy__553155755ea7.class	7293	f69dad2524fa628fa59e0c940f3ff4f585bdb2dd	nursultan.jar
KDFzREm/iY	iY__c713ce7e587e.class	10825	52055caa160d5fba04e605abdf0cf88b4a4878eb	nursultan.jar
KDFzREm/iZ	iZ__de4f0e26e222.class	9264	b6309bda1692aa0a8a37273d9c89474ba2f58241	nursultan.jar
KDFzREm/iz	iz__9c42e3a940da.class	8343	a9b136c172bfb9776ac60b3b5f71260e36b57a30	nursultan.jar
KDFzREm/j	j.class	19348	c3ec1c487b7b9e8b36f213f24c52cd95ee7b1958	nursultan.jar
KDFzREm/J	J__86c7377dfd3f.class	8655	469c8b61b3feab1088bb350f9dea7ff480a19e56	nursultan.jar
KDFzREm/ja	ja__e21dbf2237b9.class	6627	f46174bd5d0e889544f48cac74261adedd96c65c	nursultan.jar
KDFzREm/jA	jA.class	25660	fe808051f2f3169aae5ca433ee1a57d121b21e9c	nursultan.jar
KDFzREm/jB	jB__75bcc21ffa83.class	9617	fe5119e70b6b1d9786b903ef502b3d4feb3af815	nursultan.jar
KDFzREm/jb	jb__dd3eb1fd0194.class	8861	daae664842ffbe22181a067e8d14ada402f08a92	nursultan.jar
KDFzREm/jC	jC__f0b2a750c5e5.class	17829	02b96a0d4c3b464c879249b32991d1c4bb9713ef	nursultan.jar
KDFzREm/jc	jc__d8459851c5d0.class	13726	c13ddcc46ea55cb9b1965eeccac525f740307ded	nursultan.jar
KDFzREm/Jc	Jc__d3ce69a8deea.class	142	58f46b963cd8395597e9de041230f35183f1cea0	nursultan.jar
KDFzREm/jD	jD__e37f5e8ea014.class	21175	30967219ac78363361351cc76ab1f4a00f5b8d0f	nursultan.jar
KDFzREm/jd	jd__d04dcb6b76a3.class	16098	e84b176aaa24f5a291914bd0f2af8534427b8e49	nursultan.jar
KDFzREm/jE	jE__bb01aea2a416.class	16649	1da4d3b3ad61b2b382c58333c7363476c6ee1a2f	nursultan.jar
KDFzREm/je	je__057efb36a6e1.class	7124	d61ab7090b3e8167cf4efb8a053a82c594d8c841	nursultan.jar
KDFzREm/jF	jF.class	28940	b05ba7f4bf006c988e80aa2e702aa362085cd549	nursultan.jar
KDFzREm/jf	jf__c968c7e797e1.class	11255	20663b32b98b3a6b24c6aa67d8497059da583b75	nursultan.jar
KDFzREm/jg	jg__b24ccb448b5d.class	10149	0b2b50b06cd90d743e221bbc73c2f1c8f67ff51f	nursultan.jar
KDFzREm/jG	jG__7cd0bd7a5fd5.class	19924	87d2c3d97fbef44f6abf11afee0c02a4a3b686e1	nursultan.jar
KDFzREm/jh	jh__4ec977b9471c.class	8232	a72b55769115c621d42706877027d24a5ad33793	nursultan.jar
KDFzREm/jH	jH__3282765710ec.class	10982	ba1be8003fcc29df72692c3524def001cc8fade2	nursultan.jar
KDFzREm/jI	jI__c0124b8306a2.class	12600	b74d5c2c6b7370eab43a0f18b89396f933c2a7d1	nursultan.jar
KDFzREm/ji	ji__3a7b44e0d5c5.class	29574	eab38d964688243ecea5adcaaab612a8fa44c997	nursultan.jar
KDFzREm/jj	jj__ba3acc2be2c5.class	7712	15294c471fe8a11fa62640a440e2ea85ae83ebf2	nursultan.jar
KDFzREm/jJ	jJ__2f7a1417319c.class	13165	e4ad81a2ea86d49402b358c9e23e88decfd49c13	nursultan.jar
KDFzREm/jk	jk__60c710bb43bf.class	26993	34c8b06cef490178bcaf61d23a31556a61d98330	nursultan.jar
KDFzREm/jK	jK__05b9f4589bcd.class	6153	c9938be660dd30401589bdcbf0fad8fbe0403a89	nursultan.jar
KDFzREm/jl	jl__a7ff49d19b64.class	8746	2e2448f21d7803fbfa9c085079db61df76e46eaf	nursultan.jar
KDFzREm/jL	jL__f7dbabd9c482.class	7032	df0f13eaa2d5cdb9dbbaba1e593edaeb96723c11	nursultan.jar
KDFzREm/jm	jm__ca795efdab53.class	9317	835d6be53c98dcf9d09ddfacf45369ddb1aa3353	nursultan.jar
KDFzREm/jM	jM__69380f7c6b0b.class	184	9a8eef1bc939558dbfcdc68745f46fca279c70b1	nursultan.jar
KDFzREm/jN	jN__f7941cdbbd8c.class	6942	bd8c16155ab662cfe0d14f1053375ea56904997b	nursultan.jar
KDFzREm/jn	jn__6876666b653b.class	7661	09dc3333c422e6ae6ce4227b1b7c999797760917	nursultan.jar
KDFzREm/jo	jo__af4427f7db15.class	15475	9f966f9ec0eab4e44a1ea52c8e86be16fc5c593e	nursultan.jar
KDFzREm/jO	jO__b607ca554286.class	9411	f871349e39cbbc2ba31ba54a69eb3eb1f6eecfe7	nursultan.jar
KDFzREm/Jp	Jp.class	288	65131b8d3978c31cd153d8da42aac348acc41ddf	nursultan.jar
KDFzREm/jP	jP__e11c8ef29e77.class	7128	04022193da0bdc727ea867d05d47946aaff94ccb	nursultan.jar
KDFzREm/jp	jp__a054530b070e.class	12460	6e333a9edb4078aa96743bb790556245cab7875b	nursultan.jar
KDFzREm/jq	jq__9e415bab2426.class	6158	654feaefe98e380cc8520d1a3677d8fd3dfab8e9	nursultan.jar
KDFzREm/jQ	jQ__a6d9fa7228d9.class	17192	63f00599760c9f91481ce5d37064de683af81e1c	nursultan.jar
KDFzREm/jr	jr__ca1d3ecebf1a.class	9742	2bb760ee2972f7b2b5d041bea02048d3b40c88de	nursultan.jar
KDFzREm/jR	jR__562e78532cf9.class	8459	126acaebef00121796292b6384d998555412619e	nursultan.jar
KDFzREm/jS	jS__0c9b6d777a32.class	15662	30ad630a111d2bee259cb31af2ce7e17e76b0f88	nursultan.jar
KDFzREm/js	js__2237dccfa8f5.class	39477	6f0631e3880344fd824d76edcbbbea5041eadd1f	nursultan.jar
KDFzREm/jt	jt__36e7cd3ec5d2.class	9699	e421cad19a2337e92fac1e80b09e6d9d1c8b84ff	nursultan.jar
KDFzREm/jT	jT__cf4cd959fce7.class	1428	d51551dbda91248a2f62977c5fa0c024a7aad8de	nursultan.jar
KDFzREm/jU	jU__3df0bf5bda8a.class	20416	c112e431acc02250d98ee41280b985e6f27ac564	nursultan.jar
KDFzREm/ju	ju__1b9fc2bbcf3b.class	5937	7c82f4d4c6c68f191ba19b598caf0385a651d992	nursultan.jar
KDFzREm/Jv	Jv.class	142	1b9e939aa5575a23f83092778115e32949900d33	nursultan.jar
KDFzREm/jV	jV__7d5099176372.class	19386	70f03540324dccc04f92fa50b3db39068d3ef0a7	nursultan.jar
KDFzREm/jv	jv__9f3c0a8052a3.class	8615	e53a5e58ca19d64b37c7974ee1a0927ed5fa3264	nursultan.jar
KDFzREm/jW	jW__1bd093da5e83.class	28400	4fdba521440797463f8b4119c0c4aae564956ddc	nursultan.jar
KDFzREm/jw	jw__11f3236261e9.class	33030	acea7cd6514da05fd02242b71b43f12b61b924cf	nursultan.jar
KDFzREm/jx	jx__144b3a5d4d36.class	13597	1d458ffc0f4a6f6546672589cb23cc3fc0855fd2	nursultan.jar
KDFzREm/jX	jX__3f3371cf79e9.class	19774	f500a6e979be71f16fbb3fc5fe5adff3c6bad57a	nursultan.jar
KDFzREm/jY	jY__1c3f3cf9e5bd.class	14985	43f8b286be48981901115de08398f238c7c29993	nursultan.jar
KDFzREm/jy	jy__361c0e0e8a5e.class	8023	5b6c936dd685f67f67857a7fc64faa2b8a2766af	nursultan.jar
KDFzREm/jZ	jZ__18c3fea92594.class	18614	62b0c4c9e99c31bfe3a4bd257d2001a7010ff349	nursultan.jar
KDFzREm/jz	jz__6b45b5525f72.class	15479	4845cf720164e4eb662b7d88aa25144c531cf9e4	nursultan.jar
KDFzREm/k	k.class	32855	8caad2fce9e6fe7d7065e2b14b57e1af7f019e12	nursultan.jar
KDFzREm/K	K__653bde18dd88.class	407	0281b566e9c0cb162961c1e5fed8295ff5b0f2c2	nursultan.jar
KDFzREm/kb	kb.class	17345	0aaf33de3edb5a1ff23866c7b8be556942f15ec1	nursultan.jar
KDFzREm/kB	kB__3f11a0b6eb9c.class	20601	aa9af3db1526a40737ae0b8e593dda1e505e12e5	nursultan.jar
KDFzREm/Kd	Kd__aa5e7f7efc4f.class	142	b8de24fd0f483cb8333df5d7bcc6138155220b52	nursultan.jar
KDFzREm/kd	kd__122da3fddf37.class	11028	744f5785ef15d7a9abd0af7b697453bbfbca14f7	nursultan.jar
KDFzREm/KD	KD__553dcc8d3d5d.class	142	eec52acd937011669c9592f29edc297bdf0782fa	nursultan.jar
KDFzREm/kE	kE.class	15932	a4df7378fe2ff3c771e884f53c74fb6be57e3a1c	nursultan.jar
KDFzREm/kG	kG.class	13405	8a523ed44b2d3bfca5661e278f29ed013a61caaa	nursultan.jar
KDFzREm/ki	ki__3f30213ed8fc.class	10359	488b69bc8eefcc68dc8e34b8e115fb7ca5e5bb02	nursultan.jar
KDFzREm/kj	kj__4c6e2686fb0b.class	237	b6a679c7b67c85ca1de9008728766003a5cd9427	nursultan.jar
KDFzREm/kk	kk__e1eeaa202134.class	31063	c5e22e3bd181cbf0b9bcb11d25da5d8b4020e8e6	nursultan.jar
KDFzREm/kl	kl__e2ea6fa7642f.class	7108	549a3e8c0e15392b4e6bd2a1f818d2ce13ffba55	nursultan.jar
KDFzREm/kL	kL__24f7d27edc57.class	11745	265f4a17c50fe61606e89078ad0bcf313dac91d3	nursultan.jar
KDFzREm/kM	kM__68256ef519ac.class	10546	fc40d3977ca22f9c6daad13f3ce4c3ce87c91e36	nursultan.jar
KDFzREm/km	km__caa466cad95e.class	7635	9466fec709ec91e03744a9c0a5f284f915503e66	nursultan.jar
KDFzREm/Km	Km__a0818573d69b.class	142	6508e98a9605f50a1f49653cba0097c98fe7378e	nursultan.jar
KDFzREm/kN	kN__3b674d682837.class	160	f76ea0e2fc6b7c096e9718a77f70ca368904944c	nursultan.jar
KDFzREm/kn	kn__3b09d95ffe53.class	8127	b6124da53ced7c97cf09e6be4eb275de0286d83a	nursultan.jar
KDFzREm/kP	kP__e976b85df816.class	10027	8e1e3cf73734de2d2f54130d7bef14548d40d24f	nursultan.jar
KDFzREm/kQ	kQ__2b501a5c3e48.class	21340	cce30e657722e5d09029fb157a9d7d4c577389cb	nursultan.jar
KDFzREm/kR	kR.class	11695	7031c2acbdabcd4157f3f7ff16701f31508fcb8f	nursultan.jar
KDFzREm/ks	ks__95d274fe9481.class	18086	79c042f5033d85cc101cf931769ee60785d38697	nursultan.jar
KDFzREm/kt	kt__c3bc4d082e55.class	10980	d2d36311cba0cd4f392aa19969d5625e8e2508a5	nursultan.jar
KDFzREm/kT	kT__87f0912717c3.class	8099	328b6fff73a084ab4955f177efd89ede47d5210b	nursultan.jar
KDFzREm/kU	kU__fd4f50b6975f.class	6490	9f190f1f7de18cb49603433e3a13c09852963790	nursultan.jar
KDFzREm/ku	ku__dc64f40d8ad8.class	10490	bbb58efb40f16a1c6068501289b85264b263c6ce	nursultan.jar
KDFzREm/kv	kv__fa3241b10f17.class	12926	e07061d46f146ca932bc8d01cc4f67d03382a00c	nursultan.jar
KDFzREm/kw	kw__4c13aa55862d.class	13960	e909ec97d37920ff4138ef1ab7aa22aa2c1dbb76	nursultan.jar
KDFzREm/KW	KW__b4c4113974d6.class	142	0201365390326a40aa044e309790832dfa88ed97	nursultan.jar
KDFzREm/kW	kW.class	8082	661757f55c62af17e2d7935278e22143716215b8	nursultan.jar
KDFzREm/kY	kY__9adfac541614.class	14195	f952257e7ac21637ce79be930bd0a050c9257808	nursultan.jar
KDFzREm/ky	ky__ba19191b9ff4.class	9497	0cc33e87ff495e6283debe44daf18639657ffd56	nursultan.jar
KDFzREm/kz	kz__3ee5cf85f3f8.class	303	24d0af6c6fb67985f7dd8814a2c4d81395599ee2	nursultan.jar
KDFzREm/kZ	kZ__e827170ccaf7.class	7464	7b80a629b2aba6952d9f7466f3371d5e7c92a07a	nursultan.jar
KDFzREm/l	l__133b7e4d473f.class	7565	ff3247b2779bc86fca632263d1800c5f49e7a3c5	nursultan.jar
KDFzREm/L	L.class	11870	63dd9d6666cdba2393250036e598279726931303	nursultan.jar
KDFzREm/lA	lA__10f56b60da9b.class	11285	7f2eec8021f7c63687a6ab6b13dd999affedd282	nursultan.jar
KDFzREm/LA	LA__4d6167a8cca6.class	13161	d6b59df3847fcd6fb6ada243fde4860e821e694b	nursultan.jar
KDFzREm/La	La.class	14090	9aa68ece310593db5c3eac52e7515087553047d1	nursultan.jar
KDFzREm/la	la__3f13f678a2e8.class	17230	51464103a3356d6f0fd202b114600c8545d0177a	nursultan.jar
KDFzREm/lb	lb__d67b5440c5b4.class	10560	607e061d46c03b3f502e8f4207a15e7f76a5310a	nursultan.jar
KDFzREm/lB	lB__75a4ca871cbc.class	10986	3130bf4379cc1eca17264df452cc5f86338eeb5c	nursultan.jar
KDFzREm/Lb	Lb__ab791c68a71d.class	10409	2379f1a3c5da2bfa3860a5fdbbc01eedfe6be3c5	nursultan.jar
KDFzREm/LB	LB.class	238	3d9a6fa31cc368e7ba4643b4b77978ea760f4d42	nursultan.jar
KDFzREm/lC	lC__bdd2ccfdeee3.class	17060	501455271486fe99ec4616f6e86443010267d611	nursultan.jar
KDFzREm/LC	LC__975be78f0e24.class	8799	5ece6c0a4c9b9b63b2e357cf971f565f5d47cab0	nursultan.jar
KDFzREm/Lc	Lc.class	248	64646cf7b83f1fd33759697b53feb33afcf781de	nursultan.jar
KDFzREm/lc	lc__1305bdbbe2df.class	18033	2b9e5a00f2c9100f3d0aad3cbdacac9055de5243	nursultan.jar
KDFzREm/ld	ld__7e683239b7ad.class	18060	fab12f9d2f8d2b1cf85897777375d471fe8cf9f2	nursultan.jar
KDFzREm/lD	lD__769298ad0aa8.class	11110	9160320f86890b9cef86e35ffa4545653b8e77b2	nursultan.jar
KDFzREm/LD	LD__e7e83fdf0771.class	10461	34c4af22d66a438878e053ba31ebaae9730c56aa	nursultan.jar
KDFzREm/Ld	Ld.class	8510	702790c7bd34e215bc0b4934194bb39e43708ca9	nursultan.jar
KDFzREm/le	le__56df77e3157f.class	9900	ebd86c61df79e2524f99b3db56e00d6cddf80984	nursultan.jar
KDFzREm/Le	Le__5915d33caa17.class	9685	eb752bb33122a318ae60d9a9fbe1fdfcd44ac815	nursultan.jar
KDFzREm/LE	LE.class	8765	3708529b3b9b56030c15bb41235e031672664aa4	nursultan.jar
KDFzREm/lE	lE__6184ad5ab547.class	6955	74c5e2978e7b0db9d08449b54b8bec037c0bd30d	nursultan.jar
KDFzREm/lF	lF__c7b84709f957.class	15073	abe3f1cc953578e9173b7d138b68f8fd69d50598	nursultan.jar
KDFzREm/LF	LF__5e3a426f93ca.class	13276	7a3a3dc55bdcb6877e8aa93bce3cc88d64ddbec3	nursultan.jar
KDFzREm/Lf	Lf__e4b1a589b6ce.class	230	c6320f8bdecc073914a2f68aacaf64c994d024a7	nursultan.jar
KDFzREm/lf	lf.class	27468	ccad682d40caa76995ff3a6860083490ed6dbd1a	nursultan.jar
KDFzREm/lg	lg__ccb83107aaf0.class	218	5eef448cfc94d75039f94d26576bed5bbd8369a1	nursultan.jar
KDFzREm/lG	lG__a3e3f8aadad6.class	14489	fef9b2a0e1a9838953a15ed552de46ee99ed3859	nursultan.jar
KDFzREm/LG	LG.class	7736	b95853f904f79d0d39d3eeac9a5f2d878b9c4c0e	nursultan.jar
KDFzREm/Lg	Lg__895975a204c0.class	12888	528616548e141dd88b436265e13d1e6e6f58f615	nursultan.jar
KDFzREm/LH	LH.class	7929	87b943a8bcd45490da30e12e6433bea82aba39d7	nursultan.jar
KDFzREm/lh	lh__deed7d7d01a5.class	12840	d039018d422d3392ef1fb6bfd25989bfacc5795d	nursultan.jar
KDFzREm/Lh	Lh__94a0b4bff959.class	8081	301977554497be7babddf298d6ce6b53a61fecdd	nursultan.jar
KDFzREm/lH	lH__90f985734c88.class	16594	2c0da0539aa75032fc53ea1bd57bde35acbeb270	nursultan.jar
KDFzREm/LI	LI__f79bc548189b.class	12929	6b91411159fd2c5e665cd79bf871cf14c966e856	nursultan.jar
KDFzREm/Li	Li.class	226	bd07400e50819546ec1b94dcd98a48dbf32e0a11	nursultan.jar
KDFzREm/li	li__35fc5b5d2422.class	12791	2221491569c2196d9f7b60c8856abe6a00d99808	nursultan.jar
KDFzREm/lI	lI__484a93df3ee2.class	151	4e64ef98c48b71837b9ae135fbbb2502e541536c	nursultan.jar
KDFzREm/lJ	lJ__b6df5df978d0.class	9928	999da7245f8596dc9a06c4f33faba16241b8ce01	nursultan.jar
KDFzREm/Lj	Lj.class	12685	66635364f2b2471429aa0d9c7fbf41b368a1093f	nursultan.jar
KDFzREm/LJ	LJ__d4cfd6101bde.class	194	e6c97008bf75fcd0751710039951f5c119c4f41b	nursultan.jar
KDFzREm/lj	lj__c3b5faae66e5.class	15487	c30646faf8533cf9b5d1a97a1f6caa2021d4e6ae	nursultan.jar
KDFzREm/lK	lK__01d66dd0af49.class	9490	c533bb472e41186544ab97b94212dbfd5796f147	nursultan.jar
KDFzREm/Lk	Lk.class	8071	fc9a24baea37b090e33c5ea5510bf30d48d2bbc6	nursultan.jar
KDFzREm/LK	LK__cb26731c311b.class	10116	a078d7820ab640b8a0d7ee91a5d6aee2a03dd57a	nursultan.jar
KDFzREm/lk	lk__899a760ec0b5.class	10438	2ce02b8adf230ab1802234c41781954d253f41ff	nursultan.jar
KDFzREm/LL	LL.class	6598	6c53adef0acefa5095236325c20657e95c01669a	nursultan.jar
KDFzREm/ll	ll__a00ec8bea0bd.class	12513	26db379c5080024215397b3f9127c51b459cfc86	nursultan.jar
KDFzREm/lL	lL__f67d91bd451a.class	18498	052a0f0580d579f3b2727628b75d293201cd4248	nursultan.jar
KDFzREm/Ll	Ll__691841dc404b.class	5741	3039d397a43ace62ffc346edf431e31ca5e1cf63	nursultan.jar
KDFzREm/Lm	Lm__20b903383c5c.class	7869	315f11924bfd705361193190e91f8bd0b41187d7	nursultan.jar
KDFzREm/LM	LM.class	654	09bd61c7531cc30b2ad85645b4a4771fbe1a6f8e	nursultan.jar
KDFzREm/lM	lM__321b74b98877.class	7238	81d3bbc1d193b5d3d724f8fd80b3770f0f7a0133	nursultan.jar
KDFzREm/lm	lm__d20420d9d0ea.class	12866	d10b4f1ee1cb7f5e6a2ccd0465e09430ca4da63d	nursultan.jar
KDFzREm/lN	lN__50be8f4c662c.class	1291	862df2902fccea4a18ed5a15265ab7dbe4cfdaef	nursultan.jar
KDFzREm/LN	LN.class	8696	feb289d3874d306a7452e44876251a5af1b60c1a	nursultan.jar
KDFzREm/ln	ln__2c1d00485df9.class	9972	a81133b233cb5c732fffa2721ffc25e053519744	nursultan.jar
KDFzREm/Ln	Ln__480bc5cf3920.class	9605	2afe8f0867813c8402644d22bc07d82eeb68cd60	nursultan.jar
KDFzREm/Lo	Lo__bfb2db82394f.class	9022	fdecc705a15d4956f954e14725e9ffdd390d10b6	nursultan.jar
KDFzREm/lO	lO__6317475df92d.class	10316	b7f98c89d3bed8d0c8cfe07c84a40630ca6f45c4	nursultan.jar
KDFzREm/LO	LO.class	7946	dbdbd534e71ffc2c658312eb8fbfac44f698196e	nursultan.jar
KDFzREm/lo	lo__25e8e32e5ded.class	15355	3a8190080697c679d7258f8e803cb1b9c5024abb	nursultan.jar
KDFzREm/LP	LP.class	8931	cb77ae4089f9e337d8f115d35dbbba9441a415f4	nursultan.jar
KDFzREm/lp	lp__e43edb9ff546.class	10407	f86668a176345793b1b464e99877aa115f3ec6d1	nursultan.jar
KDFzREm/Lp	Lp__14ee2da91acb.class	7843	a063e54370b68b776ca98ae9ba34fad1db316efd	nursultan.jar
KDFzREm/lP	lP__df1a7eddcb59.class	10552	efafbaf5f4f8c107603f0cf8c29dbf93db58420b	nursultan.jar
KDFzREm/Lq	Lq__e26108524348.class	6580	21c861c0fb1445e82fc03e43fee4892a8cc393ca	nursultan.jar
KDFzREm/LQ	LQ.class	8357	6b65fc84876e7bec3ff755b3f2045655af71cb29	nursultan.jar
KDFzREm/lQ	lQ__7bd554bda22c.class	14124	5d0236bfcc479e8867b7c7f65fbfe0188c5f164c	nursultan.jar
KDFzREm/lq	lq__1c6c44cbdd5f.class	20854	e9927a58b88daf12364de70536f477d592d4f8c1	nursultan.jar
KDFzREm/lr	lr__61b19701453b.class	139	e3b0951eab693e2f13eed35fb12fbaad48e32c6b	nursultan.jar
KDFzREm/LR	LR.class	264	410c75a3c9aa8d9ce6feca76d237c691dfd4733c	nursultan.jar
KDFzREm/Lr	Lr__b2fe5d97832f.class	7857	f05353bc4eb41b2fb1dc5fd83b2b3dc7dfc322c5	nursultan.jar
KDFzREm/lR	lR__ed3dc2df5db1.class	10381	809b67812b7e72ed19bc1d6f906ee051adb5cb4b	nursultan.jar
KDFzREm/Ls	Ls.class	8658	a8381cf9b82a41e6b43b4d4659eaac0b09493018	nursultan.jar
KDFzREm/ls	ls__b15b3093c301.class	7902	1e6569b553fade54043fc2c836e38b018ef37013	nursultan.jar
KDFzREm/lS	lS__d234d1b941ca.class	13094	90500190e566adf7563679076ff54378b4ad009b	nursultan.jar
KDFzREm/LS	LS__18908337c325.class	6776	64a802ef1db92d063c14344ea721da6caf88d7db	nursultan.jar
KDFzREm/lt	lt__57df64a23033.class	10897	73791db51c24daee5de26835f0082b48615b6af9	nursultan.jar
KDFzREm/LT	LT.class	12056	5616c288b70a3ecb45a3c00ea47ffb411f641bde	nursultan.jar
KDFzREm/lT	lT__6bbb44af4b8b.class	6708	4344fcbba9df6b27fe8a7e21bcd5eb9a9e4bf4e2	nursultan.jar
KDFzREm/Lt	Lt__3ef6a7c74fe8.class	9114	b2203e309ab0fb008a9c59001bb1c31878485018	nursultan.jar
KDFzREm/LU	LU__bdcf820c19e4.class	9987	0478a7d0aac04aca819faa569dd0d04f7b68f203	nursultan.jar
KDFzREm/lu	lu.class	35190	9af541c1addc88a53ba86c31d80b93ae68c9db35	nursultan.jar
KDFzREm/Lu	Lu__966f209c0078.class	146	df7e0d7baec91b941e2db96b0424d8631980c68d	nursultan.jar
KDFzREm/lU	lU__1fdd8e0821de.class	9435	e45e09fd39bea8ce0d6dd38c5abebe942a889abd	nursultan.jar
KDFzREm/Lv	Lv.class	10576	5cd1d42e0d0c274b8e82631664466ff9d82b1a79	nursultan.jar
KDFzREm/LV	LV__dbc10692bdea.class	10597	b7765853fb38e53bf1ccf3e26a9a7e4488711d39	nursultan.jar
KDFzREm/lv	lv__6241cdcf8d9e.class	13157	d575ea04e256481a9492c461b7be5801b7476ff6	nursultan.jar
KDFzREm/lV	lV__9312172471c4.class	8337	e02957505e7675c3e739d84a71fb829670b31e47	nursultan.jar
KDFzREm/lw	lw__ce07ce7a19bc.class	17231	aaf28224232e780277dbb636407a3b8768f02e35	nursultan.jar
KDFzREm/LW	LW.class	9076	71d4d482ee592fa7fe0e8252be4482728e14b756	nursultan.jar
KDFzREm/lW	lW__9b8843c26f38.class	8250	fa9087e458b7cb02fe4cfbab25ea0b3dbf17237f	nursultan.jar
KDFzREm/Lw	Lw__fd59cb805079.class	8283	3daaa1b5f47d27a055cf720bcb383ed26f16a9b7	nursultan.jar
KDFzREm/Lx	Lx__e0e3d86d3ad5.class	7758	f55890c5edb593bf09062d3094e357d280aaaa38	nursultan.jar
KDFzREm/lx	lx__6562d46811c8.class	14418	c7a077fc7795df72b2ae2509360d1c42a36c45f8	nursultan.jar
KDFzREm/LX	LX.class	12351	3306113ad7cc29959b3f0c694791e7809557f98d	nursultan.jar
KDFzREm/lX	lX__8d6e314c5907.class	12691	d8d696041e108aa1a049767fd5ae2422eba308dd	nursultan.jar
KDFzREm/ly	ly__87e4081fbfea.class	10013	2afd30fdd75f342191deade2420e58bccbde0f65	nursultan.jar
KDFzREm/LY	LY__bb1ac46a8507.class	8753	0170c700aaa9d57aa8433d450937aa74f56cd03d	nursultan.jar
KDFzREm/Ly	Ly__3675b8b5fbc3.class	905	4072705fd32c7940d8baa072306de5fd21821729	nursultan.jar
KDFzREm/lY	lY.class	11671	96c4486c28ce2a5157522a7f57cea9c5dde6f960	nursultan.jar
KDFzREm/lz	lz__a8f5f2cbda1c.class	11864	a6afa06a7c76b1eaa0ab4d1883b19c58c8edf4c9	nursultan.jar
KDFzREm/lZ	lZ__6cf1d88b9a23.class	8833	e39def65e829c810cafa76ac1c342b8893a1cf0c	nursultan.jar
KDFzREm/LZ	LZ.class	680	c97deac1ee6ebbd19e457bb2591be0d357c84316	nursultan.jar
KDFzREm/Lz	Lz__31e494ce5790.class	7760	14d82bc58470244041d9d189a847a1bf66304132	nursultan.jar
KDFzREm/m	m__662fc377c0b7.class	9251	d886426999af24b2e36e7f498a9c51a495cdfde3	nursultan.jar
KDFzREm/M	M.class	27245	46c2aa0c114f3b854d70f901ab16974ea6230949	nursultan.jar
KDFzREm/Ma	Ma.class	8472	f80e1b13e7e2778a042c1a5c689dad325973e206	nursultan.jar
KDFzREm/mA	mA__018311165944.class	11760	ab11c11c0f6c25aef40697774d284f2e8a95334c	nursultan.jar
KDFzREm/ma	ma__4fe8701ac5c5.class	10668	8b321d641242ed4c687a24273361ed1f29d92766	nursultan.jar
KDFzREm/MA	MA__65420898a4ae.class	9326	937e6df84060391d9e37ce6d032c13d4c2799ad5	nursultan.jar
KDFzREm/Mb	Mb__d53577638ad1.class	8936	dba007b131e430ede8a0ff8d4c5620961d6d1988	nursultan.jar
KDFzREm/mb	mb__712aed15a3e9.class	7395	904bf22785c9a22fbeafe337e9defd17e0498d78	nursultan.jar
KDFzREm/MB	MB.class	7687	2d7d1542c321a26021bb3d4395618282237b79cf	nursultan.jar
KDFzREm/mB	mB__6a56c1fc064b.class	92	f339dbdf391cf69ebaec98a4583afc3fb951b955	nursultan.jar
KDFzREm/Mc	Mc.class	7151	c4738678abc7a483e704beee3ccf9fd76eca3eda	nursultan.jar
KDFzREm/MC	MC__d1afe8cde6e3.class	8985	93e42b6158362d5f690131aafe6101d12948ee69	nursultan.jar
KDFzREm/mC	mC__8c47eb2bba61.class	7564	ff6158f2f0241026516f555e2f64a54152c9e77e	nursultan.jar
KDFzREm/mc	mc__ebfa1a6cf0c4.class	44016	3877dfd17dbb123715ef0f8e5e33bda0574931db	nursultan.jar
KDFzREm/Md	Md.class	8124	9b83b3f78b25b059a6c3fc6cd1ca5e374d496294	nursultan.jar
KDFzREm/md	md__6063bb2c0af8.class	15809	633fc7be766da70d0e36e35895701c6d2b716b8f	nursultan.jar
KDFzREm/MD	MD__a24724df914c.class	8916	69d141d5440c3d39aa69ac9280175d712f45f420	nursultan.jar
KDFzREm/mD	mD__60754d575e0c.class	14006	230954095e728fb94331af6bbb0bed8c33660959	nursultan.jar
KDFzREm/Me	Me__2c0870b93bf3.class	9322	12bbab17f455601df631bf7214878b0416a77acb	nursultan.jar
KDFzREm/ME	ME.class	8090	4e37b74bda70949700c6f27947921edc0301c33e	nursultan.jar
KDFzREm/me	me__2b8a2df5ef70.class	8773	d40f0438dcda61a3a7754b710f6e6e4ceb795fdd	nursultan.jar
KDFzREm/mE	mE__d9d412e24c1f.class	16273	6de697eeab6a95131953596be4399d14aab95714	nursultan.jar
KDFzREm/MF	MF.class	12334	ab90567665d0e346c6cd3695a9383e29594295de	nursultan.jar
KDFzREm/Mf	Mf__f59a5fbaa1df.class	12097	37812881fbe3aaf4c2b10d0bdcae5038c7f9b9b4	nursultan.jar
KDFzREm/mf	mf__10065718bf20.class	22590	c44d566d9d1af7d143a114adb85f3f6e70d8efe8	nursultan.jar
KDFzREm/mF	mF__4f1b7235441d.class	6989	ca33a301b8c8e816f23819a8fa8d10d0d0648d50	nursultan.jar
KDFzREm/MG	MG.class	10827	5e2216bca224b6ecf0e6e860774da0bce0e13b9f	nursultan.jar
KDFzREm/Mg	Mg__6d4af51c6d3a.class	11921	fe41500c1b2fec904f8de310cbd2e6acab12bcf5	nursultan.jar
KDFzREm/mG	mG__04f123658ae1.class	11605	de368855bf2772888b374dab0a6e27b6b03997ba	nursultan.jar
KDFzREm/mg	mg__016bab64ac16.class	6394	34e50f1d1d1fd9956c0f8c676309b8a8cc1dcce5	nursultan.jar
KDFzREm/mh	mh__afb34c4cef94.class	8317	66b380841242eb4a0f5a058c3862d5241c49d264	nursultan.jar
KDFzREm/mH	mH__b2179d05fd7e.class	6915	2b3e78295eed890bc022eb1195a48774feb4b19f	nursultan.jar
KDFzREm/Mh	Mh__b6fee313459d.class	342	462d7c4f051a3f3bff9f180fd3b9c507444c558e	nursultan.jar
KDFzREm/MH	MH.class	8569	c6aa7aed5f2fe2ca9f47cde2de60009153036adf	nursultan.jar
KDFzREm/Mi	Mi__0ffc265ef6b3.class	7515	33ee261fb0412d82d26633b515d234fcc12a0874	nursultan.jar
KDFzREm/mI	mI__37fddf828a56.class	7995	59f1eeb9df4649047161ccf1dc91c462553a9afa	nursultan.jar
KDFzREm/MI	MI__151a22834354.class	10502	78431f1393b25fdfc7eb2a276b2c8a7429a3485a	nursultan.jar
KDFzREm/mi	mi.class	27527	8b09faa42b44d197050aa833733538db671a2295	nursultan.jar
KDFzREm/mj	mj__6ae5c417017f.class	194	9e3656bb4136e871365d25fa5b614fb720ce1478	nursultan.jar
KDFzREm/mJ	mJ__d18d55aa7f0b.class	8966	6ed005cb9d6feab83146dbb426e980c25318f295	nursultan.jar
KDFzREm/MJ	MJ__0c243f88fc71.class	14871	77e1dcbaa946b2760a7669e42a54ea873f375064	nursultan.jar
KDFzREm/Mj	Mj.class	9977	0e3cb02da1b3ebf08ca086915c7f4307184ba1e3	nursultan.jar
KDFzREm/MK	MK__a7f6de5c4645.class	10345	50763d1325ab0cfb67358663b7e0d58f5b217aa7	nursultan.jar
KDFzREm/mk	mk__92a96bb78eab.class	14456	c3c1eefaee1d07660aff02ac765d0e030720591b	nursultan.jar
KDFzREm/Mk	Mk.class	1142	2d472ea3b959a4cab2de04c04403ddeb7364f228	nursultan.jar
KDFzREm/mK	mK__5377b1f5cd10.class	6499	6aa459efe5f12c52e981d9213bdb05cb4447613e	nursultan.jar
KDFzREm/mL	mL__ce8efc64df09.class	16164	da63794f6419d0c4720f1af953e5e74b62cbb74a	nursultan.jar
KDFzREm/Ml	Ml__2c094add5c2e.class	1290	a62cac6da7b6eabda2ed17d48d989531d284c29e	nursultan.jar
KDFzREm/ml	ml__0fe9172f0633.class	9576	a75dafb24e349eec74a29e16cd14a34344436a83	nursultan.jar
KDFzREm/ML	ML.class	8451	33da97e1f870f7039f8d6440c476c72461b22d0b	nursultan.jar
KDFzREm/mm	mm__8cfdcc975f8a.class	115	d791a597a3d3474b93a796396c7c4a3b5c9d5429	nursultan.jar
KDFzREm/mM	mM__86530aefbd36.class	9205	9008040af9f8d2b5ce924bb5b53aeb1c3ccd589c	nursultan.jar
KDFzREm/MM	MM.class	12469	ec4519f9277f4176e7ea4b721744a46766bff314	nursultan.jar
KDFzREm/Mm	Mm__b5a55869a7ff.class	221	9ba4f83085b462804cfa2cc3fb103f6a15544841	nursultan.jar
KDFzREm/mn	mn__dda835ba2c8f.class	8127	1969c2c03fdc9793b933adf245c8d5da6fa0bb92	nursultan.jar
KDFzREm/MN	MN.class	9330	f0e270a34d94271eca5e293e783ef2bf6dccdadc	nursultan.jar
KDFzREm/mN	mN__6251433aa9d6.class	16319	702d0c46f55d208461cc896bd134fdea08f5c77d	nursultan.jar
KDFzREm/Mn	Mn__45dfc94625ad.class	7295	eaf3504aedc9920720b080ebd025feba892c991b	nursultan.jar
KDFzREm/Mo	Mo__a9249ad1427d.class	14162	7f7945c16d5ad7fd7e96d2f9f03e5de635a53e71	nursultan.jar
KDFzREm/mo	mo__c43d5a560372.class	6902	0bade5eb87eaaf4193033243b9be380d76f68fb0	nursultan.jar
KDFzREm/mO	mO__78428f80d1f6.class	23362	3902bd8cd1429354028ff5618e1082a60497f63f	nursultan.jar
KDFzREm/MO	MO.class	13582	84984e994ce21cf4e21e1647dfe2933713fb0a90	nursultan.jar
KDFzREm/MP	MP__ddeadc45a50e.class	8419	3c844099229d7498c556df0a48847658c29d5724	nursultan.jar
KDFzREm/mP	mP__7d3600faa164.class	6671	f64a61fdd6911a6cf663f3ee61ea5ef139e4f4e0	nursultan.jar
KDFzREm/mp	mp__c520112089bf.class	16464	6f58442d3afcd58922cf5a75a8271c3788c0cd13	nursultan.jar
KDFzREm/Mp	Mp.class	17730	319939282af6f0168bd95e71f470b7afa00b927c	nursultan.jar
KDFzREm/Mq	Mq__84cc5b17ebbd.class	7416	c7e9fcdc8d3a2f26eeba6e5d622bb0facc369aa1	nursultan.jar
KDFzREm/mQ	mQ__383ba19611c2.class	19472	7713de49ab23886b0d7446b224c62d8d1a7b055c	nursultan.jar
KDFzREm/MQ	MQ.class	6370	176e75342d8ad1ed7f2d7886c555ce81f22eec95	nursultan.jar
KDFzREm/mq	mq__feae3fc22ba7.class	14038	9cf61c129184eb3bee7356ef5b454eb025415ef3	nursultan.jar
KDFzREm/mR	mR__73fef9901ae0.class	10590	86c83669da68639a812425e1385ed7711dce1c09	nursultan.jar
KDFzREm/mr	mr__ac290487a60d.class	8685	373d86e0b0a60f0a590e893989fbd8b4f91af8a6	nursultan.jar
KDFzREm/Mr	Mr__2283dd0277f5.class	292	76a3c56925ba44b95e11e2289c1f457458d6a1f1	nursultan.jar
KDFzREm/MR	MR.class	9962	94b22a82b39a2186dcff459bb512f097544ea979	nursultan.jar
KDFzREm/MS	MS__a1d7f580f2ce.class	39279	7916516b60d19c2c6f2ffa2fd49209decdbb81b8	nursultan.jar
KDFzREm/ms	ms__c84cd96b3982.class	18371	ba7f5e30e339b10b51079c4d2c51951ecf3c98da	nursultan.jar
KDFzREm/Ms	Ms.class	6423	33d98a2100b7f0c33e17ada09b9e4f1162a5c43d	nursultan.jar
KDFzREm/mS	mS__1beb40d671b3.class	14099	b2f3a2370a3a180877d78ddb9b7f842e897f2ac9	nursultan.jar
KDFzREm/mt	mt__2babf07bfd26.class	11917	86ce676d03e7f2720dbbbe27f19ee28db7aa42fd	nursultan.jar
KDFzREm/mT	mT__fa1d54513ece.class	8730	1ca8c5ae88c756ba32fa48fa3997af5ce53242bf	nursultan.jar
KDFzREm/Mt	Mt__a06cc57751ac.class	9046	500ad9fed8c12e326eb7742f5625703ab75d3fbe	nursultan.jar
KDFzREm/MT	MT.class	6338	d0855864e5131d2f5c88a74a753629cbdce88f33	nursultan.jar
KDFzREm/mU	mU__3b6ab876121d.class	16126	c7a1650d21fcc328e688d60981b9eeaf4815edd9	nursultan.jar
KDFzREm/mu	mu__cd2f348b5ebb.class	7342	1970361fe3478609f0c59b0893575a7202d834c5	nursultan.jar
KDFzREm/Mu	Mu.class	695	5723440a3e462746b15a30389d76d5a76ad7ffc2	nursultan.jar
KDFzREm/MU	MU__061bd7b41f8e.class	11560	d568a1881b622dbd3e4c3937660a374fe3608820	nursultan.jar
KDFzREm/MV	MV__4d2772b8275e.class	8846	6acc8d880ed1f42ed9e85db846f4e65978dc877c	nursultan.jar
KDFzREm/mv	mv__ed692bafa34a.class	10176	bdae3d375e2dfdba2d391714b727bc842e027828	nursultan.jar
KDFzREm/mV	mV__debd0434d13e.class	7865	5b71613c01a8ace06e3db3038cbde780b4a9e90c	nursultan.jar
KDFzREm/Mv	Mv.class	9387	d3ec2765d05d8a3246d173f41618ed46debf583e	nursultan.jar
KDFzREm/mw	mw__1e1a4cb89c3f.class	7618	68e5d7496ea10ae52ec2d1f2a7c8e5aac29e6865	nursultan.jar
KDFzREm/Mw	Mw__5559245eccb9.class	13304	4ab93bc528331dd153285451129f4e2778dbac5b	nursultan.jar
KDFzREm/MW	MW.class	15740	a98e3f742e3a55a732e5b4de22850dcf143fbe82	nursultan.jar
KDFzREm/mW	mW__14eb8a381c4f.class	9305	56072a1fad87417c9df2ad3045897116fe7808b8	nursultan.jar
KDFzREm/MX	MX.class	11410	ddf80880fcaa41af3aac32af7388f6c43531b440	nursultan.jar
KDFzREm/mX	mX__5507b90137e7.class	8241	d4978fc87bd2f2afb36a4f44894b56ff1ce838e7	nursultan.jar
KDFzREm/mx	mx__1a49b28ef87c.class	6625	9eeea0891534cb71084d6f61de12d5c226c12b30	nursultan.jar
KDFzREm/Mx	Mx__6d49399c093b.class	22489	623c14a1d6091a92f0d840e36cb09b8a4240ed76	nursultan.jar
KDFzREm/MY	MY__e411ce773052.class	13239	ec8ff987f87ad401b8f52f0883504f59bf47414c	nursultan.jar
KDFzREm/My	My.class	8975	80ba012d6347c804eea4fc0c249f37ea7f6703dc	nursultan.jar
KDFzREm/my	my__92a8bfaf969a.class	15640	e6d28f0aec8b6370ded22e6fa4cfb3360531db13	nursultan.jar
KDFzREm/mY	mY__430ed807be5e.class	11536	757c29d933fe786ec799727b7294b8f7e39a836f	nursultan.jar
KDFzREm/MZ	MZ.class	11246	c4debd34ce14057f810a61ee2e8f7baacad44a10	nursultan.jar
KDFzREm/mZ	mZ__ab9e6f3d094b.class	32936	3763ae440335591d67876a2e99daad6a51807a8a	nursultan.jar
KDFzREm/Mz	Mz__d16b1dbbc967.class	9129	678298370a662011f91fe5a7825972062f389324	nursultan.jar
KDFzREm/mz	mz__7c55fb5841ad.class	13319	c12eeec5e27c1adc673a1bf36286133f21c04dbe	nursultan.jar
KDFzREm/n	n.class	8923	6256aa342e4df4d16d64c72d873e6b7584fd6817	nursultan.jar
KDFzREm/N	N__a8e9beb98de0.class	136	037ee3cbe276a5f447aeed43b6113e424af5f433	nursultan.jar
KDFzREm/NA	NA__4b2f2908148a.class	861	8fa384a361efa2365de06e30ed69526613e91c8c	nursultan.jar
KDFzREm/na	na__fb29d983ec9c.class	10915	f4a0318d7c7795f0641f961f070cf29a4cdf20f6	nursultan.jar
KDFzREm/Na	Na.class	9124	861f5c6e101a2c9cbda001c334f6ec1240f3e771	nursultan.jar
KDFzREm/nA	nA__a880aa2b5c59.class	6615	799d39bc5cf2827a557d21171ce4f9cb023cbbe8	nursultan.jar
KDFzREm/NAg	NAg__f9c4a6d8cfbf.class	1426	f9112a02be4be902291127242e723ab5729eb1e8	nursultan.jar
KDFzREm/NaI	NaI__754ed1c0a3d8.class	714	afea111e11ae19005692c32fb4738d40d46428ae	nursultan.jar
KDFzREm/Naj	Naj__ebf7bbf694a0.class	1687	d5b8075288edb4207b24b90b4dcfa645524938af	nursultan.jar
KDFzREm/NAO	NAO__58615d647fb3.class	864	0f0450a44d50f41200c846dcff9e98bd78802f16	nursultan.jar
KDFzREm/NAp	NAp__0f03c83877a2.class	1411	5d2d05dffcfe7f4454528a2ca047170a954e34ad	nursultan.jar
KDFzREm/Nau	Nau__e201013a4cc7.class	467	80ed7b036ae16df98b1d011ec3ab667ecf4a4137	nursultan.jar
KDFzREm/NAV	NAV__ec662d24c563.class	495	98d56f98c4bc6ad4194de650fd8fab079a83ba42	nursultan.jar
KDFzREm/NAY	NAY__faf69c863939.class	974	9e4d2f2b6da4a562fe3ffca73a30ef5b1c634aa4	nursultan.jar
KDFzREm/Naz	Naz__b77e3929008c.class	519	7f5240cf0af77c91755fcb05c698ba52a104318a	nursultan.jar
KDFzREm/nB	nB__fb629d7a8d02.class	79278	cf91cc6c2c698b1742267586c89030d803219e38	nursultan.jar
KDFzREm/nb	nb__62c92db68067.class	22414	6a03b29d3f997d297872c16bfb447ad75e36efda	nursultan.jar
KDFzREm/Nb	Nb__69e635a93aa0.class	14497	78aecec0bbfa480c61b990691c6186812c5fa0b4	nursultan.jar
KDFzREm/NB	NB.class	28433	b9becfc719d4a35a86434971b11a6dc93746b55a	nursultan.jar
KDFzREm/Nbd	Nbd__556263457546.class	1074	4a7b7b5569c37520e1556b589f411e4c36ca7a1e	nursultan.jar
KDFzREm/Nbe	Nbe.class	1584	ee9f8a19a8c8a438ff6ae459049f729a0473044b	nursultan.jar
KDFzREm/NBG	NBG__945cf2d371b6.class	155	c142fde1ef2d68460545f61cc6fd004028ae8b86	nursultan.jar
KDFzREm/NbH	NbH__46bb53f02ce1.class	966	96b2db1813dbeeb9e66290fd40c79910e319785e	nursultan.jar
KDFzREm/Nbq	Nbq__2390f636e287.class	525	44bead67dca1d741d1ab6e076a6c946ee5346ece	nursultan.jar
KDFzREm/NBR	NBR__4850ac0e1f62.class	1940	e3e379e95e08528b8784621a0129b4c0b9cda2c4	nursultan.jar
KDFzREm/NBt	NBt__62ce585c1223.class	155	a7dfa3c787faf08d8cfaec90f0b1cd22486b6c21	nursultan.jar
KDFzREm/nC	nC__f9dff003500e.class	13019	998c2b9fa8177d63429e8ed0887ff3caa70c2057	nursultan.jar
KDFzREm/nc	nc__75637c9530ca.class	13867	2eaa4e6b68dc3a95afd1fcb205d7bbfdaab0e9bc	nursultan.jar
KDFzREm/NC	NC__017672b78ead.class	7961	d20e16662dc9bc04103dbaac01fc9db60c6a0a7e	nursultan.jar
KDFzREm/Nc	Nc.class	13982	6269a7f8e336c43695dde4c952cc44eb9228b39f	nursultan.jar
KDFzREm/NCJ	NCJ__0054f2fbba77.class	652	e50f3518e90f4193fec022eb1365114049f588d2	nursultan.jar
KDFzREm/Nco	Nco__558c56bae64a.class	333	f77f43321f4050874502ec7cbda085845148963d	nursultan.jar
KDFzREm/NCu	NCu__cfdb75faddc4.class	2057	97bd3a567c4e2ec4cd3c07e11ae499dffcf4905b	nursultan.jar
KDFzREm/nD	nD__1647652ffcc0.class	13580	4dd94d8f83bc2417884992501d716453b7857961	nursultan.jar
KDFzREm/nd	nd__b0fefb174a43.class	13542	ad22aba4d1a9d7999dd6561d06ed930e714b6f8e	nursultan.jar
KDFzREm/ND	ND__fa0c3b27ead7.class	16109	321b747b90c8c88754f9507df5c9ce7184ab415d	nursultan.jar
KDFzREm/Nd	Nd.class	11018	516e1b280b8976a48742192dbc163cc5f9933aa5	nursultan.jar
KDFzREm/Ndb	Ndb__1ba3a90da973.class	1750	ebbf8d36074de0f35daae9c4513686a6e7c0068e	nursultan.jar
KDFzREm/Ndd	Ndd.class	208	43bda1062002fa27a5ae03d2f21d38392518d822	nursultan.jar
KDFzREm/NdD	NdD__37979aa9c8c8.class	509	42fae71a5e90e4498ea133d2b9a4b61ff19d2e4c	nursultan.jar
KDFzREm/NDH	NDH__09b1b3206396.class	913	db32e4514be9d4d1a2456cc1850dcc91760c9288	nursultan.jar
KDFzREm/NDl	NDl__26adf9a66936.class	4553	6b1895efb71ca838f16592c7b73f23443693abf1	nursultan.jar
KDFzREm/NdN	NdN__923a934d8cb8.class	598	b401a57a2be14d8ba4e848df5dae96c4d884caf1	nursultan.jar
KDFzREm/NdP	NdP__b40f09f9ba70.class	538	45bd77f32c0b7097bcd38d8d4d7a293a579d2c32	nursultan.jar
KDFzREm/NdT	NdT__afa783856c15.class	208	01629230c71fe14fa0c36194fc12fbdf19634f83	nursultan.jar
KDFzREm/Ndx	Ndx__0da98b6712f2.class	614	a6ccb3aa608f0971ef05d3c8df8cdab624a0a342	nursultan.jar
KDFzREm/Ndy	Ndy__31e4638416ca.class	2104	a4ce20061563ea9620b4dfc843fbd1e210f68bf1	nursultan.jar
KDFzREm/Ne	Ne__d32edc151023.class	9702	c13078687cd1ce35696e5104d8d51748a6da9de1	nursultan.jar
KDFzREm/ne	ne__95cfd1e4dc7c.class	37837	780f4ae1b85b701f4d19b1273c785abf56004b43	nursultan.jar
KDFzREm/NE	NE.class	27526	e6c4821dac1dc6efb93398117a6a84f8913eaeb6	nursultan.jar
KDFzREm/nE	nE__b7ba85b3dde9.class	239	9c869e6ac1c443ed5cfa35b4bca4a3d417644bf1	nursultan.jar
KDFzREm/NEa	NEa__52ac9fb8b0d0.class	143	76630d1eb068dadf01fcfb9d9e699a65fa967a49	nursultan.jar
KDFzREm/Neg	Neg__30fcc9e657c8.class	1527	9e5f2591d2dd9bb024d3abd67ded4a125615cd68	nursultan.jar
KDFzREm/Nek	Nek__c59988ec9c04.class	964	cb7d7cd7d61818d5241a2a2902850bd6850a2417	nursultan.jar
KDFzREm/NEn	NEn__1077af22ec21.class	300	9eb296c7be11c346229ce3e7b92abedc060ff920	nursultan.jar
KDFzREm/NeO	NeO__d37eded6f282.class	1357	5aa69a8a5147ca67cb432c22c672293a2ba0f789	nursultan.jar
KDFzREm/NeQ	NeQ.class	835	d536e2b77fe214d7f698ff36ade969e6c3e32747	nursultan.jar
KDFzREm/NEt	NEt__7f2ec85f90d3.class	295	03e269cb23d3c646bad093d623a1f1145504d5c5	nursultan.jar
KDFzREm/NEX	NEX__72e47ca61d07.class	143	0bbf352210cb379c1ea2696d5b2a85663fc44d6c	nursultan.jar
KDFzREm/NeY	NeY__60f7c3f0841e.class	1336	b94730e57458b2f27e1b88d2baaee485e9809274	nursultan.jar
KDFzREm/nF	nF__0b34af6aa0f9.class	10744	17d08a95ba92ea02dbf7af60a1844bfef7c302c3	nursultan.jar
KDFzREm/nf	nf__1d61cd036e54.class	9207	33e3b4177a9625984b5c145f21ca54099738eb25	nursultan.jar
KDFzREm/NF	NF.class	14139	5de9e5d46d72e3d9d966310ba3e47f17843aa8fb	nursultan.jar
KDFzREm/Nf	Nf__4872cbefe3b5.class	7168	9a6258f39853ee9a6f923d1b36cdfa90a8713f69	nursultan.jar
KDFzREm/NFE	NFE__283be4eb6d8a.class	3677	45f5b07d387216c8a09601c884cda8537613a32e	nursultan.jar
KDFzREm/NFm	NFm__af5b1b30ed73.class	716	b6ec59703fe2fd821769d96c483f5a1d77d4783f	nursultan.jar
KDFzREm/NFW	NFW__228007143770.class	408	a0e5936acbdce528aebfac751d0351a1798d23eb	nursultan.jar
KDFzREm/nG	nG__135130fc3fa8.class	14465	95fe2b691562ca9e7e90f4ac34d314d05314a104	nursultan.jar
KDFzREm/NG	NG__0a732fb09aa6.class	15226	b4f2ca34eab929d0bfd5a6b24a587532fad3a28b	nursultan.jar
KDFzREm/Ng	Ng.class	11641	4ca4610fb6830312c2f4356602b6f6d09b56e5ec	nursultan.jar
KDFzREm/ng	ng__04ba096ae7c1.class	882	e91fe250b899aa07f7027259dd2ad45b2dc71c38	nursultan.jar
KDFzREm/NGJ	NGJ__06d49d94252a.class	582	86f86772088e0d548c83d1d604d3ea0d5e970bd5	nursultan.jar
KDFzREm/NgJ	NgJ.class	2701	8efb2f8357bb8222939578fa3f4673c7bccd34a5	nursultan.jar
KDFzREm/NGL	NGL__cbda24df781c.class	221	a6831f0e3b849424ac4573655f94e51dab713e6b	nursultan.jar
KDFzREm/NGr	NGr__8eaff4375be5.class	359	9b2daaff936cb620c3c171e9effc5d6086aae8d0	nursultan.jar
KDFzREm/NgT	NgT__c73a4f87c6b9.class	269	c08aa978a6b9dc2b1df57c8c92697b58f8545eab	nursultan.jar
KDFzREm/NGu	NGu__0e098e9066c2.class	409	6dffac01abc0456df61e02a85cd753d641e3d3ff	nursultan.jar
KDFzREm/NgV	NgV__4c0789c960c6.class	966	b103a1d722def9aa3304c0d56ed69db45ec81d7e	nursultan.jar
KDFzREm/NH	NH.class	11268	cff5e02ac23ef9bc046bb91bc9e0751db13908c3	nursultan.jar
KDFzREm/nh	nh__32e0eee97bb2.class	6672	e90181b1e6e574c98a7f74996e74449b1be00312	nursultan.jar
KDFzREm/nH	nH__56604657fb31.class	16461	df1c2cfe0b21893ee1210b5f4ef5993ba2eeb9ba	nursultan.jar
KDFzREm/Nh	Nh__8abe91c55fb9.class	13085	972748f472d707978fd4d167b4d323719c810879	nursultan.jar
KDFzREm/Nhc	Nhc__637ab8127dbb.class	167	9f0d325fbfa2317733c8e7a4c1e9e3ea977825a1	nursultan.jar
KDFzREm/NHE	NHE__c8138cb8c4ef.class	1200	40a28ff462b84fe63c0437c74f0a978d0e7aad40	nursultan.jar
KDFzREm/NhE	NhE__f9f914a270bd.class	1132	47b198c4a5c185b514a7689916608f09554affc8	nursultan.jar
KDFzREm/NHF	NHF__5f2079a512fe.class	1737	7ee2c9201b88f3f07aed1b07c86a68dd035ecf14	nursultan.jar
KDFzREm/NhH	NhH__ed5c0ffe2586.class	922	461d545596dd301d963f933236c0c531b567fc98	nursultan.jar
KDFzREm/NHi	NHi.class	1502	64b09bd627c191793869c3febb1ba9cd370a2a41	nursultan.jar
KDFzREm/NHM	NHM.class	1289	24cea30d39fc40274c0ca9b49876df423be0d857	nursultan.jar
KDFzREm/NHm	NHm__208f5c360b7a.class	1093	21faa75506b39e6b416cebbb495ffc549a310179	nursultan.jar
KDFzREm/NhO	NhO__a8b19cc5ea34.class	178	37e414869568a7dda6366cb1fd4445e9dfd40a73	nursultan.jar
KDFzREm/NHo	NHo__49aa297e89f9.class	608	fed3b09d3183334550be50172582f596904d7755	nursultan.jar
KDFzREm/NHR	NHR__66800eb28efb.class	1076	e1467553718f7d8cc7fbcf888ec164e68c907782	nursultan.jar
KDFzREm/NHs	NHs__d45a2b80d101.class	1051	658a95ef06c73883a8e27c0201f8854e1d18c11c	nursultan.jar
KDFzREm/NHT	NHT.class	2199	640eec132f45f1df4a24b9d4e0fc54116ca655db	nursultan.jar
KDFzREm/NHU	NHU__d4c1d7759574.class	1590	62a7d757915e756571035d2993eaf6eb9251d6d9	nursultan.jar
KDFzREm/NHx	NHx__cc66f3fda5b5.class	731	a3879401901fc50c165cc6f7ea2174637f5f8bd5	nursultan.jar
KDFzREm/NHz	NHz__61e0208c7031.class	1556	cab27592128a614ebb4dd6eee8638c474b0eebd3	nursultan.jar
KDFzREm/NHZ	NHZ.class	967	b2d625f1b2195c0d746b9df8c8529988caa3075b	nursultan.jar
KDFzREm/NI	NI__bd1b99dec44b.class	9191	17d6269bfb84acea015df3343c0bdaf18dd97eee	nursultan.jar
KDFzREm/Ni	Ni.class	10367	22e32b9f991347a0781d21875894a043210c0677	nursultan.jar
KDFzREm/ni	ni__41e8b6c019bd.class	10703	86027941dd7ca36b94a953c60f26a7bb2acd07f0	nursultan.jar
KDFzREm/nI	nI__7c24e0d89f3e.class	11024	e5e824c7af226050fd54424637b1e1c269d721df	nursultan.jar
KDFzREm/NiC	NiC.class	143	a5aa3e477c3ec96b41e6b375869bf16182aa70b1	nursultan.jar
KDFzREm/NiD	NiD__45101f6f9a5e.class	143	5388b366b538fddc39e742254d58153b3df7e9ed	nursultan.jar
KDFzREm/Nif	Nif__185bfb083359.class	143	b9887c7cdf4e561b23c7506ce2bd898548c91f1c	nursultan.jar
KDFzREm/NiL	NiL__49e43f51bd46.class	143	2d110d77d7ec148f9b512571b82aca8e601527be	nursultan.jar
KDFzREm/NIm	NIm__c86e13ff66e0.class	312	f6cc5cfa1fb5de5282ee38a086f190203d7e1f76	nursultan.jar
KDFzREm/NIR	NIR__7617b7ec3ae4.class	296	6986aef18922ead1e7ef34b4429577c393b27d36	nursultan.jar
KDFzREm/NJ	NJ__3bf8e5b29cb9.class	14514	c2f7e256b3e67615185f09f51ba99891e644803f	nursultan.jar
KDFzREm/Nj	Nj.class	11404	df5f3cd770e210cd022fafc8338c1e8bf42fa3df	nursultan.jar
KDFzREm/nJ	nJ__9603623dd208.class	18395	94d66c629622b2c1c39313322ffc0404da65084c	nursultan.jar
KDFzREm/nj	nj__ab714463d0bb.class	12933	c9b01518172e2335d96ce73b5e2886a5dc577078	nursultan.jar
KDFzREm/Nji	Nji__12c38f77b474.class	8943	0b90d38016fff45fb1a3bba0267132566edf2b8e	nursultan.jar
KDFzREm/Njj	Njj__15421dbea502.class	569	993f74b0504522563aabe602458627d208209ee8	nursultan.jar
KDFzREm/NjN	NjN__54a5a604394d.class	937	2d0415a9dc71bb4f072d2506723841adfc0ce18c	nursultan.jar
KDFzREm/NJV	NJV__1ad04821e96d.class	2205	508a28bb0036e6673d5298758886ebf9015b7077	nursultan.jar
KDFzREm/Nk	Nk.class	12444	22033fb1785cb7c92c0f53795278c825ea4a86d9	nursultan.jar
KDFzREm/nk	nk__9944ac95c5b5.class	14600	0e4daa37df6d41710f14fe6d47be5518606afaff	nursultan.jar
KDFzREm/nK	nK__2e53025a94f8.class	8877	1f80f1b199e347d70285889ad64ddd219d4400d4	nursultan.jar
KDFzREm/NK	NK__f003c5d66ab3.class	9602	a4e9bbc6a5e6285c6f2bd6d4332c701fde454d97	nursultan.jar
KDFzREm/Nka	Nka__5d42c6ca1b41.class	252	f20d3428430b08687748851a692be345b3c5e14a	nursultan.jar
KDFzREm/NKB	NKB__286ea37c99f2.class	437	6ba0b7a22d02cf22e6211dcc6043cf5ec6e49f02	nursultan.jar
KDFzREm/NKD	NKD__a52b434c12d9.class	378	729be8f8ad0944ac6f257303a4f6f7b968e3f3c0	nursultan.jar
KDFzREm/Nkg	Nkg__90833738b4c5.class	1466	cf87baeda9fe7ff16f7cb9b35fd2760315a66dfa	nursultan.jar
KDFzREm/Nkh	Nkh__4d7920a0d36a.class	714	e1f207c2899cff22487f00b67bd962001719a222	nursultan.jar
KDFzREm/NkI	NkI__d372a891bcc6.class	338	23b50468498b226dc216b6394ba4f61823fd8c97	nursultan.jar
KDFzREm/Nkj	Nkj__4711fcc8e033.class	2317	f957f593c3d938b3f1d7beb5fcc1515fbffda606	nursultan.jar
KDFzREm/Nkl	Nkl__9450c7cb7508.class	394	ed83e911748295440d2b29993137dcb20d46c915	nursultan.jar
KDFzREm/NkP	NkP__19908baa3ff3.class	350	6180a54d9ab2ec0732d3d6a36e35fa9db08f1aa5	nursultan.jar
KDFzREm/Nkr	Nkr__cfe57f39fc43.class	755	bf841a8ec27e320e54c4c80bc69f83bac27b0b32	nursultan.jar
KDFzREm/NkX	NkX__30623c2edebf.class	320	105f01718811c973d261bc67726dcf828cd517a2	nursultan.jar
KDFzREm/NKZ	NKZ__715508edfabc.class	1030	250f1feb400be3d1876eed3ab1e4881354d9dfd6	nursultan.jar
KDFzREm/Nl	Nl__63c6300bdacb.class	16275	d249c105044822a137d966ad73c0c9d369944d25	nursultan.jar
KDFzREm/NL	NL.class	29654	8ceee02bea2501579caea2426b859cbe6fd71066	nursultan.jar
KDFzREm/nl	nl__ff54d09a4f73.class	13327	e70c2d36a163dad63cb158f4ef79165f4e59698c	nursultan.jar
KDFzREm/nL	nL__7de3b2b6e8df.class	10000	6bce5767092305d8ce4c16f722115c7540dbbb90	nursultan.jar
KDFzREm/NLb	NLb__3fb6c22ad99a.class	143	c99fe8a40c3abd6306590738fd8c077467be9d2b	nursultan.jar
KDFzREm/NLc	NLc__1c4a77d93653.class	143	00276f12d5bc93bd784b1886cc9b84f0f46a352b	nursultan.jar
KDFzREm/NlD	NlD__29c9ae793389.class	245	a24e9aacce4e174b3f9642a82e756e05a9607bec	nursultan.jar
KDFzREm/NLG	NLG__f9b6b3f56f36.class	143	c0252cadbe9abd34c3495f04335418a55abe66d5	nursultan.jar
KDFzREm/NlH	NlH__d2b2ac86b6ac.class	567	f827e2490cd6e152fbc6b001e405b88fc1cb17ef	nursultan.jar
KDFzREm/NLj	NLj__886e92b563ff.class	143	8916b59aa76b067524fd24bc9ec771ab36217a35	nursultan.jar
KDFzREm/NLn	NLn__b739b6ade7a3.class	143	060b21c6d91da2b504c88e6b954f1fddb774cb6c	nursultan.jar
KDFzREm/NLq	NLq__1834a8edcdc0.class	143	15157b5f8f776f278955e5fe96c0e0ab190cd3d0	nursultan.jar
KDFzREm/NLQ	NLQ__f6daa543fe8d.class	143	52acb26f95c05f0b9776b3a642ee13fc9e6fddf6	nursultan.jar
KDFzREm/NLU	NLU__f5fba118acd3.class	1000	ba3da7c375c97a5d90a3e64c91a8f312ccb1f5f5	nursultan.jar
KDFzREm/Nlv	Nlv__fd7e5efec871.class	493	605aa53a51a42b340a5ee848af30fe2991fe53fc	nursultan.jar
KDFzREm/NLV	NLV__d2dd864bde86.class	143	61b0766028379abd1134cfb1cb16944f896fce73	nursultan.jar
KDFzREm/NlW	NlW.class	1744	19df62515c28589f5a204c5775ff34f2b0227a8c	nursultan.jar
KDFzREm/NLW	NLW__f9c824fe7ef7.class	998	fdc263e4cc8bc02260cfa901e0251648755ad523	nursultan.jar
KDFzREm/NLY	NLY__cd1ad6a1eb1d.class	143	850e289fa5a3fe29ee8b028ee91c455abb3c6d09	nursultan.jar
KDFzREm/Nm	Nm__49682cf2ba3b.class	14756	7b5fea06730970aa97537f5684d0b6a83ca7085c	nursultan.jar
KDFzREm/nm	nm__c461f75212a8.class	274	fa4ec46ef3218c65c5fa26173a57fb3086dd48ba	nursultan.jar
KDFzREm/NM	NM.class	15206	de5ee1f6431783d3b1ad6ffdecab5d9c169f645e	nursultan.jar
KDFzREm/nM	nM__5b8100d9fb1e.class	11535	a92dfad7cd71325ec2fa5b9229097c34cd50697f	nursultan.jar
KDFzREm/NmG	NmG.class	495	063ccd47ea012af90f04d569db3fed4a8ea1c03a	nursultan.jar
KDFzREm/NMh	NMh__a79a42e5742f.class	143	8e3817822ef6807ac7224f9d3a6b78c3a1c5dbc6	nursultan.jar
KDFzREm/Nmh	Nmh__fc15a2dea9b3.class	521	5cc14c6c4a77aaeb0ad9d81eda4eedbb14eb41fd	nursultan.jar
KDFzREm/Nmo	Nmo__ac328d29e014.class	143	4c31e555c9e2f7d1c8f9a28c47daaa8ed71365b2	nursultan.jar
KDFzREm/Nmr	Nmr__8696a1a89453.class	521	59fee8114db2a58977ea44149e82d15265e7c834	nursultan.jar
KDFzREm/NMs	NMs__40ad89cf048a.class	211	e3fc5a27c96c93a673b054d23c4d94a4e9a39e99	nursultan.jar
KDFzREm/Nmt	Nmt__46b7b72e3d7b.class	356	221e6a8e2105d998215b65cfaa8c756f839e8010	nursultan.jar
KDFzREm/NmX	NmX__a9e1f7ffef29.class	143	0a78a7c7a9df0f6abfc34edeebda44505b875478	nursultan.jar
KDFzREm/NMz	NMz__df2bc45e62fb.class	330	29d4246e6bc1a3c2be063b59b0163d89aa68f90d	nursultan.jar
KDFzREm/nN	nN__6a4e912ee3bf.class	12468	176fcbeeb2e686bee1419a9c654205e1228c4d20	nursultan.jar
KDFzREm/NN	NN.class	15362	a111030cb4bd7268c44cb610abe0599bdc6ca043	nursultan.jar
KDFzREm/nn	nn__d3278c688ae6.class	15036	3c6b904262ba8e95a45127f764c77a5ee164f086	nursultan.jar
KDFzREm/Nn	Nn__7c00c539927d.class	11457	9bbd5ac8fa74fcf751a5a973c7711f25fe12eb64	nursultan.jar
KDFzREm/Nna	Nna__cd5f42bee47c.class	353	315f1197d6b872a04c15ae6d1f09004a42a91342	nursultan.jar
KDFzREm/NNAa	NNAa__09bad17b1a48.class	463	2aace13bb2ec53f5576c7a2e0c5c217a60c756c1	nursultan.jar
KDFzREm/NNaB	NNaB__047fe7e8a2a3.class	213	d35b878a4608d3b7e26120fb10cf53dcb2b6a4cd	nursultan.jar
KDFzREm/NNAg	NNAg__df5ef89d4fec.class	321	367ed3f91ece7b79669105e331e663a1ac63b531	nursultan.jar
KDFzREm/NNaH	NNaH__4ba0707ddf52.class	482	b0dac9c5afa1a4328fedb1a8016146e1062c68bf	nursultan.jar
KDFzREm/NNai	NNai__1062e0d1c545.class	1210	6436fa0f71f7608d328536f029371673307a16eb	nursultan.jar
KDFzREm/NNAk	NNAk__cf0c0ca2ede9.class	1379	e1d60a71342d6ba1cfa8207f9034ebedb73b640c	nursultan.jar
KDFzREm/NNAL	NNAL__d1fe3ab887bd.class	290	6f88b03734df45c7fd936ac2a317c58b68d468d0	nursultan.jar
KDFzREm/NNAN	NNAN.class	744	e28cd9641c42616d9aae93474bc249babb50f910	nursultan.jar
KDFzREm/NNAo	NNAo__7e62508cdd0d.class	638	254b2ad3b461da1887f5612e54e4939244e45f19	nursultan.jar
KDFzREm/NNaP	NNaP__8102b9c3a47d.class	622	62b8c9950efc8cd419287ab9141b16e2df8d963d	nursultan.jar
KDFzREm/NNaQ	NNaQ__71561fa28b67.class	530	bd63d253f4ca58b848612045945c648c14901775	nursultan.jar
KDFzREm/NNas	NNas__01f15a274a44.class	442	f8b752501487bea0667090c175e9fe231b49d4a7	nursultan.jar
KDFzREm/NNAy	NNAy.class	458	f20c87d8145bcc2e8ed681ba98e04d1cd71ab7ea	nursultan.jar
KDFzREm/NNBB	NNBB__be16886f8cf3.class	580	e3342024c684eacf389cde0c6d8ace5a8c029495	nursultan.jar
KDFzREm/NNBC	NNBC__dd5d1ade25ae.class	281	1a9fa512ade91ff3735e65786acde4f21e887612	nursultan.jar
KDFzREm/NNbi	NNbi__572f10b7fd0b.class	169	5b777498b6016f9aa43ce1f9a504990f8aae265c	nursultan.jar
KDFzREm/NNbj	NNbj__0cbb941162f3.class	324	ad21b9fff520414ccd52304d90d4c8f95fa2c48f	nursultan.jar
KDFzREm/NNbn	NNbn__47e97154f1be.class	384	652a45d713caac7cd067884da5331bbcb81b82db	nursultan.jar
KDFzREm/NNbv	NNbv__4cec3b12001f.class	384	9725a152255e039d60154dc69f9d487fdb95777d	nursultan.jar
KDFzREm/NNBx	NNBx__3b89b04d93a7.class	1062	5fca6d0434cc8905312739a33e37418549828338	nursultan.jar
KDFzREm/NNBz	NNBz__4078e5729366.class	149	56d1a0fafea213ca40378f8aec642d9be49d2cc2	nursultan.jar
KDFzREm/NNCd	NNCd.class	1233	0ff47a7c4d27fc1d6fb540beec1516eae513cb97	nursultan.jar
KDFzREm/NNCo	NNCo__8f6a7d963684.class	3592	34f9a1306d6f6458715073f1bf8773d93f4da178	nursultan.jar
KDFzREm/NNCQ	NNCQ__d9437751f8d9.class	677	aeb7a1aecf583f8f084a9d618a79c8cd8ee8ff96	nursultan.jar
KDFzREm/NNct	NNct__2a908fb49522.class	902	ddc4ff2b17e92af296e21924cf0f34726772e1a0	nursultan.jar
KDFzREm/NNCY	NNCY__56519d5d4a2b.class	678	9f26b84cad0103c7551d466f6bac1aa05913d977	nursultan.jar
KDFzREm/NNdb	NNdb__9f4259a62da2.class	323	1d3523b2b94edc21dcd5417d31986f4b7acc38c0	nursultan.jar
KDFzREm/NNDc	NNDc__0cf5cab542bc.class	665	43c8ee65efdedc2c78fd53cee2ff6ca98d6cfa4c	nursultan.jar
KDFzREm/NNdd	NNdd.class	1164	7089c87b52a399825e2c5ca14da83f57d4ecd391	nursultan.jar
KDFzREm/NNdK	NNdK__c1fa131f72b4.class	1182	d1620c0ed9015760eb8114d7671c6da357cc6e98	nursultan.jar
KDFzREm/NNdo	NNdo__0f25d1863e3a.class	618	ef9c582cff3e470632e1326396f3b3f47b503810	nursultan.jar
KDFzREm/Nne	Nne__4413b2862246.class	486	86e7468bc39f7af1cb66355bfda566d462e2167a	nursultan.jar
KDFzREm/NnE	NnE__a32e0febcd3b.class	1609	dd30df744e356012e9447498fbf4aa1487e6d4dd	nursultan.jar
KDFzREm/NNEa	NNEa__eebbb1b9fb89.class	985	ee9dcdf8227d78c13ab02a67e74297b21e45ccb1	nursultan.jar
KDFzREm/NNEF	NNEF.class	1378	a9281aa564c64146f73750a967da26b06e72da09	nursultan.jar
KDFzREm/NNEf	NNEf__43bb0fce37be.class	2059	2ae5ad476bc63f999f9058ea0201b21969dc0fae	nursultan.jar
KDFzREm/NNEK	NNEK__b8e7ff704a1c.class	2568	096dd359d5f75c95405748aa2e8efc6e0a838863	nursultan.jar
KDFzREm/NNEM	NNEM__6ed0674e0dbc.class	727	11144e4c10bff16d97c5deb8ccea3b0674be9301	nursultan.jar
KDFzREm/NNEn	NNEn__7c82f691d5fe.class	1651	4b78a45fd774d93613d502c2f4799e38f244ea54	nursultan.jar
KDFzREm/NNEP	NNEP__2ffcd14cf71d.class	160	6eb2a27c9a06156434025bc09018851ceeb00c79	nursultan.jar
KDFzREm/NNEq	NNEq__0cffed50a3f0.class	338	4cbd34d1b1ba25374653f04dc4d5a2e1c097474c	nursultan.jar
KDFzREm/NNEr	NNEr__186a4fdcc4a6.class	267	c68d667340e4664df3e2ad92ec2d53b454fbcddc	nursultan.jar
KDFzREm/NNES	NNES__8946ce2cae38.class	193	6c36d16c11de4c44a6025c69a81b6a91153113d3	nursultan.jar
KDFzREm/NNEv	NNEv__36323bcd44a7.class	264	b3bf1614742d280ab84875e5090a349c1485cad7	nursultan.jar
KDFzREm/NNew	NNew__86e116d97285.class	4386	16044eb7513267ee1baa4bdb2a5c1cd44ef30d9b	nursultan.jar
KDFzREm/NNFC	NNFC__4fbd3c98e30c.class	627	dfd9e8c76ef934c2a1ab9707e86974c5491a3b9e	nursultan.jar
KDFzREm/NNfF	NNfF__57d5eb7ec221.class	350	a3cdb1c61f05c040eb5d26a15ecf94863cba2002	nursultan.jar
KDFzREm/NNFG	NNFG__b30418c6b036.class	3500	06926fae1a4c62e54f156b52a1ffa1cc775d753d	nursultan.jar
KDFzREm/NNfG	NNfG__8fb1db11499c.class	453	2e82b6a48b99fdf00456b694d05e0028b83f0f05	nursultan.jar
KDFzREm/NNFL	NNFL.class	574	7d12744044add5638c9b550dfce746d555d268a0	nursultan.jar
KDFzREm/NNFl	NNFl__bf7a37619e4a.class	3566	526b91c77b57d750c4508b1623c2c1653939b341	nursultan.jar
KDFzREm/NNfl	NNfl__8ad356860f79.class	453	f1b9ceefa9d98623146a3bfab554baa77919abd9	nursultan.jar
KDFzREm/NNFq	NNFq__05469e09232e.class	284	89ac834074ef70649bdc6feb0697c1207af58585	nursultan.jar
KDFzREm/NNft	NNft__514df114c0e3.class	453	bf5eb6db7358b27f0455061721ca1ba4a8a94b52	nursultan.jar
KDFzREm/NNfY	NNfY__cbd89764dc43.class	771	4fc1063ea313410d8575d345773977d6f08ec1e3	nursultan.jar
KDFzREm/NNgG	NNgG__f330a35e6861.class	459	2629b259a3065160748b5077e3d9320b0b0f3bed	nursultan.jar
KDFzREm/NNGh	NNGh__d512097c16ba.class	8519	1754eacf2af837a58b6b5e48f45ae0469f44508f	nursultan.jar
KDFzREm/NNGi	NNGi__dc3b5add7924.class	341	c377c12e2341d855da9a7f0f109d9e9254fbf91e	nursultan.jar
KDFzREm/NNGM	NNGM__beb68fb24822.class	352	f5a0ee0c9f731c8324cfa388cbc75933818a5611	nursultan.jar
KDFzREm/NNGr	NNGr__1205af3d5fc9.class	1030	7a2ee7f5d3c06a95339d66351c9e8ffc9eac07e7	nursultan.jar
KDFzREm/NNGV	NNGV__fecdfb65dde4.class	933	edc55f47ae8e2fb5597b2f87dfdf488901944e38	nursultan.jar
KDFzREm/NNGX	NNGX__d13b5a13d569.class	529	42c0784a413f3c42f591d5ecc2904e8ef54482c7	nursultan.jar
KDFzREm/NNGy	NNGy__ae2578c60907.class	225	527e8bcb3dfbad7099a8a0f5553b106301f07582	nursultan.jar
KDFzREm/NNHH	NNHH__7cacab673641.class	730	b188f3e42ea7673ebaf42f07e5efc80d64109e51	nursultan.jar
KDFzREm/NNHI	NNHI__1af6a8a8bb32.class	500	154bdc84346ca54583491224e189ae6a2b9b6c78	nursultan.jar
KDFzREm/NNHl	NNHl__4fb9d84d68c2.class	883	ee70e555b9652ffa7a7b3d1a2e4c552746e7d30b	nursultan.jar
KDFzREm/NNhU	NNhU__47e115f233b2.class	366	aada77cf6df139696621ab53d2fbfe557312002a	nursultan.jar
KDFzREm/NNHw	NNHw__672dcf1d4f56.class	1527	57f7356393bb3a032246c5deb43883027826d15e	nursultan.jar
KDFzREm/NNhz	NNhz__4214cdbbb6af.class	358	c19f35e6cd35b31385ebe3fed7091b1eb6227e2f	nursultan.jar
KDFzREm/NNhZ	NNhZ__d501125d69b1.class	342	e9794d49cecaf709d999c0bacf8c1bfaa2056602	nursultan.jar
KDFzREm/NnI	NnI__7a576fbaae81.class	623	b31c6a95e58bcd24626690fd291f26e6596e3fc8	nursultan.jar
KDFzREm/NNiC	NNiC__e79a38a783f0.class	321	77f16a249cf1bfb1376f1b7d479187b32e29db0a	nursultan.jar
KDFzREm/NNiF	NNiF__271ee39b95d7.class	1073	4589543bdd2b7ec463ad54cd30ca16666ee4ebd3	nursultan.jar
KDFzREm/NNih	NNih__e13bebe0a06a.class	795	997b57866e78d5ad3b3d7d93878068f7563f5cf7	nursultan.jar
KDFzREm/NNiJ	NNiJ__f047ce6dafe1.class	358	62519eafdcea81378e037ce88c6c3948ec51d474	nursultan.jar
KDFzREm/NNim	NNim__95b10bbadb2e.class	697	8ee198ee3b47506a8fe181a5d58f63a9abc2a2c0	nursultan.jar
KDFzREm/NNiq	NNiq__2e7c5124a95c.class	317	a6887076538cf0d9c212b1b272fedb386f41e65c	nursultan.jar
KDFzREm/NNir	NNir__ef69b55d3edb.class	269	db376bbe1281245c69aa02b04a0fcf9744e17ad1	nursultan.jar
KDFzREm/NNis	NNis__5f7561a77183.class	608	d0cee1d9c6040501049f06468b2c85edabd134c6	nursultan.jar
KDFzREm/NNJ	NNJ__2e94a612e84d.class	617	399f3a28eae3023e451b6ec5887fe84c13fe2d50	nursultan.jar
KDFzREm/NNjE	NNjE__589dacadb1cb.class	881	7c73c726fc9c1edefce8ce5adfd0fc0bafe5ff2f	nursultan.jar
KDFzREm/NNJN	NNJN__880f8e87671d.class	1369	c16e124618cb7e237820fb60acb397b804d93d18	nursultan.jar
KDFzREm/NNjO	NNjO__34c6e68f57a0.class	275	1ff35009e85ebe9b06d979436428ac18e6507693	nursultan.jar
KDFzREm/NNJT	NNJT__6b8a8651fa30.class	529	df0eb4fb2906dce8697e177ba148281a2d2aa5c7	nursultan.jar
KDFzREm/NNjU	NNjU__5b31961aefc8.class	1822	5e5814bcffb9e48181b14575d6b9da29766a1529	nursultan.jar
KDFzREm/NNjv	NNjv__82f05f190de5.class	1933	621195c86404f319b06ca0e9f217e157dc44d2b1	nursultan.jar
KDFzREm/NNjW	NNjW__cdf288513de7.class	1079	1569dc9a4b0069de3770fd86228931f33b8af453	nursultan.jar
KDFzREm/NnK	NnK__fecb03cf06da.class	801	227074e0a68b41deeae50da9805317f8b646a152	nursultan.jar
KDFzREm/NNkv	NNkv__e885c0244c49.class	3184	b6ef4568237280508c1e8a986e7525cf769150dd	nursultan.jar
KDFzREm/NNKW	NNKW__eb0d687557ce.class	642	64de635546c7c78e6fdde53972c6c1e42cbbbe6a	nursultan.jar
KDFzREm/NNLB	NNLB__a9a5ba5ba534.class	198	8c0f08596b9d465853642b7c5d07ba6d98b2b2e2	nursultan.jar
KDFzREm/NNLG	NNLG__6218e220a8e5.class	481	1a8c21720e787ad06263a58d2b2bda3fe786f8ae	nursultan.jar
KDFzREm/NNlN	NNlN.class	2773	789408c46a9a4343040a8eed55eda24bcecf29f0	nursultan.jar
KDFzREm/NNLn	NNLn__42ae9042e52b.class	779	e2fe47a688ddb1b8565e59d2a7bbe53dd47bc85e	nursultan.jar
KDFzREm/NNLO	NNLO__26947588455b.class	1861	2f3361f847e12c856795a76d45b1e4e278bda088	nursultan.jar
KDFzREm/NNLt	NNLt__53a730caffbd.class	437	c3eedee1b84b6200ddf6cb6c17053139a7c50f58	nursultan.jar
KDFzREm/NNLv	NNLv__15f1f41fcbef.class	648	66b07475eab646f0654abe892a7d0f2c09499d01	nursultan.jar
KDFzREm/NNMb	NNMb__f313976acb10.class	346	cb24c634fb38c3e5ffb5b70404762a9a82936df2	nursultan.jar
KDFzREm/NNMi	NNMi__c57894842850.class	439	64459d9a5b4f0f6d8d21b5bd80a0d8656dd712a4	nursultan.jar
KDFzREm/NNmo	NNmo.class	776	e808d3a35b0f64656d7dab18a89cd082c1886983	nursultan.jar
KDFzREm/NNMP	NNMP__0b9cc26b6b3c.class	2000	dfb88ee1a403c1da6e40789cd7cebb34ba430b6d	nursultan.jar
KDFzREm/NNms	NNms__bcb5bacc77c1.class	545	c1f524c5c860d6bed2e22d397a9085cc053263f8	nursultan.jar
KDFzREm/NNMs	NNMs__d593040eba8f.class	1351	d3513db2a1b1b3b877ffde33aa18de3b6ed25137	nursultan.jar
KDFzREm/NNMt	NNMt__aaec718f6c9f.class	247	0983203688717d45f79efebc147d01b6fcc8b686	nursultan.jar
KDFzREm/NNMv	NNMv__f87d0d5a0934.class	4194	a1cc9dc0a246e47d2710fc9c3f6060b25b6a8a81	nursultan.jar
KDFzREm/NNnA	NNnA.class	371	9b71e597e7f7a6bca295cfecbdd2984f2ec5cd07	nursultan.jar
KDFzREm/NNNAA	NNNAA__3bef3db02c0c.class	145	26fe554215307bed60019b8078be3f2db79669d0	nursultan.jar
KDFzREm/NNNAe	NNNAe__813b9f5abcc7.class	145	cb8ac4d7e43bac1d7e772eacf46881b63be2f614	nursultan.jar
KDFzREm/NNNAH	NNNAH__2711bcde3f01.class	145	0f4e7fecfc136f0d228a2cd664c97e1217042ee9	nursultan.jar
KDFzREm/NNNah	NNNah__52a79d0408c2.class	1107	8f58980d5394a63aed02579e3bb599be8bb590b8	nursultan.jar
KDFzREm/NNNai	NNNai__c09ed040cc4d.class	1821	e5545b9a1ad9f816d95a187cabcee360f4c16eb8	nursultan.jar
KDFzREm/NNNAI	NNNAI.class	3349	39cb12acb4759cde3d8ca7c1300003d669a1c916	nursultan.jar
KDFzREm/NNNaJ	NNNaJ__063dc289e6ce.class	300	0415c0ed06e0955ae16ca6fdca6469ac0aaf823f	nursultan.jar
KDFzREm/NNNAj	NNNAj__9d77c66d4703.class	145	2cfd92ca3934afcce12caff3b82bd6a2a97deb99	nursultan.jar
KDFzREm/NNNau	NNNau__fb6e1333ea88.class	145	3da177c25980355b35360f9b6f2f226c61577146	nursultan.jar
KDFzREm/NNNay	NNNay__b60ca7d07739.class	421	560409e1451491594b7cced31f0ff36f64c905b4	nursultan.jar
KDFzREm/NNnB	NNnB__9b0c6c7b6005.class	248	74afe2fb540f5191c34bb7bb04673160f6f9a94c	nursultan.jar
KDFzREm/NNNBa	NNNBa__c6cd43f38aac.class	453	3def2a1a9d37d22bf5b1126fbe09773665baf0fb	nursultan.jar
KDFzREm/NNNBB	NNNBB__aa5ce331c521.class	145	932ae87ba006a030f8d3f4ed0142eb975aae9822	nursultan.jar
KDFzREm/NNNBb	NNNBb__d07171fd8905.class	145	017410e9a110880d80acc81dafe3addb401a14d6	nursultan.jar
KDFzREm/NNNbC	NNNbC__e0621d982af7.class	1836	676d3a7084dd57686f6c49c4d2ad5fd7be4229a3	nursultan.jar
KDFzREm/NNNBd	NNNBd__b1aafe6b6acf.class	145	8b9b8ce06e3d640d48bd76e3b77fa490645f43d9	nursultan.jar
KDFzREm/NNNBf	NNNBf__cc54938fb385.class	414	d614313d2f15407a9b9e9f808fccee40353f365e	nursultan.jar
KDFzREm/NNNBG	NNNBG__dd733ef29a51.class	145	16398d5e7e89d442aab8ce3fce8bc14c42cc12f7	nursultan.jar
KDFzREm/NNNBg	NNNBg__3d066a1f58bf.class	145	2afc2840f621fbdbbb26e0efb24e7434961fb7ed	nursultan.jar
KDFzREm/NNNbI	NNNbI__1717a0bb4bff.class	930	ff68009e676005914aca9c23c2ded51fed951777	nursultan.jar
KDFzREm/NNNBI	NNNBI.class	145	67405cad2ff0dafc8cd9e6195aab58f5c886f126	nursultan.jar
KDFzREm/NNNBj	NNNBj__b46e2647b7b7.class	145	e14505feb469d52857559898c1f9efa998dcfb44	nursultan.jar
KDFzREm/NNNBJ	NNNBJ__bf69a54a80b5.class	145	91da11c2857520d9da68b601bd1a70df26cc71f1	nursultan.jar
KDFzREm/NNNbk	NNNbk.class	2765	e5e76b84bf984d02efa24e19c2a873d94b185611	nursultan.jar
KDFzREm/NNNBl	NNNBl__9cefe737d641.class	145	e4792dde99ab1852ebef0f41630010e9c269eb43	nursultan.jar
KDFzREm/NNNBm	NNNBm__0849eb61c5d2.class	145	5b27c05634661846d102c45d55e2714c74916a2e	nursultan.jar
KDFzREm/NNNBN	NNNBN__b73c5607d805.class	145	2ced3755da7817e7a3ddea4e179fc505ff2d84ee	nursultan.jar
KDFzREm/NNNBn	NNNBn__5d4bef15a3b2.class	145	9d525237aa99d29581991af47e9b6dc11786d277	nursultan.jar
KDFzREm/NNNBO	NNNBO__5ecaad59b8e5.class	145	7c8be1e4c69d7fd97ef6e1bb038aa014db47ba97	nursultan.jar
KDFzREm/NNNBQ	NNNBQ__69e947202b37.class	145	baa9b9cdb2c98b135a89a0a7454623f1fb523155	nursultan.jar
KDFzREm/NNNbr	NNNbr__2747b0d7035b.class	643	2722eccabf3afcc47c3fb91b5bca50bba3fbe2be	nursultan.jar
KDFzREm/NNNBT	NNNBT__f5996947bfc1.class	145	1e72be3e6d2dc3aad55cc9a7ba850915f2084a22	nursultan.jar
KDFzREm/NNNbt	NNNbt__c303eb5ee66f.class	145	66a6bf7a77aead956cb980e1d2e82c9a65cef309	nursultan.jar
KDFzREm/NNNBt	NNNBt__d981c357eb66.class	145	da2bbae5af76b178c2bd983272c8e4532b2e023a	nursultan.jar
KDFzREm/NNNBv	NNNBv__9d173ba55c40.class	145	4021765d511732963c8e0787b5c0bbd4531de6ae	nursultan.jar
KDFzREm/NNNbV	NNNbV__0268b87d36f0.class	562	da6216000d5d7ab2efa2996c2190aa169a818cb7	nursultan.jar
KDFzREm/NNNbW	NNNbW__afc5cb855dff.class	732	a608503a563318bda2b09308db714296908acef8	nursultan.jar
KDFzREm/NNNBY	NNNBY__4d2c069912ac.class	145	78ed566b7dc15cd1e5d91c57ca2131bb8676655e	nursultan.jar
KDFzREm/NNNBy	NNNBy__3d8259d3f50b.class	145	0d4287c66126ccf4d9bd3595ab98a97d331a4c4a	nursultan.jar
KDFzREm/NNNBz	NNNBz__85ec580cdb7a.class	303	d0b447a49c92e67982fe622425a4d8377c1aceb0	nursultan.jar
KDFzREm/NNNCH	NNNCH__1bde1b25e195.class	145	6f3d7a513465b2b9a909bfa9f7ae3d9a568f801b	nursultan.jar
KDFzREm/NNNCJ	NNNCJ__c0896605473f.class	145	ecfe7fd70e183f6f55ff0d52edfb13e1a41ac47d	nursultan.jar
KDFzREm/NNNCk	NNNCk__10c276016a2e.class	915	9e901de827ec9a1e209bd283f46c6f7e85185db2	nursultan.jar
KDFzREm/NNNCl	NNNCl__3c627234d401.class	145	5a60ed5dcebc6410168ad296049135675cbd7826	nursultan.jar
KDFzREm/NNNCU	NNNCU__7d1a8183f8a0.class	651	f7d3690bab104ac173785a584382d3ad68b25298	nursultan.jar
KDFzREm/NNNCw	NNNCw__b4df8380dc92.class	968	a4542b4a2efde3bc568f513fe41d06ca7bf9e18c	nursultan.jar
KDFzREm/NNNdd	NNNdd__9dcb5582bd80.class	719	62f52f6701f555ee604c078fe6d0db05aae03677	nursultan.jar
KDFzREm/NNNdG	NNNdG__f7cfff72bc19.class	649	e2e8afd3438e8fe500f3393c771c64d70555c118	nursultan.jar
KDFzREm/NNNdH	NNNdH__3f3875986b47.class	649	45fb0cb2a15217a5926e54267718c055865c32a6	nursultan.jar
KDFzREm/NNNdh	NNNdh__00db80f5b69a.class	719	9e35e57726e2a6b48b9953d71e7e5dbeb3368242	nursultan.jar
KDFzREm/NNNdi	NNNdi__d23fbb1efb3a.class	774	798a4e27b8f6ae0918f741d8a0012587a0d5b27e	nursultan.jar
KDFzREm/NNNDj	NNNDj__c7d1f710de68.class	658	6c025d75df36919e3ec2c9e27b4b59f463194fa9	nursultan.jar
KDFzREm/NNNDK	NNNDK__c998b45defcc.class	328	9e6721273ec36ea798e0879e7cca2d69d11a38f4	nursultan.jar
KDFzREm/NNNdL	NNNdL__8c198d80e834.class	774	973890ceb6f0cc6fabe5a7dc2c13feca4b1bae99	nursultan.jar
KDFzREm/NNNdo	NNNdo__98cdec2719e3.class	145	271cd605dfec98247794f01530eb0bd6312e690b	nursultan.jar
KDFzREm/NNNdQ	NNNdQ__45fc61592191.class	1792	a75f2a3d5f1a61178537b7d96d3c9120ad8f7789	nursultan.jar
KDFzREm/NNNDq	NNNDq__5e4ebf5c45fa.class	438	9b620044a99e9c31e81ba1ccbc8dc99c981efa22	nursultan.jar
KDFzREm/NNNds	NNNds__207774360add.class	145	67cb1bf8aa71649a06e219c1711dece3f84393bf	nursultan.jar
KDFzREm/NNNdu	NNNdu__e53578106e2a.class	728	a3fb791b26af2e7b87e46580c0251843d30c0307	nursultan.jar
KDFzREm/NNNDx	NNNDx__9ed518dd4b06.class	145	dfe3d64a8e301eefa1fba1424915eefb66332bae	nursultan.jar
KDFzREm/NNNec	NNNec__420f8b8de3c4.class	989	2e196534e0e7a7d244f940dab9f194deec84159a	nursultan.jar
KDFzREm/NNNED	NNNED__0a8fda673463.class	649	e032dece8711ae0059507a8d8671ae22a9683b80	nursultan.jar
KDFzREm/NNNeF	NNNeF__ac08297c8ce4.class	1061	2aa9d7373860037753e3df8a1adf623506bea8a4	nursultan.jar
KDFzREm/NNNeg	NNNeg__d17a3bf58e1f.class	1063	cd95b5e32e4ffde3209243afb4db569198ba7073	nursultan.jar
KDFzREm/NNNEG	NNNEG__73b5173e2258.class	1259	01086e269c1a4474c12e6194c70ed6db159105b9	nursultan.jar
KDFzREm/NNNei	NNNei__0a6faf263376.class	145	02b5f8306a3e8d62b9246d569660b7bf5d830559	nursultan.jar
KDFzREm/NNNEj	NNNEj__67aa36af5323.class	985	cd988c502a772bedd0e9ca7f3d5242635663cea8	nursultan.jar
KDFzREm/NNNEk	NNNEk__80e69be54855.class	732	d9aaa8e184a569bf47721a7331f6ea30c4eddaf2	nursultan.jar
KDFzREm/NNNEn	NNNEn__386f03cf4adf.class	833	8c06c9669c87d15f18c3143091743f3c564a6b5f	nursultan.jar
KDFzREm/NNNEP	NNNEP.class	686	14172c1194dceb01b5b9f06563554623a664989b	nursultan.jar
KDFzREm/NNNEt	NNNEt__4505b0f2d0a0.class	1255	552cf33585d50e0a22ac1d970f7ade6f95a43bc6	nursultan.jar
KDFzREm/NNNET	NNNET__c53ccc94410a.class	2253	b2b306881fb801fb83a535684fd29196a5d26a5f	nursultan.jar
KDFzREm/NNNEu	NNNEu__c8cc97e7b2a2.class	732	99917ce1a212c4ed06b812ad4dc75105b58e6614	nursultan.jar
KDFzREm/NNNEv	NNNEv__4147beb1f6b9.class	1007	f014c69fe1bff126ffe02690affcd49fb9b898a5	nursultan.jar
KDFzREm/NNNeX	NNNeX__77a472eb3856.class	227	eb051066dd3c76929fddce63c40e1ac8b0a06077	nursultan.jar
KDFzREm/NNNEZ	NNNEZ__dd00263b15f7.class	974	d0bc4505215016fe636fdb9a8236a2f580daeb66	nursultan.jar
KDFzREm/NNNEz	NNNEz__4281f851f881.class	602	678e632ce6f5f2bc29f12c20d9549c8f02c7184e	nursultan.jar
KDFzREm/NNNFC	NNNFC__5d25fe8a040e.class	257	610ee2e4ecef35b5f44ed7e541063bd789baa9bb	nursultan.jar
KDFzREm/NNNFJ	NNNFJ__e0ea0e82e1e6.class	966	83cfdf7f055d231b4426b089b3e465cb9e70a3ca	nursultan.jar
KDFzREm/NNNFN	NNNFN.class	658	3545caed8d4b7e293c599a465bd3144649640475	nursultan.jar
KDFzREm/NNNFS	NNNFS__73b936eafd81.class	552	efe2499717d13038880d35d450dc0e246595ef2a	nursultan.jar
KDFzREm/NNNFy	NNNFy__2c7b640cb24a.class	3049	aa71c10daf6ada4cf3b97a2fecfe1bc2bd8fc1dc	nursultan.jar
KDFzREm/NNNgb	NNNgb__f260e97da347.class	882	fa3f2585cc433577bdedd289a8e7221ce6a69c11	nursultan.jar
KDFzREm/NNNgi	NNNgi__34ff009d9099.class	145	466c0baec05179ea0d54aa90d9ad2549a80bd560	nursultan.jar
KDFzREm/NNNGI	NNNGI__7aae79c28e79.class	1749	b8578832a52b5b524ce69384bbe7c52a879ffbb6	nursultan.jar
KDFzREm/NNNgI	NNNgI.class	1654	e104938b395bd4f072d5a6a1bf0ad2908f3aed4b	nursultan.jar
KDFzREm/NNNgJ	NNNgJ__0526c9a004cb.class	852	e9f7d9491b6051fcbcb778bf9f43bba80e7f3d4a	nursultan.jar
KDFzREm/NNNgK	NNNgK__a3d95c2f75c4.class	852	f7e5f9046dd9c056466aabb47e682c90f920d44b	nursultan.jar
KDFzREm/NNNgk	NNNgk.class	145	0c61c0f23b8db45730824b72deab3be0982be43e	nursultan.jar
KDFzREm/NNNGL	NNNGL__77c43c18e640.class	728	1d1b6ae6f5dd7eaf6f561ed2f0ea66f917c9aaf2	nursultan.jar
KDFzREm/NNNgl	NNNgl__a8c5fde29e43.class	1494	085d47b6ae24803d695a1ba66677fd508a42469a	nursultan.jar
KDFzREm/NNNGM	NNNGM__1bc028ff3a66.class	204	654a3090debc99707e690f0ad1ccfdf48212d545	nursultan.jar
KDFzREm/NNNgM	NNNgM__c35c66e72351.class	1056	1a7bca007ea1de74e08572ae9731308fd9e5598c	nursultan.jar
KDFzREm/NNNGN	NNNGN__f4d5cb66ef7c.class	145	dce3aa7402f0f58b0db024c85e8b0eb11bb8264f	nursultan.jar
KDFzREm/NNNGp	NNNGp__fd4104d42543.class	975	61cf13b8440e398d58e91844707356a80c21c345	nursultan.jar
KDFzREm/NNNGP	NNNGP__bdf0075c31e0.class	1259	2567181dd77dbfcc49267e3ecce89a7786c274e7	nursultan.jar
KDFzREm/NNNgq	NNNgq.class	1645	a9f3afefd368d7f757ee7cab80383216af88ebf0	nursultan.jar
KDFzREm/NNNGq	NNNGq__d02607cd5f70.class	893	53048728134032a75ffb34a34bdbb2ff227d2dd8	nursultan.jar
KDFzREm/NNNGu	NNNGu__83cdcc09fc2d.class	145	b878334ade0483fef6f6a09c123c9f409aab5136	nursultan.jar
KDFzREm/NNNGv	NNNGv__909c7cab02a4.class	145	49d264e05274fc4f47fe2e47a02b883604c81999	nursultan.jar
KDFzREm/NNNGw	NNNGw__80a332a69f42.class	649	461248045ea76150d7f384c7f6863af3de68c3bd	nursultan.jar
KDFzREm/NNNgY	NNNgY__a8179edbc487.class	145	e097254b060a2d104c4eb67237164863123c6c22	nursultan.jar
KDFzREm/NNNGZ	NNNGZ__a3e88910416c.class	443	db13fab98850da29d33de9ee9ab036966385d54c	nursultan.jar
KDFzREm/NNNhS	NNNhS__7e51323adc8f.class	145	6fa0218a7af2265c68e6334c5307fd0e55a6980d	nursultan.jar
KDFzREm/NNNht	NNNht__6f1057097a3c.class	145	4e26f74977e2a290cd1d5401d4d020e50fe0afba	nursultan.jar
KDFzREm/NNNhV	NNNhV__1157ec125a1e.class	358	605ade12f5097a0ec3eebe65092ef5843dea8618	nursultan.jar
KDFzREm/NNNi	NNNi.class	463	71eb87ad74180142b8b04fe0e7b3e7d2e96ecc5e	nursultan.jar
KDFzREm/NNNiA	NNNiA__616755e9eeb8.class	145	7442d8a02682aa8cd791052670ee80a3caed1f71	nursultan.jar
KDFzREm/NNNIa	NNNIa__330f6a89960e.class	145	69f83ef3b7c83f7a19ccf3082c5aac5acd0c5c92	nursultan.jar
KDFzREm/NNNib	NNNib__a2335406cd2f.class	145	3f385da6df46af9f77dc658cd5ceab628c949974	nursultan.jar
KDFzREm/NNNic	NNNic__682d6ad48095.class	145	aa539a98d808ed0eadc181985cb8d5f1694cfef2	nursultan.jar
KDFzREm/NNNiC	NNNiC__03b5923bf889.class	145	0cb18b79cdc09fea1669f354204925b8832cf557	nursultan.jar
KDFzREm/NNNiD	NNNiD__160265f59a39.class	362	723963ad08aeb3966ebc8bffef6e0db9ece0f108	nursultan.jar
KDFzREm/NNNie	NNNie__3c77d9e3131e.class	145	410670608ced05e2589a48624a7f07ca1824f4c0	nursultan.jar
KDFzREm/NNNiE	NNNiE.class	145	aa47d85ccbdb35858d8020be55b3c9b25314612b	nursultan.jar
KDFzREm/NNNif	NNNif.class	145	4bcad7de2c4901a3a66dd0b7606c75304d2f82d3	nursultan.jar
KDFzREm/NNNIF	NNNIF__b5303aec54dc.class	145	b28c5eea6e9a6654ee27a151b29b68f2e535432c	nursultan.jar
KDFzREm/NNNiF	NNNiF__04b240d1f5bb.class	145	f7e80ac77a1b622eadebe05880b84fd22cbc0fa0	nursultan.jar
KDFzREm/NNNiG	NNNiG__711a6e882d99.class	145	3ffef72ce23c2bd95dba58b0a13abaed56741ca7	nursultan.jar
KDFzREm/NNNIG	NNNIG__914bc493b50e.class	318	57399822246ea028bcd18147b5a49b8e7b162663	nursultan.jar
KDFzREm/NNNiH	NNNiH__18086b44b9b9.class	145	2dea1e0ce3edc87ff2c98a1aad22b3a5921a5e49	nursultan.jar
KDFzREm/NNNih	NNNih__b835d1678607.class	145	17d28f7b0eacdd14d1521361d8f0fe3d790011d1	nursultan.jar
KDFzREm/NNNii	NNNii.class	145	60d82ce021aaf8bb113dd4fd4067b6dc9ac9ff17	nursultan.jar
KDFzREm/NNNiI	NNNiI__5a555f2e536c.class	145	fe2108490426665a9eff531c23c618c9a36c4d9f	nursultan.jar
KDFzREm/NNNij	NNNij__eba71a6a328c.class	145	d02c26f6bbcbbce5bc33293c76e95956aeff2058	nursultan.jar
KDFzREm/NNNiJ	NNNiJ.class	145	6e00eb8a3e30df363336729ed589d5ad6dfc7df1	nursultan.jar
KDFzREm/NNNik	NNNik__92c2aa2d3510.class	145	a22b028e8f84673271f37410bf1deec5925b61a9	nursultan.jar
KDFzREm/NNNiK	NNNiK__aaefaab638fe.class	145	5be75e444c2a2ef8fcfcde59cf54378113dd9781	nursultan.jar
KDFzREm/NNNiL	NNNiL__6b6d89a5e381.class	145	ed1826e136d252a693b45725a654b9befe93a2d2	nursultan.jar
KDFzREm/NNNil	NNNil__eca1a80aa506.class	145	07dfc8311f5bd7845510670689578212c533a6a5	nursultan.jar
KDFzREm/NNNIl	NNNIl.class	320	7f1f5b4896519ab063c2b15a07bd3cf113c29acc	nursultan.jar
KDFzREm/NNNim	NNNim__aa6dff764ea8.class	145	f409e45905469e654f81634ec95cd880a255632d	nursultan.jar
KDFzREm/NNNiN	NNNiN.class	145	f7dd1bba10ca04beab76ace270f0a89afb2e30b6	nursultan.jar
KDFzREm/NNNIN	NNNIN__d62af3ecd2ac.class	142	40725c3715af0c13af225b345c9af97c4cea19fe	nursultan.jar
KDFzREm/NNNiO	NNNiO__b0587e21652c.class	145	a87726cf3ed0dd13e40929fc5b3733665d606d19	nursultan.jar
KDFzREm/NNNio	NNNio.class	145	6a7719785bbbddf886de27e26b5e1d07004d443e	nursultan.jar
KDFzREm/NNNip	NNNip__850e5d03fe1c.class	145	88fe4fe5aa62ce90c0b5df599b338c0ec4a62ce9	nursultan.jar
KDFzREm/NNNiQ	NNNiQ__81d2efe83d52.class	263	d10e50690c72cb71f137b94171993b6349ca084a	nursultan.jar
KDFzREm/NNNiq	NNNiq__e5a756d0d36e.class	145	96dc5de7b5d505d18bb2e648052ab7a661dd7f53	nursultan.jar
KDFzREm/NNNir	NNNir__72efb9f0d731.class	145	e8f5f4bc519434da73941524a7d6ca3755d2a32a	nursultan.jar
KDFzREm/NNNiS	NNNiS__4fa3eaffc370.class	145	7f388405023d0f1b26fda644c42873f4f605eeea	nursultan.jar
KDFzREm/NNNiT	NNNiT__1d10d19cfb0c.class	145	5f8ec426f13ae0f6ad9aeb0f69f5634cc22e7677	nursultan.jar
KDFzREm/NNNiu	NNNiu__ee13d2804444.class	145	7605b8b73f64ac4fbd7b6aaff33b4a4bde7f3b26	nursultan.jar
KDFzREm/NNNiv	NNNiv__ab48f11898f0.class	145	5111bdea0a287588f84956f3ba710a2676456b7f	nursultan.jar
KDFzREm/NNNIV	NNNIV.class	145	4dab0afc1826af4864e82a229f5de06006b27da1	nursultan.jar
KDFzREm/NNNiV	NNNiV__8c59c3c4152c.class	145	d75249e6cefbe2c711c1b401ee8df2030b077d43	nursultan.jar
KDFzREm/NNNiW	NNNiW__7b7f707fcc2e.class	145	201a71efca75bf2e55b70e5157b1944dfcad2e7d	nursultan.jar
KDFzREm/NNNiw	NNNiw.class	145	a15b0a4602c5007da5619e767c986ac4692d3c9f	nursultan.jar
KDFzREm/NNNiX	NNNiX.class	145	ea56afea82e7ea66c3c66ca64ec670f252c1c1d0	nursultan.jar
KDFzREm/NNNIx	NNNIx__13802854e5dc.class	145	38bb9e69a4cd87da8f341273222d20b6770c9c3f	nursultan.jar
KDFzREm/NNNix	NNNix__1393358b3ac4.class	145	3103e9eaa1d667cb1f14ded7910e2c09b82e9040	nursultan.jar
KDFzREm/NNNiY	NNNiY.class	145	4fa2f326cc3765c0d3cca0a2de2e272298061325	nursultan.jar
KDFzREm/NNNiy	NNNiy__1dc714e58635.class	145	4e01230834e7be26ea5c47d77e8e48bb7cd48d97	nursultan.jar
KDFzREm/NNNJF	NNNJF__ff205b435282.class	1086	e8fb911c8096029c7a1d4cf008dd56ebfc51c848	nursultan.jar
KDFzREm/NNNjf	NNNjf.class	723	fe2abab2342eeb4b4d2c0adcad39ba249c3df376	nursultan.jar
KDFzREm/NNNji	NNNji__a6cf2f7fad81.class	1040	73cfd0d9f2eb13c79ebe5207d80535e76bae18f8	nursultan.jar
KDFzREm/NNNJT	NNNJT__4a2b4c5c8429.class	195	739794b0c230c1ff93bf7ac7e248ed8482c65576	nursultan.jar
KDFzREm/NNNJX	NNNJX__9898271a56c4.class	482	98cd4a5891a26e7a1b09b45cad99cb697a25c608	nursultan.jar
KDFzREm/NNNKG	NNNKG__9ef45e9bd147.class	636	ddb8a702c1e3df3f2eeb4ff556b3c5c8d4aa1848	nursultan.jar
KDFzREm/NNNKI	NNNKI__0d84150e26a8.class	145	9de17a328a5ec412967bb97c663624b1d6f60b46	nursultan.jar
KDFzREm/NNNKj	NNNKj__4c1ecc8b76f3.class	145	fac8f1549b97201a27bd6ebc1ba7162854efb61c	nursultan.jar
KDFzREm/NNNKr	NNNKr__e2cb41c5f0b5.class	283	1757b4a3748f6891b17b8dbdfdbb9cc424383760	nursultan.jar
KDFzREm/NNNKV	NNNKV__21006659db27.class	548	a6586a982eeae6cdac779bac27bd6c6b5ac2a4ff	nursultan.jar
KDFzREm/NNNKv	NNNKv.class	145	21c1e10444152d814481b23ca16dc831366e6d45	nursultan.jar
KDFzREm/NNNKx	NNNKx__950e6030386d.class	145	8e92468ee9d1545dd9d23a26f122f0050b7a4f48	nursultan.jar
KDFzREm/NNNLA	NNNLA.class	145	e0951768aba06f44df3042c21e65fb6e2c811d44	nursultan.jar
KDFzREm/NNNLa	NNNLa__6016a7499217.class	145	3870e81c8c615cbbc71ab233f80600393d4ee51a	nursultan.jar
KDFzREm/NNNLc	NNNLc__0caef516d38b.class	145	69f4c4230fbb80c10f3f6c3b70d7f7fe3321356a	nursultan.jar
KDFzREm/NNNLC	NNNLC.class	145	cfe515a9c92896622c782f111cf0cbb9058db064	nursultan.jar
KDFzREm/NNNLD	NNNLD__c4d1cded631f.class	145	8aee4a4eadcd7874a979ad9e5de49b2d1fe36b0e	nursultan.jar
KDFzREm/NNNLd	NNNLd.class	145	ec42748df5fa449300f34d84d586286818a04c7b	nursultan.jar
KDFzREm/NNNld	NNNld__8de063aa6daa.class	441	8697adaa0a0076409e2e825b0fbdc7f29a1f3065	nursultan.jar
KDFzREm/NNNLe	NNNLe__191b1aad20eb.class	145	a0f84b8c42970b6de60ddcdb58a87533b8881c24	nursultan.jar
KDFzREm/NNNLE	NNNLE__be6b5533814d.class	145	e15168105402592db63a62ac089f528a4c0a87fb	nursultan.jar
KDFzREm/NNNLf	NNNLf__04d95684cd60.class	145	84fde37f1ced4712065d1f0f03a0897f1ec0cd4d	nursultan.jar
KDFzREm/NNNLg	NNNLg__e6087acd825c.class	145	924fba38fe6d2756a908e608da34db45f154613c	nursultan.jar
KDFzREm/NNNlg	NNNlg__7ea3c5f103de.class	145	adb5e01c87f8898ff40d0d005c0c40fe978e40a1	nursultan.jar
KDFzREm/NNNLh	NNNLh__49fe0ef52dd6.class	145	7fdc44497cf6f02c0f788c16ebf439663f3b05ba	nursultan.jar
KDFzREm/NNNLH	NNNLH__f1b2072a5a0f.class	145	ed661766d7283e26444f0b3c1e4548eb87cc4ffa	nursultan.jar
KDFzREm/NNNLI	NNNLI__81d30456d247.class	145	baa287e39a2ffb65301c68038e8ff1ead78c0bc4	nursultan.jar
KDFzREm/NNNLJ	NNNLJ__5de85c86dae5.class	145	4e58370d6c33e33ec038a2c842aab8c3142d373e	nursultan.jar
KDFzREm/NNNLk	NNNLk__56d03f5cce88.class	145	fb0f391472311801ae979647104c5657a51f432f	nursultan.jar
KDFzREm/NNNLK	NNNLK.class	145	e8ad952aeb93be767f18270733226bdc1eff2e42	nursultan.jar
KDFzREm/NNNLL	NNNLL__7d822d3d753b.class	145	c7213ced869b21616840a01f894ce26881d0c10a	nursultan.jar
KDFzREm/NNNLO	NNNLO__fb1e1ef7b8e5.class	145	6c5b11218be7bf16fdb537ee378fa534f9b48804	nursultan.jar
KDFzREm/NNNlo	NNNlo__7eee88fd5d55.class	487	fcf19aa16853c6730e6b79c9c993b72692721605	nursultan.jar
KDFzREm/NNNLr	NNNLr__72dd78d8ca4c.class	145	839edcbcb1ecfdc3164653e86c0c8b1a0bd906e0	nursultan.jar
KDFzREm/NNNLS	NNNLS__8f1be71c4df4.class	145	32b532242477fce1817f1ff5a583b8cfda718b76	nursultan.jar
KDFzREm/NNNLs	NNNLs__8b6db133df93.class	145	fdca30584f4d190cd8a29e9bf8d189ef1fe8543d	nursultan.jar
KDFzREm/NNNLU	NNNLU__a8d89a56152e.class	145	d96914a7183aa43a6fdbe2bdc42a1c728ff9e58c	nursultan.jar
KDFzREm/NNNLV	NNNLV__ac5a6bef0ce5.class	145	14375f7621da847cc770b8a891647994dc4d773e	nursultan.jar
KDFzREm/NNNLW	NNNLW.class	1678	6bf8b9bd60f5c24f22adef10767f1ce100b5a2de	nursultan.jar
KDFzREm/NNNLw	NNNLw__c4ffb8303011.class	145	8ac6dc8b16e4e751b78d64776ec5ce9969fd4d69	nursultan.jar
KDFzREm/NNNlw	NNNlw__a58f6d4fd7b8.class	342	c75eb57f6bbf98fd5794716f51027c4cd0d36dbe	nursultan.jar
KDFzREm/NNNLX	NNNLX__45e4c77dd11a.class	145	ce5abfe042d796af06b19bc5073183e030153fa7	nursultan.jar
KDFzREm/NNNLY	NNNLY__0444b99178e6.class	145	e046b592c8730cefae67b52f6abebb82d3badcc7	nursultan.jar
KDFzREm/NNNLy	NNNLy.class	145	f372330e04cd6e60bc9ff16a8a3b35b83ce3db90	nursultan.jar
KDFzREm/NNNLZ	NNNLZ__40d0ee8799ef.class	145	af86aa185cd9a8b8c72437dcd3211700e9711a96	nursultan.jar
KDFzREm/NNNLz	NNNLz__9503e702d1a2.class	145	d774e9707e0896cbf8856286a76780e2716495ad	nursultan.jar
KDFzREm/NNnM	NNnM__463dc18d6c6c.class	300	4db24edac38e50c149ec92aba8bd8287f0f7fbe3	nursultan.jar
KDFzREm/NNNma	NNNma__9c488fa16b2d.class	669	01b05d036f22d9e356f919bbb914864c15d4fd72	nursultan.jar
KDFzREm/NNNMA	NNNMA__a55606ca5eb5.class	145	d55d770d0f9c232df1b1837e36e7789a89cdc1bb	nursultan.jar
KDFzREm/NNNMa	NNNMa__53b6e4789ccd.class	145	386a075d107d0fac5c8b22c3ae069f6b85c5a04b	nursultan.jar
KDFzREm/NNNmB	NNNmB.class	145	bd0bf17976d8ae3aae86ffe33caff714e8e0a94b	nursultan.jar
KDFzREm/NNNmb	NNNmb__069044d4d12f.class	145	2c44b38d64e2fac167608874438e3d17e9846c9c	nursultan.jar
KDFzREm/NNNMb	NNNMb__b6b89ed7e0b4.class	145	5671a56a7dfa6b04de857d49b4c07a2b6ff5f227	nursultan.jar
KDFzREm/NNNmC	NNNmC__ef88cb941409.class	329	81b076bfc0836ac31e63944ae589a54b521ed8eb	nursultan.jar
KDFzREm/NNNMc	NNNMc__324f921452ba.class	145	4272e825f1bacd715ebe6f29b301fba7a9049c16	nursultan.jar
KDFzREm/NNNMC	NNNMC__46353c8dd004.class	145	ba55b68e83695ad98801ca7deae0b8340ad6b05b	nursultan.jar
KDFzREm/NNNMD	NNNMD.class	145	eb9463a8ecebdc027ea25e07c62ec4ba4744c4a8	nursultan.jar
KDFzREm/NNNmD	NNNmD__22cf063acfc0.class	669	491eac4abeae1c208ea46a51c0613c2021debbeb	nursultan.jar
KDFzREm/NNNMd	NNNMd__8c850c9c2e61.class	145	fd9f58de6c686a72129c3b57f2bd5d5188e3d190	nursultan.jar
KDFzREm/NNNMe	NNNMe__805e731a607c.class	145	c115bddea0cb8143004f474ae95c493d89902f2d	nursultan.jar
KDFzREm/NNNME	NNNME__d5fe7d5230e2.class	145	430b3b54b51f1733a47807d35fe48bc4daa046ef	nursultan.jar
KDFzREm/NNNmE	NNNmE__b344c4d78f1f.class	145	c2adf7fa1c5465205b3a8fe573d708cfc8be7299	nursultan.jar
KDFzREm/NNNMF	NNNMF__66f1864ff40c.class	145	4829adec170b89a7c088ecdd6d73df309ff32d6d	nursultan.jar
KDFzREm/NNNMf	NNNMf__5805d3d5b78a.class	145	09760d4fa80de0cb29f7d606d7fb6278124efc87	nursultan.jar
KDFzREm/NNNMg	NNNMg__1895d4fab3d6.class	145	e3379a21dbfacedfdcc4e27b22d1615b0787aa23	nursultan.jar
KDFzREm/NNNmg	NNNmg__80f41e7c0461.class	732	67c0722eeed9d7e7a5c89bc6c073dd733b418eca	nursultan.jar
KDFzREm/NNNMG	NNNMG__195d90ba10d2.class	145	101c03893cd5cefe68c2613ee6267356dc02fbdc	nursultan.jar
KDFzREm/NNNMH	NNNMH__d1811997de02.class	145	8b930db5439e6f9e7caa7991cbca684cb508eb21	nursultan.jar
KDFzREm/NNNMh	NNNMh__1883fe2c4cfd.class	145	42f57c079135d17711fb1902d64c431ba904e9f4	nursultan.jar
KDFzREm/NNNmI	NNNmI__a0862153a674.class	732	10c96d663213aebd5b7ab14798a7509b5ed9edd6	nursultan.jar
KDFzREm/NNNMI	NNNMI__da4ddc30af9b.class	145	5a7149fd07a6cb54511771cb6721e9b7f4561ef5	nursultan.jar
KDFzREm/NNNMi	NNNMi__25e5247e265f.class	145	a2db21793e21314840fae4767a751573c1bbfe4e	nursultan.jar
KDFzREm/NNNmj	NNNmj__9aae0f20c9fa.class	145	b20394e51b2f3f59c9532dd501cf7ae277876a79	nursultan.jar
KDFzREm/NNNMJ	NNNMJ.class	145	28f84c811e7c541ba3b86df4afb49b0e850cbf1b	nursultan.jar
KDFzREm/NNNMk	NNNMk.class	145	ceb54e0cfc42a957d1e154eab87de39ac80c4057	nursultan.jar
KDFzREm/NNNMK	NNNMK__c7c174b119d8.class	145	57b629a844895db33f5f715b07e19e17aed4842b	nursultan.jar
KDFzREm/NNNMl	NNNMl__f858fa6dc78f.class	145	02ea2b4c7f20f66afde5bdaa1907ff48b69a4802	nursultan.jar
KDFzREm/NNNML	NNNML__8680253068c9.class	145	d5906774dc94fd7b43c602afd05fa8784a5163e6	nursultan.jar
KDFzREm/NNNMM	NNNMM__58002644fde8.class	145	e374f65920e8a242fa6b3316f4a5bca47266413a	nursultan.jar
KDFzREm/NNNMm	NNNMm__198d13af35d3.class	145	eda7e6f4f0d96d807334f02111aca13b9fe195e9	nursultan.jar
KDFzREm/NNNMN	NNNMN__d7fc810645da.class	145	cb7e875df5e42c59e1a2635da0b86ce2360677bd	nursultan.jar
KDFzREm/NNNMn	NNNMn__b2e25729ec06.class	145	3f91abfb05458c26c49b59bd4b94e5355fb635bd	nursultan.jar
KDFzREm/NNNMO	NNNMO__29cca198463f.class	145	4c60d1bbee86f9824ab52f44129f87ed87367f7c	nursultan.jar
KDFzREm/NNNMo	NNNMo__6cef66923d12.class	145	4a54604c4bb70691c0adad860490f6ee9c758306	nursultan.jar
KDFzREm/NNNMp	NNNMp__895349bb24b3.class	145	c32f5d910bb85b82bad4356a540835f8fc207355	nursultan.jar
KDFzREm/NNNMQ	NNNMQ__ab9e9774b474.class	145	d45849be4ded788c375c482f1c5577caf60580de	nursultan.jar
KDFzREm/NNNMq	NNNMq__381afcf1580d.class	145	ede29622b25d1dc8e350d6dfc4fec7813b0e36d9	nursultan.jar
KDFzREm/NNNMr	NNNMr__1ee684007287.class	145	d5c9cae94f6d8ef945c1f8badfdcb5b742cfb2f7	nursultan.jar
KDFzREm/NNNMR	NNNMR__837a9159af39.class	145	897dc6f31b89a44e5b15d10394c2c37417d30bb9	nursultan.jar
KDFzREm/NNNMS	NNNMS__fc56465a55ef.class	145	7a2c46bd32923a71b7eb0c11cdad51280e059a7c	nursultan.jar
KDFzREm/NNNmS	NNNmS__670237634319.class	686	110c1b151d19f002ef9cd96b725f828f5d870b21	nursultan.jar
KDFzREm/NNNMs	NNNMs__8c3b21d2bd67.class	145	8ba7e21acfec49296b19c70622fe0bbf0e15ce15	nursultan.jar
KDFzREm/NNNMt	NNNMt__24f4f5b3fd10.class	145	3647222467883f0ead2f2604eabe240aa7cc33ac	nursultan.jar
KDFzREm/NNNMT	NNNMT__27bfb9e7a998.class	145	b54e5a3163ea36c07c1f9056bcdf097b50b7e0c2	nursultan.jar
KDFzREm/NNNMU	NNNMU__67edcb171bfd.class	145	a1452a6ff9626fae7102729f62a852b9e8bf5624	nursultan.jar
KDFzREm/NNNMu	NNNMu__26d9d38c1f46.class	145	07c8db6ac4311e2e8c6997321afc918a33ca1f95	nursultan.jar
KDFzREm/NNNmv	NNNmv__8708b0f78e30.class	145	a8ebe898fa5b49b0d00c21ee3ed295cb50f0e877	nursultan.jar
KDFzREm/NNNMv	NNNMv__edf3141ee584.class	145	77e206d260b5bbb26c2b71964ef611405f852505	nursultan.jar
KDFzREm/NNNMV	NNNMV__ee899017e0df.class	145	1718227b9f3485a41d73755cdbf38076d7abe4a0	nursultan.jar
KDFzREm/NNNMW	NNNMW__fc567fcb47a4.class	145	4d9d729cac55c24b151756dc71bc671d6973dcc1	nursultan.jar
KDFzREm/NNNMw	NNNMw__ac4f7a307b96.class	145	97366f70d79fdce734a66008a8214ef9147928c8	nursultan.jar
KDFzREm/NNNMx	NNNMx__cf1321ad67fa.class	145	e8dc3fa57967fedc80c0937f2f0e8aa2d2050581	nursultan.jar
KDFzREm/NNNmx	NNNmx__d8fa8b9373f7.class	398	532f6d881122542db2a87d47111874076e695eb6	nursultan.jar
KDFzREm/NNNMX	NNNMX__086e835479c6.class	145	e85aafec0075e6dbd7cf54017f56a91fcd9f109f	nursultan.jar
KDFzREm/NNNMY	NNNMY__67ac1bc50144.class	145	6f1a376729aab8199de5b0b54ea1e3a735238f3a	nursultan.jar
KDFzREm/NNNMy	NNNMy__cd4aff06a4ee.class	145	09de09c8da2f04b0487038861981fb851a33ef7f	nursultan.jar
KDFzREm/NNNmY	NNNmY__f6bd182563a5.class	933	46bc9ba660a76cf4060fec7383929d7362d7b9d9	nursultan.jar
KDFzREm/NNNMZ	NNNMZ__9550f9983bda.class	145	cca3a38baa1b98ac1eca6e91a835afd141ef8b34	nursultan.jar
KDFzREm/NNNMz	NNNMz__df0960b4dfd4.class	145	aa1453c53bcabade8fc116bce88e0591d2362aaf	nursultan.jar
KDFzREm/NNNnb	NNNnb__ca5b1495f351.class	145	950dac6832946834045a868b78b357d77ed943b8	nursultan.jar
KDFzREm/NNNNbA	NNNNbA__6696600f9a2d.class	598	a4d6805f9b9769e0d11ed1a1a11b7a77b83d7b0f	nursultan.jar
KDFzREm/NNNNba	NNNNba__3ffdff07600a.class	411	c89b6702182a830fb2b563efb57cb783bbdd1a3b	nursultan.jar
KDFzREm/NNNNbb	NNNNbb__f384f6fce550.class	4392	e651a7dc3d2610015983e9623c46f4f6096b328a	nursultan.jar
KDFzREm/NNNNbB	NNNNbB__2b3e694aeaa5.class	1158	8bb14930dae08d255715c59d24961bf17cbfab63	nursultan.jar
KDFzREm/NNNNbc	NNNNbc__7d158c21f315.class	6018	a6a003ac46a689e9252aaf23b9835fb9b9257a25	nursultan.jar
KDFzREm/NNNNbC	NNNNbC__faa1c16528f9.class	1123	a49bc99ae7886636c6c7bbcb7438828fd672f4dd	nursultan.jar
KDFzREm/NNNNbD	NNNNbD__071a13ef2682.class	542	f17682c96a47ba432a04a8a5407072c94ce81da0	nursultan.jar
KDFzREm/NNNNbd	NNNNbd__b640bf0e92a7.class	4223	f27362ad349c88deddb5d0e7c247737ccc5f83cc	nursultan.jar
KDFzREm/NNNNbE	NNNNbE__766ddc8edd3a.class	1623	9a97e74265c550a41d0198e64b5eb6d4a063c91a	nursultan.jar
KDFzREm/NNNNbe	NNNNbe__74609ab4f7fc.class	976	da637d8736273a83614a38f1494071b083670adc	nursultan.jar
KDFzREm/NNNNBe	NNNNBe__a0bc68b6a79f.class	923	173df818c524e753f835c6e82705c0770c3cd992	nursultan.jar
KDFzREm/NNNNbF	NNNNbF__78ea247b3c03.class	333	b95919460e382c401df6631faf14357c5c49f4ac	nursultan.jar
KDFzREm/NNNNbf	NNNNbf__1793c9f792c7.class	1023	e721b79afb3e67c770322c42ad42ec4478a747f9	nursultan.jar
KDFzREm/NNNNBg	NNNNBg__e6824e6808cc.class	740	a6274d1ef4b21f45c8e39c18410eb7f6eb25606c	nursultan.jar
KDFzREm/NNNNbg	NNNNbg__27e36d24c9f7.class	825	af6ee8c08a08d3e087274933a2c5bcbed0fdff53	nursultan.jar
KDFzREm/NNNNbG	NNNNbG__4b3769f34ee8.class	158	eba1c33e862a62bbad5534d3206efd3ee00fcc1d	nursultan.jar
KDFzREm/NNNNbH	NNNNbH__90c6408d188c.class	415	888da648df7fcde84ca21be60f20eb76047cd1c6	nursultan.jar
KDFzREm/NNNNbh	NNNNbh__cb7b2a73f32a.class	1077	6eff3b22fd71b4281b9861e66db9df60a564c7e3	nursultan.jar
KDFzREm/NNNNBH	NNNNBH__0c10b6f779cb.class	919	d4b1c7cc363b63402e7d6b4bf682473a318f88cb	nursultan.jar
KDFzREm/NNNNbi	NNNNbi__577e4934a68b.class	133	ebd8b069114d8ef74ed806ef4a9040ec48af2ece	nursultan.jar
KDFzREm/NNNNBI	NNNNBI.class	742	82abdfb610c3809553cb99324eaf36d8064fb2be	nursultan.jar
KDFzREm/NNNNbI	NNNNbI__89246fc9e912.class	828	fd39fd10992a6641d64864460a208b4074b904f7	nursultan.jar
KDFzREm/NNNNBJ	NNNNBJ.class	742	5a1cf31d937b66b95f7d8d16dcda0a9b821e8f01	nursultan.jar
KDFzREm/NNNNbj	NNNNbj__ba1da34446de.class	1811	f2c6688a3dab81af00f13ac609bb6b79bcf6c8d9	nursultan.jar
KDFzREm/NNNNbJ	NNNNbJ__401800d88944.class	2394	23404065413150102c2be442915c0d50b8688e5a	nursultan.jar
KDFzREm/NNNNbk	NNNNbk__ebe59d70c1f4.class	283	e9da7e76f327346e0e90e22f2e25e5c239d974c9	nursultan.jar
KDFzREm/NNNNbK	NNNNbK__98a5761a010a.class	1863	bc176ef097fbed61f2a2b1c67a1215bba14e0290	nursultan.jar
KDFzREm/NNNNbL	NNNNbL__f4c86dd0790f.class	162	3e397621a95b64bdee1944df6872904cb7b38060	nursultan.jar
KDFzREm/NNNNbl	NNNNbl__6e4bfd5770c9.class	99	1f8d4fcaf50c13f20ecacb23d0935ce2d2f1d34e	nursultan.jar
KDFzREm/NNNNbM	NNNNbM__31d912687b62.class	1875	711da1ef81296e5e428ad8253c47052e6d65efba	nursultan.jar
KDFzREm/NNNNbm	NNNNbm__d00c5b4e7fa4.class	4262	396c23ba06bf7405c0c3fd096c30f27622132886	nursultan.jar
KDFzREm/NNNNbN	NNNNbN__2caed0480a96.class	791	940e3fc62e94574f8566e0f677c719e95fe2589a	nursultan.jar
KDFzREm/NNNNbn	NNNNbn__68a16f26ac84.class	288	5b43310bc73e9372ae395686455153f881ab0830	nursultan.jar
KDFzREm/NNNNBO	NNNNBO.class	738	1fda316352133bc732df98651164bf1aa84ac649	nursultan.jar
KDFzREm/NNNNbo	NNNNbo__a33275eb237e.class	2923	defbea94db14b01d4e49daed923e4d8b34d527f3	nursultan.jar
KDFzREm/NNNNbO	NNNNbO__6fe9805bc244.class	756	1d4a29ce6df9c8eef7aaf0ed6e650ae568528ac4	nursultan.jar
KDFzREm/NNNNbP	NNNNbP__cd626255523f.class	606	ad9adf1a44f1378d9bdf0504ae161024c73bb83e	nursultan.jar
KDFzREm/NNNNBP	NNNNBP__b7479fa89c64.class	146	49bffc2a29af079b244f3d3b5ee3044c21cf8b05	nursultan.jar
KDFzREm/NNNNbp	NNNNbp__714d796d89b1.class	1281	25268e71e697ca5cb5b327b4e501e680f5ea5e29	nursultan.jar
KDFzREm/NNNNbq	NNNNbq__0fe31e97fc91.class	966	7565b26cae3ee0ce068526f6682c054674e05c65	nursultan.jar
KDFzREm/NNNNBq	NNNNBq.class	923	d1b3f64112a5e3d30ea26b7f286464afb86992c3	nursultan.jar
KDFzREm/NNNNbQ	NNNNbQ__c1816c92a454.class	352	a5d6eeb858c8878f7a726195f7297b0ae52206ac	nursultan.jar
KDFzREm/NNNNbr	NNNNbr__145fe293c911.class	1865	6106e5aed993743bfc2d975ae6df96be751e1ab1	nursultan.jar
KDFzREm/NNNNbR	NNNNbR__6303b7b4434e.class	8358	1dce954c1c3b7f0222b776c23acf4f19f5a585b3	nursultan.jar
KDFzREm/NNNNbS	NNNNbS__4749a6aa249b.class	730	a5401d13ddb84133241268223c60e3ccd7cf1a8b	nursultan.jar
KDFzREm/NNNNBs	NNNNBs__a68f134c2de2.class	146	3ff81d4d10dab60810d8d74d06d2580836ddba95	nursultan.jar
KDFzREm/NNNNbs	NNNNbs__b1f71e794a6e.class	785	11199b722c0163f52491f0dbafa0fef041fc72cd	nursultan.jar
KDFzREm/NNNNbT	NNNNbT__4bc424e41a3d.class	323	a8038b7ceffe67cda48cff08a01a3dc397dbad0c	nursultan.jar
KDFzREm/NNNNbt	NNNNbt__6d7b478f5a4c.class	972	2e11e2f1d89ed64ef8f703bff638070924eea7a3	nursultan.jar
KDFzREm/NNNNbu	NNNNbu__51bba137adf8.class	199	dcf9587dd19dd3a8981c9cbc5c4ab43ee9fa9a33	nursultan.jar
KDFzREm/NNNNBU	NNNNBU.class	394	b7405e8c97468d995bf4a017f01e80d2cc6aeed1	nursultan.jar
KDFzREm/NNNNbU	NNNNbU__6521007c0b4f.class	448	b28cfb8d4499191ee214fdb3507319c68c0f2d15	nursultan.jar
KDFzREm/NNNNBV	NNNNBV__dc0b1cc3427c.class	919	7ebc6b7bc5b09c90c10add935c4815ac26d7f2ae	nursultan.jar
KDFzREm/NNNNbv	NNNNbv__b70e9db4eee2.class	759	45b90da424b59d8892bb8e767f380d972384b8cd	nursultan.jar
KDFzREm/NNNNbV	NNNNbV__867918c9f679.class	746	7e35e928c74871b16a3167d5cf5f393514928c72	nursultan.jar
KDFzREm/NNNNbw	NNNNbw__bdb80b73088f.class	554	c864ef7df872b6b8229a2d178582efaf14fcb300	nursultan.jar
KDFzREm/NNNNbW	NNNNbW__e5266f43954a.class	1367	29bc119b49b5f23ca244cc35e8766eff758a47a6	nursultan.jar
KDFzREm/NNNNbx	NNNNbx__ff145f868fc3.class	3567	189b7b65e3c9cfdb8824bd46a63cda53f41759fe	nursultan.jar
KDFzREm/NNNNbX	NNNNbX__56ee6a7e2473.class	4917	f7fa5f04fa69c2fa50fb1081acd82c016cd19863	nursultan.jar
KDFzREm/NNNNbY	NNNNbY__91228e1b6f6a.class	392	e05f86f38791fee95e2a3cdf228f1f80462c51f9	nursultan.jar
KDFzREm/NNNNby	NNNNby__adf81af36e20.class	99	334ef66cd66746a6121b210bd139a989f03a1f1c	nursultan.jar
KDFzREm/NNNNbz	NNNNbz__bfd25194c811.class	11364	6cba20f71af5f797c9a3dc2302bc19756ac2eb5c	nursultan.jar
KDFzREm/NNNNbZ	NNNNbZ__4ad4da6eca05.class	529	9bf18bef6f35c3c285b2830495dd29deba089508	nursultan.jar
KDFzREm/NNNNBz	NNNNBz__b014ebc7a30d.class	357	ed4215223a1f1b97337b4c6663cf89ab7668ca68	nursultan.jar
KDFzREm/NNNnC	NNNnC__71aeca5df551.class	1274	a66e77ed710d66b52f7efd55259cc9f25e2a983d	nursultan.jar
KDFzREm/NNNNEE	NNNNEE__2e1fcb2c234e.class	146	7d67cd4e76c45fdcb1185ec1503bf714503a6001	nursultan.jar
KDFzREm/NNNNEL	NNNNEL__2b198cab5661.class	146	677e681c8600323c922e5a91fbb436d52086fba3	nursultan.jar
KDFzREm/NNNNEU	NNNNEU__44a69c5cd255.class	146	6dcef25288186f37274c19ccba4f8fa57d9a95f9	nursultan.jar
KDFzREm/NNNNGB	NNNNGB__1e3939895fec.class	1424	44efbdf57968c48f34ae8ae2fa5d9a2a35071518	nursultan.jar
KDFzREm/NNNNGb	NNNNGb.class	8094	74ee310965cab0e43807e4828ef8dc622f478fe7	nursultan.jar
KDFzREm/NNNNGd	NNNNGd.class	301	c085e40fa8769ae53fcff55aa00f2c2ee802b35f	nursultan.jar
KDFzREm/NNNNGE	NNNNGE.class	5153	6f400e2917f26d17feaa7930cb2db14c78f8d69f	nursultan.jar
KDFzREm/NNNNGG	NNNNGG.class	1195	dd0a945e92b596a194cbbf5e2f6716f3b62f30cd	nursultan.jar
KDFzREm/NNNNGg	NNNNGg__bc200bc389f9.class	1019	30dd28755e9e84e168c0703f955277551129a212	nursultan.jar
KDFzREm/NNNNGi	NNNNGi__9e02c7d70c5f.class	2070	b4a9cbaf794927e99115bb1fd8fcecdcf8d6532e	nursultan.jar
KDFzREm/NNNNGI	NNNNGI.class	203	1c75dd01272c81299e8bc514cd043dd982117c3e	nursultan.jar
KDFzREm/NNNNGj	NNNNGj.class	845	493278b93a6b77c32b01239241a979984aee18b2	nursultan.jar
KDFzREm/NNNNGk	NNNNGk.class	336	9ec4ef056f665087274753a268c640615175fa21	nursultan.jar
KDFzREm/NNNNGL	NNNNGL__433769792b51.class	1465	b66e025e192c4e287543fd33ce3efd3f3acfb9ee	nursultan.jar
KDFzREm/NNNNGl	NNNNGl.class	932	e5cc8f9e9e3f69a80862724ff61c618455d18e90	nursultan.jar
KDFzREm/NNNNGm	NNNNGm__acad8045181d.class	522	ae9d2c53572cdaefa362633331d0f9bde74870f8	nursultan.jar
KDFzREm/NNNNGM	NNNNGM.class	438	7034a99a1a2185ffc10f9ec81b297af5522c6f2f	nursultan.jar
KDFzREm/NNNNGn	NNNNGn__b2d659e728ec.class	951	146167ef19c7c4483570564a286ee012a81cb6ed	nursultan.jar
KDFzREm/NNNNGN	NNNNGN.class	800	6b0b5c072e06f4c14bf0859ed8b6828e55f1f637	nursultan.jar
KDFzREm/NNNNGO	NNNNGO.class	1555	74ed4122e5208ecf44e50d29435e645fbd736bd4	nursultan.jar
KDFzREm/NNNNGP	NNNNGP.class	304	01177fff340cf7b667691ee19d9fc89f23c8b04e	nursultan.jar
KDFzREm/NNNNGQ	NNNNGQ.class	485	b44d98d486673571106705368a1361f800759b29	nursultan.jar
KDFzREm/NNNNGR	NNNNGR.class	910	6635e8adc7f2e4129e25258bcf4e6f4c90b3df06	nursultan.jar
KDFzREm/NNNNGs	NNNNGs.class	189	e5bdb75f767a55d06534c3752c397d543da8de4d	nursultan.jar
KDFzREm/NNNNGt	NNNNGt__d7befe245f04.class	1122	f8da5c7e8a942469f12104295ef567ee8c8a1813	nursultan.jar
KDFzREm/NNNNGT	NNNNGT.class	771	b2a71cc0fbce1e1ae272a6018795c1b7a0ec7099	nursultan.jar
KDFzREm/NNNNGu	NNNNGu__4f6ca71be158.class	1240	689432a93ad0776375024479eb45d16dedcd0c72	nursultan.jar
KDFzREm/NNNNGU	NNNNGU.class	3359	51b9e6870971cf3188d063441d83d0aa3c4ad98a	nursultan.jar
KDFzREm/NNNNGv	NNNNGv.class	973	815b2a123fce082f6e4b3b567e3c6eb0159231fc	nursultan.jar
KDFzREm/NNNNGW	NNNNGW.class	1015	e49353936af94a9aa0279307121edc2c5be8d3d0	nursultan.jar
KDFzREm/NNNNGw	NNNNGw__4d1f42eb507d.class	336	74557238d49293a51bfebcc4483af78454820c4e	nursultan.jar
KDFzREm/NNNNGy	NNNNGy__28bb26af07ab.class	1931	e554940405cc03c276dff458ec80a2ed6bfbc28b	nursultan.jar
KDFzREm/NNNNGY	NNNNGY.class	2173	acd8209f83d6eb457f3f83651a245c63b246b5d8	nursultan.jar
KDFzREm/NNNNGZ	NNNNGZ.class	1009	e520f12009b7a310acd91be2f509ac9bd2c79f5c	nursultan.jar
KDFzREm/NNNNGz	NNNNGz__1201dfeda475.class	527	7c45974f8be6ced7c345727b48600f43cbbcfb51	nursultan.jar
KDFzREm/NNNNiD	NNNNiD.class	2833	d4b376658fe0f7545a37de6b2f309834fdc36df2	nursultan.jar
KDFzREm/NNNNif	NNNNif.class	2959	5dbf8c5027d961a2811b5a53ca0c6aa75400ff91	nursultan.jar
KDFzREm/NNNNiF	NNNNiF__af075e4eaf85.class	1498	cfd0ca06372a4d990f95031736d89a66b7bc94b1	nursultan.jar
KDFzREm/NNNNiO	NNNNiO__c65b6749c782.class	146	d1b34efc7f055c9dd4419c52f443df7085b60102	nursultan.jar
KDFzREm/NNNNiP	NNNNiP__fd7b0f5240e6.class	1265	4b078edb4c06df9ff3d571474c0957dab56e4564	nursultan.jar
KDFzREm/NNNNip	NNNNip.class	848	91eac33888cfc7c68d1cedcb830e41e8173e4699	nursultan.jar
KDFzREm/NNNNiv	NNNNiv__49c3520db26c.class	146	550059bcc2b4e9d7373a8e669ae28abe3c09253d	nursultan.jar
KDFzREm/NNNNjA	NNNNjA__6bd7676139c8.class	4536	4807b2725fa0bcd961dd625068de002d417609cf	nursultan.jar
KDFzREm/NNNNja	NNNNja.class	1376	4919f443b5b777381b9e66904bc33172a47b20cd	nursultan.jar
KDFzREm/NNNNjb	NNNNjb__2a0f1cb87ff6.class	835	0a8b9115af75397477ee9ca491ce18c4a415ed5b	nursultan.jar
KDFzREm/NNNNjB	NNNNjB.class	990	4db0b7e369e0c57fcff6701f17ffc4d62c9ac239	nursultan.jar
KDFzREm/NNNNjc	NNNNjc.class	357	5a9fe4e4692e40e4690e041fe4d45f4656e3fe0c	nursultan.jar
KDFzREm/NNNNjC	NNNNjC__1e0ea257303f.class	1817	3d28ba3f436797c9d8173621c706b47482b41528	nursultan.jar
KDFzREm/NNNNjD	NNNNjD__d3fa3c617476.class	4069	c428680d2d5e816a7806999ef036aa189685cb44	nursultan.jar
KDFzREm/NNNNjd	NNNNjd.class	1145	7ac431ad8628029118029d7e43f4011122277405	nursultan.jar
KDFzREm/NNNNje	NNNNje__7433b9011392.class	1355	61d1f9d471252a80b755363f9e02f45a1d3f90d2	nursultan.jar
KDFzREm/NNNNjE	NNNNjE.class	5196	6146478352c37c4388020ad2bef44eff77106427	nursultan.jar
KDFzREm/NNNNjf	NNNNjf__27fb88b2d6b9.class	1100	ce4e24e1abf9e6ab9df4c660498d2b03ceefbe6f	nursultan.jar
KDFzREm/NNNNjF	NNNNjF.class	1514	285f8dbc6d40b683a476f698f55b224c52f8dc9c	nursultan.jar
KDFzREm/NNNNjG	NNNNjG__05b3b698eec9.class	447	49e696eafe309f40164b9fdbe687e76450aae18a	nursultan.jar
KDFzREm/NNNNjg	NNNNjg.class	1768	feb67366b11a731c15092e06d2a9afba33d9ae7b	nursultan.jar
KDFzREm/NNNNjH	NNNNjH.class	2754	a80dc14c6809d1f750dd604fa7a240e8f536e6da	nursultan.jar
KDFzREm/NNNNjh	NNNNjh__6bf75fb68902.class	311	4effb6f27ea0366bfe168a4c5c58c71b03a86ea9	nursultan.jar
KDFzREm/NNNNji	NNNNji.class	832	2331a6755381dccc7f0e6b52c8b9a4d506ab1c79	nursultan.jar
KDFzREm/NNNNjI	NNNNjI__8501419bb53d.class	179	8233ac251bef322332e5e710232b901c96bb5b6a	nursultan.jar
KDFzREm/NNNNjj	NNNNjj.class	1365	dd9e344825ec0310c7f7664329fd1c4b512e7361	nursultan.jar
KDFzREm/NNNNjJ	NNNNjJ__6ee8a34b0fd3.class	430	d02719ab9b450e6c470e181b25d1867be912313b	nursultan.jar
KDFzREm/NNNNjk	NNNNjk.class	468	13cfb27c1df4027d6f9b3d5bec6c70ef2e7f284c	nursultan.jar
KDFzREm/NNNNjK	NNNNjK__675dcc3ac0e1.class	1808	ce3d0f20069b4c7c2414abd11901fe2bfe5c2738	nursultan.jar
KDFzREm/NNNNjL	NNNNjL.class	1397	797b4c492f148ccbaa0a0d919b9615cea005210f	nursultan.jar
KDFzREm/NNNNjl	NNNNjl__afab4179602a.class	621	c0b6943712e3071e1973169bd41d2a492aa9dbb2	nursultan.jar
KDFzREm/NNNNjm	NNNNjm__d25f1298d3f7.class	2006	624ebe531b3d02da019de4ea13341fe20762c6f1	nursultan.jar
KDFzREm/NNNNjM	NNNNjM.class	1169	a2998cd786665ca81834f60f60d6d276dbfb3226	nursultan.jar
KDFzREm/NNNNjn	NNNNjn__08972e305563.class	1410	d052b223c4f4a074e32a7733e726302579304347	nursultan.jar
KDFzREm/NNNNjN	NNNNjN.class	8440	55a082fc0decf26976c05987c8722d57f6d38027	nursultan.jar
KDFzREm/NNNNjo	NNNNjo.class	215	974d17a0555cb33b5d6fa6d6623bad5d03453fbe	nursultan.jar
KDFzREm/NNNNjO	NNNNjO__7e747657c5d2.class	585	a94ac48c68b43bcbf0bd048b3e8d835367f4ee1a	nursultan.jar
KDFzREm/NNNNjP	NNNNjP__4a0526ddc212.class	3372	e338c23bfa86d0849fc3b7e7e28a8cc9270454b1	nursultan.jar
KDFzREm/NNNNjp	NNNNjp.class	328	d7cab583787ea793f6103c1d3a50d1f0eb994da8	nursultan.jar
KDFzREm/NNNNjQ	NNNNjQ.class	540	2fbfe023c27be1c2987ee1c3ef1ee906c465cd9f	nursultan.jar
KDFzREm/NNNNjq	NNNNjq__94b92b98a6a6.class	708	69f31defa3df0752235fff8892a5b24f611ada3d	nursultan.jar
KDFzREm/NNNNjR	NNNNjR.class	3883	c8e0b6fd70d119a7c9932014a2dad2b5897681fd	nursultan.jar
KDFzREm/NNNNjr	NNNNjr__b53a1422c9a8.class	740	4b44ee851d6761feb4d12350bec51b1977a06afb	nursultan.jar
KDFzREm/NNNNjs	NNNNjs.class	2256	eaa41cae9d1b7797a680cecf1d76def7fa077140	nursultan.jar
KDFzREm/NNNNjS	NNNNjS__f0e94f2c7b6e.class	2112	95f5bb1d38456cb4980d487d7122728dd5df28fd	nursultan.jar
KDFzREm/NNNNjt	NNNNjt__8c17e16ec061.class	317	57d897975835eec57ef36a4886a9769d320daa13	nursultan.jar
KDFzREm/NNNNjT	NNNNjT.class	986	19fc6ff8fe3f9b3ee4af036d6d7c56f57513a434	nursultan.jar
KDFzREm/NNNNjU	NNNNjU__2375535043ab.class	1064	0a920abdbda2e6279ff41d26742b7dcedb5efcc0	nursultan.jar
KDFzREm/NNNNju	NNNNju.class	1629	dc3da99bd638d35cd2d98dc5ffe9138aa307bb9f	nursultan.jar
KDFzREm/NNNNjv	NNNNjv.class	748	400cbd0415c2932dad09c1753602147815044568	nursultan.jar
KDFzREm/NNNNjV	NNNNjV__25db43329033.class	1224	3f90aa57e9649bfc39979f01307201050ed0d97e	nursultan.jar
KDFzREm/NNNNjW	NNNNjW.class	1150	5265b85400d6ef5bb7bcc7247615db46ef1ee307	nursultan.jar
KDFzREm/NNNNjw	NNNNjw__d550caa81250.class	1216	976132e21ccfb5957501189af08cc3ffda9f07a1	nursultan.jar
KDFzREm/NNNNjx	NNNNjx__31a40eaff22a.class	380	ddb0b1f94f75979f2d90bd8e844ab72182b0c19e	nursultan.jar
KDFzREm/NNNNjX	NNNNjX.class	3313	81fe680a19af73dc8ee777a364cca7bad0f743a7	nursultan.jar
KDFzREm/NNNNjY	NNNNjY__1f31f4b3a45a.class	316	50f2226aa7bfbf36d8070f2109e3c31fc9611921	nursultan.jar
KDFzREm/NNNNjy	NNNNjy.class	813	93d13ea3d8cddae29102e3540a022682b117202b	nursultan.jar
KDFzREm/NNNNjz	NNNNjz__cd1c3b445b00.class	9215	60ab3b057ee860b64677ba4178dd4ee3358e8c52	nursultan.jar
KDFzREm/NNNNjZ	NNNNjZ.class	801	f00b26a62851a251efd83444ac863920768495b6	nursultan.jar
KDFzREm/NNNNLa	NNNNLa__b6967cacb6ac.class	581	1e9bd26f9486c327117ea14dc788b6098ca4448b	nursultan.jar
KDFzREm/NNNNLF	NNNNLF__1c0d0556b5b0.class	146	1c231d83d14c87b80b556ee145ce836203a21042	nursultan.jar
KDFzREm/NNNNLt	NNNNLt__0787eda6fb92.class	146	3ec2cfc12239643ebb41c72a374960f27f4c652d	nursultan.jar
KDFzREm/NNNnm	NNNnm__1e019485f4b0.class	649	4c8066844d85ebb22bbef829fd426d444f0c961f	nursultan.jar
KDFzREm/NNNNmd	NNNNmd__5306b0c54bb9.class	2080	9c423de186f58f1b73b018aad45b01f85d836622	nursultan.jar
KDFzREm/NNNNmE	NNNNmE__ddf122f0cdb8.class	406	dcf71e93061ecbc1fbfee6ac7352d10f6bfc1581	nursultan.jar
KDFzREm/NNNNmf	NNNNmf__d53bfc14c2c8.class	146	99fe713485e1a1edc9a298093db056abb20784e7	nursultan.jar
KDFzREm/NNNNmh	NNNNmh__a3597159345d.class	640	b883ba77f58dbd8484b93360b8c784224ead7324	nursultan.jar
KDFzREm/NNNNMP	NNNNMP__4cf21e0668a3.class	146	645b62908cf43e4fb1b98bfe6f9ecb30feaaa0aa	nursultan.jar
KDFzREm/NNNNmV	NNNNmV__e901e7675919.class	596	f63e14d387988fd3ede590969a50882d69b3eae0	nursultan.jar
KDFzREm/NNNNmw	NNNNmw__3ff7188e871c.class	498	ad4e8e56782e4aadae29c6c590d58d761cc7faf4	nursultan.jar
KDFzREm/NNNNmY	NNNNmY__e71485c04458.class	2866	ce5b5e817706dce82b48531d991606bb994720dd	nursultan.jar
KDFzREm/NNNNna	NNNNna__a455da5361d3.class	918	d4e78e88a950b0516bf7f560a1dd3e7d271b92f8	nursultan.jar
KDFzREm/NNNNnA	NNNNnA__e00662429656.class	1151	f6c600e44c60128bc655734b53ea5d009afd7348	nursultan.jar
KDFzREm/NNNNNa	NNNNNa__6438fe593159.class	105	30f1d436e104df9dfeb4b5e91bac644c1367d2ec	nursultan.jar
KDFzREm/NNNNnB	NNNNnB__93d213a89a61.class	940	ad1a77d045ceac122817b480eb7a2d72c3478b11	nursultan.jar
KDFzREm/NNNNnb	NNNNnb__5699d3762a7c.class	207	703fa5ff6378d71cb3bb919f6980f2ed1af0e0cc	nursultan.jar
KDFzREm/NNNNnC	NNNNnC__4a0098bb2f45.class	339	cddcfd5215d6ebeec4f702a22a16fc76d5eb9641	nursultan.jar
KDFzREm/NNNNNC	NNNNNC__ad2e17de7ed6.class	2580	1ecfc8d7bcac77b67d952eaff582e6342fb08fbd	nursultan.jar
KDFzREm/NNNNnc	NNNNnc__6f9d1a6defd4.class	1097	1591619c9e7af15ca3d3a8a5883f12c2de99f26a	nursultan.jar
KDFzREm/NNNNnD	NNNNnD__bad4b1885a28.class	2702	c38ba879fa6d3d0df491efa353207bc58beaddf8	nursultan.jar
KDFzREm/NNNNND	NNNNND__c4692263e041.class	1139	853c018c517b63cda1f8f872321f4c468fac82b0	nursultan.jar
KDFzREm/NNNNnd	NNNNnd__68933bac1991.class	1143	bce87dcd3fc81a0bf8396052ff4b89eedecf1729	nursultan.jar
KDFzREm/NNNNne	NNNNne__0738dcc0795a.class	5252	5ff8b3f6900d26ef36e56faa6bacf1c3451c9b3f	nursultan.jar
KDFzREm/NNNNnE	NNNNnE__34eaa1fa3128.class	1209	41b2f1a364fd249b044f8905d42285fe93fadc77	nursultan.jar
KDFzREm/NNNNnf	NNNNnf__55a5f2677b21.class	1993	7787acba9be065e299c8efe8c9484832ed0bcf6c	nursultan.jar
KDFzREm/NNNNNf	NNNNNf.class	640	60a605a00363168d1fe6b022d0beab136447471c	nursultan.jar
KDFzREm/NNNNnF	NNNNnF__911423e983da.class	1287	cc20cece40d351b85df4da7c2f6e5808438f4b89	nursultan.jar
KDFzREm/NNNNng	NNNNng__c4f0d246b045.class	1834	dc62f426ad07513f69270905ca6d9be0d3c5fc7e	nursultan.jar
KDFzREm/NNNNnG	NNNNnG__85c680a3bd1c.class	1225	a99473e3a0da1b698558ff3b8fc140ce21a1605f	nursultan.jar
KDFzREm/NNNNNh	NNNNNh.class	751	5b6b162b82eafab3de55f3fdb42284f3f720316b	nursultan.jar
KDFzREm/NNNNnH	NNNNnH__0384f87c7b69.class	374	75f76b8a3aa100b0da50f33fed81a0935caa7ba5	nursultan.jar
KDFzREm/NNNNnh	NNNNnh__323cf2e14e54.class	1365	4a36097829d8693176e911b0425abff1288459f0	nursultan.jar
KDFzREm/NNNNnI	NNNNnI__7998afd90eb2.class	1246	cbf27faf94d0453b9fc71ddd5be73d8188a18878	nursultan.jar
KDFzREm/NNNNni	NNNNni__8d31634bc7b5.class	492	ca98951cd177254562f563044a64caebdfcdd763	nursultan.jar
KDFzREm/NNNNnJ	NNNNnJ__d23a1b0a4c11.class	169	20bcafa6ba17827f8b9b5eec5ff415cca485651e	nursultan.jar
KDFzREm/NNNNnj	NNNNnj__20612f63cb9d.class	1518	dce95442c62f96552fa7b3f901d97696d7b20bf9	nursultan.jar
KDFzREm/NNNNnK	NNNNnK__63f8f84f7973.class	1834	6535fe56a78f202b09398a48ae771fc3812d4d92	nursultan.jar
KDFzREm/NNNNnk	NNNNnk__ab3f4e84cf5f.class	2018	33e3a78fd0352f9273f9cde3953e37412cdddf47	nursultan.jar
KDFzREm/NNNNnL	NNNNnL__bc6b65593332.class	168	d4edab45b0e96a883a433f41a46bf64b1c3b7b9f	nursultan.jar
KDFzREm/NNNNNL	NNNNNL__4290cb5d7059.class	1598	0bbd07aae3a8ccfd5be6577e61fb58c163a86286	nursultan.jar
KDFzREm/NNNNnl	NNNNnl__c3e16a75fd2b.class	228	3d0bf3496a8d186159116727e07553f67cd1ff5b	nursultan.jar
KDFzREm/NNNNnm	NNNNnm__067b9f2ac5c5.class	2000	f2e19f24236a7c6abbec79d072aa62711f659182	nursultan.jar
KDFzREm/NNNNnM	NNNNnM__617c5d57fccd.class	1314	40607d218b2a2637c01c5efa0af64d9024bbd4b3	nursultan.jar
KDFzREm/NNNNnn	NNNNnn__78c9f28b9b76.class	118	74790920c0c1539b0b16cde9e365da2480c33a1f	nursultan.jar
KDFzREm/NNNNnN	NNNNnN__03f9f5b164f4.class	725	603a07cd5040ae66d809834a77fecdc4eca788f5	nursultan.jar
KDFzREm/NNNNno	NNNNno__586f391274e1.class	2058	3fe5c08a9fb2486da52bc70335a2c1c2e29f9f91	nursultan.jar
KDFzREm/NNNNnO	NNNNnO__1ada122e9a72.class	1098	5e7cba1322e8d6439522f168a3e0764144f3c9e8	nursultan.jar
KDFzREm/NNNNnP	NNNNnP__c8caff7812ea.class	1328	97838603a947493b9a492fa233a82dce12bd9eec	nursultan.jar
KDFzREm/NNNNnp	NNNNnp__8f5fbb4bf271.class	6077	fd525f0339c01c4a7e9a51d55126767b73165b4e	nursultan.jar
KDFzREm/NNNNnQ	NNNNnQ__60e0ab7e4e1b.class	1496	2a5fc5d75c4f733ded232d00223a227fab694758	nursultan.jar
KDFzREm/NNNNnq	NNNNnq__7c71e5cd6766.class	6207	c6868c3a362da6677f7e59acb7fbcd5fdb46bd3a	nursultan.jar
KDFzREm/NNNNNr	NNNNNr__1e16eb07258a.class	916	cd055576dbcaad356da1d046461ac0080e5c5936	nursultan.jar
KDFzREm/NNNNnr	NNNNnr__3a002507f3ec.class	1706	ba4ada8ce456eb004c5e4ad25713cf38d8ba1f29	nursultan.jar
KDFzREm/NNNNnR	NNNNnR__339364e39c80.class	728	f396faa281e0d36d9697037ad819a4957990c255	nursultan.jar
KDFzREm/NNNNNS	NNNNNS.class	1527	273dd0f62fdfec9f5c58afe332059f7587ad7fa2	nursultan.jar
KDFzREm/NNNNnS	NNNNnS__ee664dd2251c.class	1073	16f8b19d9fada0616fbd7ddeb8661d1d6c4fe151	nursultan.jar
KDFzREm/NNNNns	NNNNns__30dc7f273b74.class	1494	b531fd5832a7cd4a45d965826ebf732c0fe73a02	nursultan.jar
KDFzREm/NNNNnt	NNNNnt__6601d2fe2c13.class	904	011a529e575ff2ebd6376020a1f08063674e009d	nursultan.jar
KDFzREm/NNNNnT	NNNNnT__c03ee65baaa6.class	1514	e14c7cc1445be6b972228d18c4fc887a372a6c68	nursultan.jar
KDFzREm/NNNNnu	NNNNnu__c4104b7d23f8.class	488	e2d15655e640aed1847eb92bd75139b228fcb537	nursultan.jar
KDFzREm/NNNNnU	NNNNnU__efdb083a8414.class	1386	65b8bf25452bc00242a59b9c81254fab980b5102	nursultan.jar
KDFzREm/NNNNnV	NNNNnV__9422520ae5a4.class	2726	9ae98ee74f0cc30148d6c0bf57522e8506fb9241	nursultan.jar
KDFzREm/NNNNnv	NNNNnv__301ac9cccd0c.class	1348	12918c23a7719c406825ee515ced72a0ac303aef	nursultan.jar
KDFzREm/NNNNnW	NNNNnW__edfa763d1bde.class	1019	ad3ea5ffcf7fb2b58b5edf922aa3589b5271481a	nursultan.jar
KDFzREm/NNNNnw	NNNNnw__c04f6f5e2d51.class	228	5a4f12737576788c132b9657b8e940bd24d09439	nursultan.jar
KDFzREm/NNNNnX	NNNNnX__2915481430f6.class	448	3f7a9a36602e6f0a3ad5aed5661f753337d5070d	nursultan.jar
KDFzREm/NNNNnx	NNNNnx__4f4c4ea218bc.class	2697	f08d5850d4674afcf3c8ac28ed2f100ad92acaaa	nursultan.jar
KDFzREm/NNNNNx	NNNNNx.class	640	077776b18e25e4d73fff485a0342fc024362c4f7	nursultan.jar
KDFzREm/NNNNny	NNNNny__ceb0c331a312.class	3237	b81f765792754f3db19e989db2bba2ad11454ece	nursultan.jar
KDFzREm/NNNNnY	NNNNnY__064ea52b1e41.class	313	25bc09d6260a9fdd5f0bfeca677c852efb38e4fd	nursultan.jar
KDFzREm/NNNNnz	NNNNnz__d091174e3ada.class	179	46e4749a56c38f679d286a187fa2a006a59c7713	nursultan.jar
KDFzREm/NNNNnZ	NNNNnZ__6bddce46cd4a.class	1300	af3f87cc1dd4692198e661ae7c855f924535eae1	nursultan.jar
KDFzREm/NNNNPi	NNNNPi__4194fb8de4cf.class	146	5a4be635a7acfac9c3599afe950edfede46e67aa	nursultan.jar
KDFzREm/NNNNRe	NNNNRe__bd5fdce2776a.class	315	c1fc38dcea8caff64c57f9fc5b9ba055658f608c	nursultan.jar
KDFzREm/NNNNRW	NNNNRW__e55eeb41652f.class	146	0443bab37946db83e1527639d12ce0dc92995a29	nursultan.jar
KDFzREm/NNNnS	NNNnS__bad54c7e627d.class	2498	50b2ad8e7ab89b22f185b643440e82381abec13c	nursultan.jar
KDFzREm/NNNNsA	NNNNsA__b95b9e431918.class	7603	0d3054fd6de7f23d386c8fcca9debe8d7deaef6d	nursultan.jar
KDFzREm/NNNNsa	NNNNsa.class	9737	f68363e18d56092b2a81f3dd2c84dd85a5db5eb6	nursultan.jar
KDFzREm/NNNNsb	NNNNsb.class	366	4e53ce72d477d37e33ce91299360c52034276371	nursultan.jar
KDFzREm/NNNNsC	NNNNsC__4f51144eda82.class	829	a4d0b5a1c3b7ac7f2d320b68cf109051455f385f	nursultan.jar
KDFzREm/NNNNsD	NNNNsD__f11b1614627f.class	713	bfc59d8c4a2540fabcbd7a9eca5e016e8a84fe0c	nursultan.jar
KDFzREm/NNNNse	NNNNse.class	250	033f4fd88bb69db8f9194ca0f4beb1b325a6c5cd	nursultan.jar
KDFzREm/NNNNsF	NNNNsF.class	17522	83e9a1c6c29a01cf38a7d11e67b94ce7f25bef80	nursultan.jar
KDFzREm/NNNNsf	NNNNsf__8a6b81432a67.class	10639	358fd783542a8e88dbbd46142f745b6cf21486d6	nursultan.jar
KDFzREm/NNNNsF$$InjectedInvoker+0x000000010021a400	NNNNsF$$InjectedInvoker+0x000000010021a400.class	557	8f96ea112145013801afa1b072be7e47e1d34158	nursultan.jar
KDFzREm/NNNNsg	NNNNsg.class	234	39e505b274b48f739aca1b8e2ab423f8d6f8a8ce	nursultan.jar
KDFzREm/NNNNsG	NNNNsG__4376cd5dc97f.class	840	e64313bd783d016fee63ea7ba7a75525e26b95b2	nursultan.jar
KDFzREm/NNNNsh	NNNNsh__449906b04398.class	4436	add88d283c2e99a00816daedd6f5cfd8ac690c09	nursultan.jar
KDFzREm/NNNNsJ	NNNNsJ__148a4b324f90.class	396	5de1e7af9001debbcebd7b33a0509d08e9bdd2c1	nursultan.jar
KDFzREm/NNNNsk	NNNNsk__00cb82859dd4.class	408	0021eb313e612bef35efaaeb8f760d7993cb89df	nursultan.jar
KDFzREm/NNNNsn	NNNNsn.class	848	1ef39697ee84a8101a0e00af10e76cf1f94cb818	nursultan.jar
KDFzREm/NNNNsP	NNNNsP__ad42ab2196af.class	544	f92e387f70c564faa824adb67687a2def1d7e786	nursultan.jar
KDFzREm/NNNNsp	NNNNsp.class	325	5a4343fd39a306c092b53100031ffe43159307f7	nursultan.jar
KDFzREm/NNNNsr	NNNNsr__30e4d66b5d17.class	248	42915118cbb1f6ade29eb40129a7d57ca97d4ce4	nursultan.jar
KDFzREm/NNNNss	NNNNss.class	424	0223719dc69a11ce9d116687983fb63844bf675b	nursultan.jar
KDFzREm/NNNNsS	NNNNsS__4ae41c25cc0f.class	885	5ff0d68030d8fa653381669c9789cbf65bd77682	nursultan.jar
KDFzREm/NNNNsT	NNNNsT__d2541fbe510b.class	363	c36692832376840f0fc9d56c6e8715e89a3af56d	nursultan.jar
KDFzREm/NNNNsv	NNNNsv__137a0cbcc538.class	1080	0f22b0a82f54da85aa09cc2417051755356327f6	nursultan.jar
KDFzREm/NNNNsx	NNNNsx__68bc00fc1005.class	1386	794a7d8c1d73e9e0b492cceacfc9002d9d370aa5	nursultan.jar
KDFzREm/NNNNTA	NNNNTA__8c153d513ef2.class	415	2bf09e2b57f78cbb13e112a502ba854fe66397fd	nursultan.jar
KDFzREm/NNNNtA	NNNNtA__1eb87224b28a.class	4344	f0f2de96a7bc73043f0c6a0c815d08791b865009	nursultan.jar
KDFzREm/NNNNta	NNNNta__1081922b62af.class	215	104e7f795738aec347d636bb1b4472e58a586e04	nursultan.jar
KDFzREm/NNNNTa	NNNNTa.class	10649	ffaef42d75f0c3bfd732a97f8f5f14512e6e7f4b	nursultan.jar
KDFzREm/NNNNtb	NNNNtb__6aaf877e18e6.class	525	f7a2728e11395bb85d2795056508a70abc285a4e	nursultan.jar
KDFzREm/NNNNTB	NNNNTB.class	943	012fe1d93e6cc4c480c295879100508266e144cb	nursultan.jar
KDFzREm/NNNNtB	NNNNtB__dfe1127e267a.class	2406	cce9128e446d967e79ade038572bf6e7606548d7	nursultan.jar
KDFzREm/NNNNTb	NNNNTb__9006c7a17d68.class	4733	b127eb90e7d14103615d9622a6ed8ae22d271ce2	nursultan.jar
KDFzREm/NNNNTC	NNNNTC__c95f3f4609ee.class	293	2f8e2b33f2b420765f901d3a8c61ec0b04a59e40	nursultan.jar
KDFzREm/NNNNtc	NNNNtc__056b842dd11c.class	14641	a5a473997d27f3211953279ce161093ba3b26a03	nursultan.jar
KDFzREm/NNNNtC	NNNNtC__419b9c990bc9.class	1053	310cdcbb3d55396ca1c65ea1c46ed2a9fb8502a2	nursultan.jar
KDFzREm/NNNNTc	NNNNTc.class	4597	e2579206f43d88cf81e16a7e04955a0d8b7924bb	nursultan.jar
KDFzREm/NNNNTD	NNNNTD__9aca34de018b.class	2411	1b2775d2e4cf4307a9ef3968a8ea1c77022a0d0b	nursultan.jar
KDFzREm/NNNNtD	NNNNtD__9645e13d6d1d.class	707	ccd730157b3349d4f067153c95a4d687250c8da7	nursultan.jar
KDFzREm/NNNNtd	NNNNtd__b0aa8f845a6e.class	447	58d2e120626946b7b02a44c2e6b4687137511ff4	nursultan.jar
KDFzREm/NNNNTd	NNNNTd.class	950	511b58b49ee3f8bb22408732ad0c2b6048735e3d	nursultan.jar
KDFzREm/NNNNTe	NNNNTe__a1b5a90ad7a5.class	148	e226acb0bf0f014ea317154391386abe3f90b40a	nursultan.jar
KDFzREm/NNNNtE	NNNNtE__6a86f61981cb.class	1683	c1985f402ec5a95caffc6c81f6edff0372ade05c	nursultan.jar
KDFzREm/NNNNTE	NNNNTE.class	1207	2f675d38a0bbcdd8a0c2c446b660b65d5cb35a7d	nursultan.jar
KDFzREm/NNNNte	NNNNte__b2048415995e.class	13178	d044a7211690d6e3cc2b89db581bb95e2a63ce3b	nursultan.jar
KDFzREm/NNNNtF	NNNNtF__2cf3cb5bfa45.class	951	1ac74eef73c33053fcc80f127f46316da2922182	nursultan.jar
KDFzREm/NNNNtf	NNNNtf__ef7474a0926f.class	1173	dc3bb98d863d5795cd5f9276593dfa24a2e5f758	nursultan.jar
KDFzREm/NNNNTf	NNNNTf.class	1237	dc3556f3ddc35b2fba88acc8b915b47e630f634d	nursultan.jar
KDFzREm/NNNNTF	NNNNTF__df39c5f617b6.class	6926	a451f7a2413bd257c934b160a8acec0a91633d39	nursultan.jar
KDFzREm/NNNNtG	NNNNtG__5df531e927c4.class	376	20c08e3e5df8a7b185f71ad50d0e2ff68f4df9bf	nursultan.jar
KDFzREm/NNNNtg	NNNNtg__a4d41697ddae.class	707	8f9792a05620478629b2d565e9bc555c144acdd8	nursultan.jar
KDFzREm/NNNNTg	NNNNTg__06a0468b7029.class	15576	909d31f6564baba069ac0681a8334efd1d0e52c5	nursultan.jar
KDFzREm/NNNNTG	NNNNTG.class	7374	c13d38f6bdd230141c55cf823ae8780d3b85c312	nursultan.jar
KDFzREm/NNNNTH	NNNNTH__175fcef4484a.class	259	a9228b4ad53a8684e5d5c2622b665027f8bdbc29	nursultan.jar
KDFzREm/NNNNth	NNNNth__a5c775a2c445.class	4147	4cc1cb54cd42fb4b421dc57fa0b065740cfadc58	nursultan.jar
KDFzREm/NNNNTh	NNNNTh.class	349	e5bbac1807b6ccbb0a4d2444a2f21d13546fa760	nursultan.jar
KDFzREm/NNNNtH	NNNNtH__700748746818.class	1937	e6ebd91d1d2c34fc07428f6d41e92e7e4dce4da5	nursultan.jar
KDFzREm/NNNNtI	NNNNtI__f4adf21a40f9.class	743	72c6f103b41171e4b34b161b50c5aee40bba056a	nursultan.jar
KDFzREm/NNNNTi	NNNNTi.class	1546	7c1cde595fb757b63756ec31c8604711dc48ab6c	nursultan.jar
KDFzREm/NNNNTI	NNNNTI__cd3c2864acb5.class	993	cf912ae59c77354ea1a040b75bf214a317659aac	nursultan.jar
KDFzREm/NNNNti	NNNNti__8b4e09535972.class	377	8a33de1ec2b8d80583c67d452d8a0800eda898b1	nursultan.jar
KDFzREm/NNNNTj	NNNNTj.class	12568	4889f25c3169ea6d7b84fa85de493e3449ccc59e	nursultan.jar
KDFzREm/NNNNTJ	NNNNTJ__84d45a9aab88.class	269	e51a0ddb64cf001551a76f73eafbc46ac23f2bcc	nursultan.jar
KDFzREm/NNNNtj	NNNNtj__189275184533.class	7289	59b3d1b33b808a940683c361d4a8829576eea18d	nursultan.jar
KDFzREm/NNNNtJ	NNNNtJ__7f7724802317.class	746	f269496d6989b58b683fe8264622ad4b110cb583	nursultan.jar
KDFzREm/NNNNTk	NNNNTk.class	1502	8b2b140679dc4d84cb416fbf9101c20ecb068d8d	nursultan.jar
KDFzREm/NNNNtk	NNNNtk__f7ee64b86314.class	705	3a21e8fe4ee939adee0af2f297229c94e4f70ac3	nursultan.jar
KDFzREm/NNNNTK	NNNNTK__5538d1fe45c1.class	1605	914cb306065ec1afcc147ffaedb656ea41c0670b	nursultan.jar
KDFzREm/NNNNtK	NNNNtK__0c1bd5935e71.class	447	b00e93ccde27a98cbe8bcd731710c1159bdf6fb4	nursultan.jar
KDFzREm/NNNNtl	NNNNtl__7d23c168c4c2.class	1177	5b168157d38d3101bc9f05fe92bc083fc04d76e3	nursultan.jar
KDFzREm/NNNNTL	NNNNTL.class	1560	4ea5003ba2fb47e244b535bfe99e2469187b21df	nursultan.jar
KDFzREm/NNNNtL	NNNNtL__65a5c8bca9d5.class	13526	3eae52e8195b5ff78e787c30a7a8b1b29f848196	nursultan.jar
KDFzREm/NNNNTl	NNNNTl__73929de227d7.class	778	1831dbcd9bc49a1321122971ddcd971660df7373	nursultan.jar
KDFzREm/NNNNTM	NNNNTM.class	1331	fb8bd2e496049e6c251f778979857a1c8a9672aa	nursultan.jar
KDFzREm/NNNNtM	NNNNtM__aaf10e90817e.class	740	0294b4ac1302f8a42a43f8aa56db3adc9c9e745f	nursultan.jar
KDFzREm/NNNNtm	NNNNtm__9a6c1b79f85d.class	344	4ed3179eff87b48c1c79b78d84c853661f696fd3	nursultan.jar
KDFzREm/NNNNTm	NNNNTm__fd9ea19d8100.class	1464	bf11704f9a9f722581d356c3a19d50d77ede08d9	nursultan.jar
KDFzREm/NNNNtN	NNNNtN__31fa9f4a4957.class	517	9f070e9c2ebe7db0ee46d627b505ceff045874d5	nursultan.jar
KDFzREm/NNNNTN	NNNNTN.class	13541	b2deec3eba988d0df520167691c29f942e6d9578	nursultan.jar
KDFzREm/NNNNTn	NNNNTn__92996bdccbae.class	1017	d4a8644f0449b3783a7422ab3e7eff220dddeae0	nursultan.jar
KDFzREm/NNNNtn	NNNNtn__3710d668f3bc.class	1888	911a67db4261bf5ec55257e00c954861cea344eb	nursultan.jar
KDFzREm/NNNNTO	NNNNTO.class	140	9b8d89cac08fe145df096d5f10375d99ffd306e7	nursultan.jar
KDFzREm/NNNNTo	NNNNTo__85be940f5bbd.class	1604	d7d3f1e0328a03f8cdf12da9128b7513164d728b	nursultan.jar
KDFzREm/NNNNto	NNNNto__a0e8b261612e.class	2807	c56e6b686eb0e355f7f2c5ed0d3aac3caffb3f13	nursultan.jar
KDFzREm/NNNNtO	NNNNtO__672bad0e66e6.class	705	7aa5398ede564fcf6c67ae4e8a69b8d4cacca9f6	nursultan.jar
KDFzREm/NNNNTP	NNNNTP.class	1457	1d089c505425735c7d4dba612d6edaafb362e6cc	nursultan.jar
KDFzREm/NNNNtp	NNNNtp__b12e78d8b090.class	8920	339d2243a91a753b2646975e3322a2595a185d40	nursultan.jar
KDFzREm/NNNNtP	NNNNtP__c3e98f6027ab.class	740	e8dd9f6d882d9f90b6a600d4cd63f02672c44fbd	nursultan.jar
KDFzREm/NNNNTp	NNNNTp__bc0d13b8f5fe.class	537	aa3c6044dee6e9f34dd91a67192eb9f4a081c499	nursultan.jar
KDFzREm/NNNNTQ	NNNNTQ.class	2767	76977127ada72d5872f0462040c8122adbf3c619	nursultan.jar
KDFzREm/NNNNtQ	NNNNtQ__fdb2f9a6a2fe.class	1499	1b3926b74c6155b52f9e62e0f58c7f8c33c1986f	nursultan.jar
KDFzREm/NNNNTq	NNNNTq__e0f350755193.class	2659	f033b5a70f3c78f0308ebd0d1d6d2736b9794957	nursultan.jar
KDFzREm/NNNNtq	NNNNtq__c0b553264b19.class	774	d5e99044d216057d0bbcea56e226392ea1b182d1	nursultan.jar
KDFzREm/NNNNTR	NNNNTR.class	1350	685ad881a8031c08153d8a33fb412b1aa3df0558	nursultan.jar
KDFzREm/NNNNtR	NNNNtR__64df24c92827.class	501	190bbee89a8e387623bceb8a7b3cc3d61a030e12	nursultan.jar
KDFzREm/NNNNtr	NNNNtr__963a32b39e59.class	417	6cec9f115d034b4fec41e75bca826778df4c77f0	nursultan.jar
KDFzREm/NNNNTr	NNNNTr__8a7b2c4995aa.class	2325	0090027195cb17689e9507a8af6795d30f0f508e	nursultan.jar
KDFzREm/NNNNts	NNNNts__10f622476baf.class	254	690ec18602cb3d74da0928bedac939799a416591	nursultan.jar
KDFzREm/NNNNTs	NNNNTs.class	5505	fd2049b918d8c0cc278ba5067f1bd7141bdad181	nursultan.jar
KDFzREm/NNNNtS	NNNNtS__18544ff57000.class	742	2172180e89a98b1a725393a3eeca9e2c2356feb7	nursultan.jar
KDFzREm/NNNNTS	NNNNTS__793f36baf785.class	1539	1386142ecb7f0e921e2a57799e39dceb7dd4075f	nursultan.jar
KDFzREm/NNNNtT	NNNNtT__caf6602e5220.class	30263	6b64cee84254f6b0ddfd09bde727ceb52f384ee7	nursultan.jar
KDFzREm/NNNNTt	NNNNTt__db261ef1bf6d.class	1216	8f364c9b14f9018b966e3d8784a5a528466e1310	nursultan.jar
KDFzREm/NNNNTT	NNNNTT.class	166	2e44b2218b12ea850a81be63bd8558b8bbe2373a	nursultan.jar
KDFzREm/NNNNtt	NNNNtt__79879cd60b6a.class	2681	4a1136e2334b429113527a83961acefce3fddc23	nursultan.jar
KDFzREm/NNNNTU	NNNNTU__4d355ab8706b.class	1255	748933d949b254c714590e8f417417977adefd18	nursultan.jar
KDFzREm/NNNNTu	NNNNTu.class	369	b9b60f62dd22909dd9b6aaf8a7c097827baced8e	nursultan.jar
KDFzREm/NNNNtU	NNNNtU__a7b0a4205baa.class	709	12437b5489589b11625f4c0de97508abe4ab5c14	nursultan.jar
KDFzREm/NNNNtu	NNNNtu__ebbca0358de7.class	2566	48e5518979166f5afc7178e1c34afe8cab7a434b	nursultan.jar
KDFzREm/NNNNtv	NNNNtv__87829709652b.class	6246	a288264d33df9729b26a2fb9f6eca717b58df531	nursultan.jar
KDFzREm/NNNNTv	NNNNTv.class	1087	39c55cb1a04bef28c75a730c05f27b8bfcf3a9c7	nursultan.jar
KDFzREm/NNNNTV	NNNNTV__76d670276e05.class	991	6ea661c1b108f5582e7b3b6c3b8674a3b62b9cc6	nursultan.jar
KDFzREm/NNNNtV	NNNNtV__90535c69ddb4.class	775	1f440006dc9b64a1fa76179952098271ccbdeb46	nursultan.jar
KDFzREm/NNNNtw	NNNNtw__2cc7aed01c3c.class	1742	150d541c7dba0603100e4a2e8ecc71081459c27e	nursultan.jar
KDFzREm/NNNNTw	NNNNTw__765b57d7dc18.class	3559	a78057432e7d268b177f30b1821e8380c5f74d44	nursultan.jar
KDFzREm/NNNNTW	NNNNTW.class	1047	68fe4b74f303dcbf1ff9ba0ec3676436fa9d182e	nursultan.jar
KDFzREm/NNNNtW	NNNNtW__f568e631c2bb.class	717	8e9796acaf12459bb57443f58a17be4f753d2a41	nursultan.jar
KDFzREm/NNNNTx	NNNNTx__7ca49a0689bf.class	1359	04c48667e7bbef5dfd38df149e32c7e17ded4457	nursultan.jar
KDFzREm/NNNNtX	NNNNtX__0ede4d85e528.class	2074	41ce3fe7add8100e87b3fc4635f4a14a6d1f10a7	nursultan.jar
KDFzREm/NNNNTX	NNNNTX.class	873	e5a3c5f018f330b3263bc98874167023c5d16ff1	nursultan.jar
KDFzREm/NNNNtx	NNNNtx__e989e2e6fb89.class	2386	f1ca4c80599d293d3c280a0bf70afd27d78e5fbd	nursultan.jar
KDFzREm/NNNNtY	NNNNtY__78ad06563cc5.class	1501	fde018a130e8127fb72e601a9335444a18080e6b	nursultan.jar
KDFzREm/NNNNty	NNNNty__44aaa253927a.class	1133	ff209fe2c0a577b199e661719197793803e0d806	nursultan.jar
KDFzREm/NNNNTY	NNNNTY__409e9645b717.class	2131	957a48b10bc4a31a16a5bf8013bf60562da210e6	nursultan.jar
KDFzREm/NNNNTy	NNNNTy.class	1605	516cf4e6fed93fe51673fa018f7cd39eee829508	nursultan.jar
KDFzREm/NNNNtZ	NNNNtZ__f2ac87173340.class	392	e5ae6c9517c14524123ef30a1170724338fcdfbc	nursultan.jar
KDFzREm/NNNNTz	NNNNTz__aebf56abf096.class	1554	57a2259da984b13f336bc03688f07d5ee0a8be58	nursultan.jar
KDFzREm/NNNNtz	NNNNtz__4e089e1dcc33.class	935	0e339eaf129aab89364bf60ab493d338e1c76d2a	nursultan.jar
KDFzREm/NNNNTZ	NNNNTZ.class	1010	0e87740d04e71acbc9edf8fd8e6b18c29d9693df	nursultan.jar
KDFzREm/NNNnu	NNNnu.class	384	9e0da031001d8392e23b77d7492a494ca345f2dc	nursultan.jar
KDFzREm/NNNNuB	NNNNuB__1ed6c1147049.class	2134	aa22d00fcdf7a43df8fdd0a53e73b2137eadd66f	nursultan.jar
KDFzREm/NNNNUC	NNNNUC__d2d7591c5a80.class	146	d7aac1360868bcd8c9a46bdfb8654515b8bb6669	nursultan.jar
KDFzREm/NNNNuC	NNNNuC__d801b9b1957e.class	1345	4d2ba4affdd715d49b2b8d39692f5c8d3eb54684	nursultan.jar
KDFzREm/NNNNuZ	NNNNuZ__1d253cefba91.class	1983	7c9b68fde300cc8f2d1fe3e385e9d2f057ff0558	nursultan.jar
KDFzREm/NNNNvA	NNNNvA__aaf0a105d402.class	314	6fb34289eed6a3f579b84022b0c0cbe27b15a3cd	nursultan.jar
KDFzREm/NNNNva	NNNNva.class	298	dfaf5a990521efa9f3dfe506ebc965fd1a1899ad	nursultan.jar
KDFzREm/NNNNvb	NNNNvb__08baeac8931f.class	511	09f5fce990314b979addf5beabe40c47b6646be7	nursultan.jar
KDFzREm/NNNNvB	NNNNvB.class	3137	890df0df3bfe051051b53f36b7708293a0e814df	nursultan.jar
KDFzREm/NNNNvC	NNNNvC__ed67059f90f6.class	294	cb60f9ede6d2b91a651beea774021eb75c3a8a51	nursultan.jar
KDFzREm/NNNNvc	NNNNvc.class	278	5fcee86f067ef461073ceb173d6f558574475aa1	nursultan.jar
KDFzREm/NNNNvD	NNNNvD__df2439416c1b.class	586	a76df248c55ebe8a3540d57616d2d0b34e0fe08d	nursultan.jar
KDFzREm/NNNNvd	NNNNvd.class	531	23cd1cf4227c6be7bd41e63f320f78750868326b	nursultan.jar
KDFzREm/NNNNve	NNNNve__f228aca1f40d.class	537	920e321b280b8d5fca14983e24a96ed876fde599	nursultan.jar
KDFzREm/NNNNvE	NNNNvE.class	4790	bcf884fe4e18d4486d9d96dba1273e07d1dd1c1b	nursultan.jar
KDFzREm/NNNNvf	NNNNvf__6289ba0b4c74.class	1861	44ff7cea04792053b13c21f4521a5b82fdf9d6fe	nursultan.jar
KDFzREm/NNNNvF	NNNNvF.class	13976	95e7ba084d915efe91ddafba6b7645d53708e944	nursultan.jar
KDFzREm/NNNNvg	NNNNvg__31001ea35d2e.class	4104	83dcc2e3754e7aa87e8b4e019ee7a40d7e95fba6	nursultan.jar
KDFzREm/NNNNvG	NNNNvG.class	3664	6886ef7ef42bb079fcf25b95c04dca38d508c26f	nursultan.jar
KDFzREm/NNNNvh	NNNNvh__f477d88c8561.class	1050	320846a3eae79b7025b4d111a11e86c7653c6821	nursultan.jar
KDFzREm/NNNNvH	NNNNvH.class	286	a08d6b95ad3b81930e4da803f49f2b68da9f782f	nursultan.jar
KDFzREm/NNNNvi	NNNNvi.class	228	bd4b4ebcfdbfb295307540eb98a7f45410b4ae41	nursultan.jar
KDFzREm/NNNNvI	NNNNvI__222bdc57a4b9.class	678	3413762d46c5412e97ad75a120a726caaf8219c2	nursultan.jar
KDFzREm/NNNNvj	NNNNvj.class	3878	40fc052398045a2f1e6d12b69108927e231d9523	nursultan.jar
KDFzREm/NNNNvJ	NNNNvJ__ec034a17df93.class	3073	9eaf4fdb7373e7a778a8cff2b6669aaf89760beb	nursultan.jar
KDFzREm/NNNNvk	NNNNvk.class	2224	e8551848cacf6d4d80a7fc7ba751972a54a90ab9	nursultan.jar
KDFzREm/NNNNvK	NNNNvK__035be6ea9f7c.class	1106	9a1ba09cf38506f0342e6816a373aeded86914fe	nursultan.jar
KDFzREm/NNNNvl	NNNNvl__5942d96b1fde.class	202	4294df3a4728602b164a602ef9c6d1014a21f28d	nursultan.jar
KDFzREm/NNNNvL	NNNNvL.class	1196	fdfc01ddc1d39a75c9dc948944a80808234646f5	nursultan.jar
KDFzREm/NNNNvM	NNNNvM.class	491	35621dded5e6f01bb6b33969ccc2252f1f81c0b7	nursultan.jar
KDFzREm/NNNNvm	NNNNvm__176b211b8ffc.class	5529	bbefed196bc7b35fb3da589815e39edaf0f4c785	nursultan.jar
KDFzREm/NNNNvN	NNNNvN.class	743	6fea676ff71b1eb3845744f29bddcaca7dc37b80	nursultan.jar
KDFzREm/NNNNvn	NNNNvn__404f09c2740d.class	1013	cfdbf06c8ba9105cf31fc83de882f2a7937e4d9f	nursultan.jar
KDFzREm/NNNNvO	NNNNvO.class	217	14b61dd78f1cf6db72db746ef43758acdfafd5eb	nursultan.jar
KDFzREm/NNNNvo	NNNNvo__0aa7e498c43f.class	1009	1b1863dcbec728721bf4c4b77c47f831bebd4a12	nursultan.jar
KDFzREm/NNNNvP	NNNNvP.class	547	ea554a8c101df6e1bddea833156398c4290d1fe7	nursultan.jar
KDFzREm/NNNNvp	NNNNvp__8c41b5ed399e.class	448	4cbd60bbec35126df219c9010e22da463d3e6860	nursultan.jar
KDFzREm/NNNNvQ	NNNNvQ.class	884	87d147572676ecface18f06b58cf5ee8e909348b	nursultan.jar
KDFzREm/NNNNvq	NNNNvq__cfe92603ae57.class	3513	e3e3d4ca379ad1dbc133b48fd50ab52e8ff23c1c	nursultan.jar
KDFzREm/NNNNvR	NNNNvR.class	2363	1dc01107f93b3cc62444075f4d28f5f5b5baeb1a	nursultan.jar
KDFzREm/NNNNvr	NNNNvr__c7c8a31746ee.class	235	132ae0504e77dbd21a5257107cb50edf5d222144	nursultan.jar
KDFzREm/NNNNvs	NNNNvs.class	488	f4c9bd13f0cb2bd5c4d0e57044ae64dd91d4ebe1	nursultan.jar
KDFzREm/NNNNvS	NNNNvS__3e539f738123.class	1752	dc878924b72352ed67e26cace5e0221c9854db6d	nursultan.jar
KDFzREm/NNNNvT	NNNNvT.class	550	a1c61f0bb6992d207ba9ad563d26ee16d331cd5c	nursultan.jar
KDFzREm/NNNNvt	NNNNvt__0c4f13aba2cc.class	1592	1704cff1290b08f6d89fde93301da8b4c39554a4	nursultan.jar
KDFzREm/NNNNvu	NNNNvu.class	5781	62e54a4d38161ee8c2496437b14754a3d70de6a1	nursultan.jar
KDFzREm/NNNNvU	NNNNvU__a5cfc891763b.class	707	587547fffb74d1b7ad48fc251c104f0cc893dd34	nursultan.jar
KDFzREm/NNNNvv	NNNNvv.class	1068	7082e0846f2df40ca29eac8c2afceba410eb0c5d	nursultan.jar
KDFzREm/NNNNvV	NNNNvV__dadfa8d2ded4.class	6194	85ab39dda5dd74450d34fbc31b75eb0c066b4fda	nursultan.jar
KDFzREm/NNNNvW	NNNNvW.class	392	b6845dd9fa672a2d5367d31aa2ee5b9af0d8d15f	nursultan.jar
KDFzREm/NNNNvw	NNNNvw__6cf24286b677.class	1267	3066146920aaa343a8435e8f05fe55572bef350d	nursultan.jar
KDFzREm/NNNNvx	NNNNvx__b274548a82e9.class	411	5d277399f8fb6a80ddf37ce3ffd468debb826963	nursultan.jar
KDFzREm/NNNNvX	NNNNvX.class	2013	34ef2689f3698b8557a1ac1775280e34f8876f31	nursultan.jar
KDFzREm/NNNNvy	NNNNvy.class	2309	5e5ec6f89929abe15cc9d15d2d9435878de3617f	nursultan.jar
KDFzREm/NNNNvY	NNNNvY__fefbe2365fc5.class	2352	fca199d4393a5245ba9dfadf282ac60894eba3e9	nursultan.jar
KDFzREm/NNNNvz	NNNNvz__471d6d18b663.class	1030	28cbfc76d099c59e1360d72a86c549bfd8bddccb	nursultan.jar
KDFzREm/NNNNvZ	NNNNvZ.class	1896	e57dfa4a82c27a43becc76bc76f2f461f0d8e09b	nursultan.jar
KDFzREm/NNNNWe	NNNNWe__68d611cee3a3.class	1226	4044361b3100d1315e440ca26c6d79711b91b316	nursultan.jar
KDFzREm/NNNNWp	NNNNWp__70bf21382176.class	197	21cc990619cbb0a2eda30f56c39ce70455e63075	nursultan.jar
KDFzREm/NNNNWV	NNNNWV__aff12ab2fa43.class	1432	d64832e897469bfa466c9b04ee4424f1103e752d	nursultan.jar
KDFzREm/NNNnY	NNNnY__36ad9ecac62a.class	239	1782fb92c6041b0a1759da142fa01dbb0fb65b9c	nursultan.jar
KDFzREm/NNNNyB	NNNNyB.class	1812	04b190eef211e502d23c28d89da4636f0b74e8e2	nursultan.jar
KDFzREm/NNNNyE	NNNNyE.class	2427	712feee1772fc084d00ac8b8e295dc9349c91cea	nursultan.jar
KDFzREm/NNNNyi	NNNNyi.class	1353	22376e6aec66c0aa92849ce3dda9c4f4f8c6bed0	nursultan.jar
KDFzREm/NNNNyj	NNNNyj.class	146	8c4c146e53db215b651426587d121cc73a0ef38c	nursultan.jar
KDFzREm/NNNNyL	NNNNyL.class	1026	90ede8a085702709f06e84e6bdd42ec7eaf5feab	nursultan.jar
KDFzREm/NNNNyM	NNNNyM.class	1659	deea8d0fc3171035196111a68485c2e61ad9b1ce	nursultan.jar
KDFzREm/NNNNyN	NNNNyN.class	790	1ec0f626be54e06a3163999f4ae781955b175a3e	nursultan.jar
KDFzREm/NNNNyR	NNNNyR__afd0e4e0bd6d.class	1506	531e5dac64ea6c6e6d78aed3d89175b681662e93	nursultan.jar
KDFzREm/NNNNyU	NNNNyU__6c39ecdfd921.class	2274	fe2dffcf82de115a11eea52db4c4e06a54f19842	nursultan.jar
KDFzREm/NNNNyu	NNNNyu.class	1200	81a6a7384ac5d33d17a682e2f82d6f0798beb5a6	nursultan.jar
KDFzREm/NNNNyy	NNNNyy.class	753	ec54ef29e96878728a90613df036cbf104dba46d	nursultan.jar
KDFzREm/NNNNyZ	NNNNyZ__7b3eff9c8bfc.class	1965	df4d55aa40981261085140e9e59598b6a1acdc06	nursultan.jar
KDFzREm/NNNNyz	NNNNyz.class	2118	f2f01debf9243a12bc35258c6844e9506c349c2d	nursultan.jar
KDFzREm/NNNNZD	NNNNZD__e68331204a35.class	633	8f711766d23dec0952b5e0963e7c1b7096faff1b	nursultan.jar
KDFzREm/NNNNZF	NNNNZF__42fb15b61aeb.class	612	bef4b6c6b99fd379bd74c43c35a1621b613d3598	nursultan.jar
KDFzREm/NNNNZI	NNNNZI__623b808c2e37.class	665	c7d220d56d48f49fecaf9b303b65de3f7b417fed	nursultan.jar
KDFzREm/NNNOa	NNNOa__c716ad41f87e.class	521	b600a41039fe52537d40aafb724ca878777cbc9e	nursultan.jar
KDFzREm/NNNog	NNNog__46ea31596a37.class	318	bb24b4644dfa902fbfb5a17bbbf52ac35ea11f85	nursultan.jar
KDFzREm/NNNoI	NNNoI__52277029d6e5.class	294	fff26c14b13017f9c02dff120aaebae97bccac4f	nursultan.jar
KDFzREm/NNNoJ	NNNoJ.class	404	8c3ca6dfd3c91852d362da262435449e14d87846	nursultan.jar
KDFzREm/NNNoK	NNNoK__a2383ad0be3a.class	345	49862f5de3b640eee6098fd650a98a24298d9c4a	nursultan.jar
KDFzREm/NNNOk	NNNOk__34727bfa66ff.class	934	932b08375db999618b7c5b1883772fb42829c033	nursultan.jar
KDFzREm/NNNON	NNNON__2250253ce817.class	653	7aaf1fe9a954ed8d1da99f6b9730a1d977fe1bc8	nursultan.jar
KDFzREm/NNNOO	NNNOO__3ac323dd5eea.class	1563	4d4b31248a4aff7d8d7e76f23a9a429af7879614	nursultan.jar
KDFzREm/NNNOp	NNNOp__5101cfbde973.class	356	5c1505faf4bbba3f76082b882e0c29a10bcca7fd	nursultan.jar
KDFzREm/NNNoR	NNNoR__b58fb89623fe.class	535	adf2182a1b1acf9ea167f4aceeab41f58756c55f	nursultan.jar
KDFzREm/NNNOS	NNNOS__7ba4d3ab4908.class	145	55a39595e4b200ad37e43ffd865559a15364d5c7	nursultan.jar
KDFzREm/NNNox	NNNox__f441c1471176.class	145	3b1b5e6ab87e14294db51dc6cafff3c9e0db3334	nursultan.jar
KDFzREm/NNNOX	NNNOX__3a3b44cfaf1a.class	361	a4041f28fed4fc9dcc5b23c1df8a78751a8bf1d3	nursultan.jar
KDFzREm/NNNOY	NNNOY__2ca0038943be.class	145	fc241be5eca73d3951030695ba474a66cfcb02a7	nursultan.jar
KDFzREm/NNNoZ	NNNoZ__cef18c3ebe0b.class	145	2ee300d795b36c09895b5697ebd85c07336dae07	nursultan.jar
KDFzREm/NNNpD	NNNpD__f0774eb8326e.class	677	8b14f9ade70d5fe2d03491ef594e49bcb9ccbe5f	nursultan.jar
KDFzREm/NNNPe	NNNPe__fc8228032d6a.class	2407	38722819505662929ea656c3208b14cd8c8eb8e8	nursultan.jar
KDFzREm/NNNPI	NNNPI__ffacc05749fa.class	5016	3f42f0d00510ced10672c0ffc3e99f8a123c251e	nursultan.jar
KDFzREm/NNNPj	NNNPj__f6626a01558a.class	711	3f22c635cc984a77718c866c148fba580558d09d	nursultan.jar
KDFzREm/NNNPk	NNNPk__a4b5f2c35395.class	663	aa41123e3e28df505e88b690e8b2963e948c406b	nursultan.jar
KDFzREm/NNNPl	NNNPl__41c7642da6a5.class	764	6f8141875ff718e35f622632b06c9985f62c2653	nursultan.jar
KDFzREm/NNNPn	NNNPn__488084f943cf.class	288	df74063556bea105dcd6a711afaea8152a4d08ee	nursultan.jar
KDFzREm/NNNpo	NNNpo.class	1795	3ff619f38c1fa7db6ebaa5ae6ed222699775f328	nursultan.jar
KDFzREm/NNNpp	NNNpp__ded05e72add5.class	145	d013c33c3e834b5e25a495202ae303db8707445d	nursultan.jar
KDFzREm/NNNpP	NNNpP__07ea373c62fe.class	145	e9a6f91eae5cb03988242b9011fe88b12d465fe9	nursultan.jar
KDFzREm/NNNPq	NNNPq.class	649	9ef8159e161ef618619fca758f3edfff5518feee	nursultan.jar
KDFzREm/NNNPQ	NNNPQ__0116eaf565b4.class	1450	0404cd4fdf753db8668aef1995abd3aff90a762c	nursultan.jar
KDFzREm/NNNPt	NNNPt.class	288	efc04b4e9d06b06e7253c8ad47f5d6a643cd0b5e	nursultan.jar
KDFzREm/NNNPT	NNNPT__46a91abb7e1a.class	643	46323a49411a501e457ed99e1134834fb46acb46	nursultan.jar
KDFzREm/NNNPU	NNNPU__5fbcbd786faa.class	739	1dcdc4ca973425d6a6b5ea87a0106326462fcd79	nursultan.jar
KDFzREm/NNNPw	NNNPw__889581980cff.class	702	24fc17656454bab09695e0bd1599e5c7516e8765	nursultan.jar
KDFzREm/NNNpw	NNNpw__dfd21ad3ad8a.class	145	4c91142350902c6a7f6650e910480619d58800dc	nursultan.jar
KDFzREm/NNNPy	NNNPy__0667190de986.class	650	346e155d3b88679516bc424cf3b081bf3c90bfd3	nursultan.jar
KDFzREm/NNNpy	NNNpy__f7caf4d6c335.class	296	7fb56a4e3ef89038a081b001af8b9f82e95134f0	nursultan.jar
KDFzREm/NNNpz	NNNpz__49dfea35f8ce.class	1215	3e5f3c273b62949c70b4059e6825f513c19a053f	nursultan.jar
KDFzREm/NNNQa	NNNQa__050b4ed0e82d.class	188	98efd3d3f62add96ac1c0a951554a52be88e7945	nursultan.jar
KDFzREm/NNNqH	NNNqH.class	145	c50a6ecfe2933c7d13288eef92eb802ae6372192	nursultan.jar
KDFzREm/NNNQI	NNNQI__f636489ee3c9.class	1441	99b36bdd2c4f88354076b117dea207ca9132bce0	nursultan.jar
KDFzREm/NNNQm	NNNQm__14c225a72a5a.class	1115	e3d38bbe6811cc3e8b9aca49948b1255a62c1c2e	nursultan.jar
KDFzREm/NNNqO	NNNqO__aedc7bac3509.class	145	811c18cc21cdb0ce40db4b7e275092fa0cbbc953	nursultan.jar
KDFzREm/NNNQP	NNNQP__b453ed4a85b3.class	1310	8315bbc29c3d12970beaaaf3aca62332a3e9f54e	nursultan.jar
KDFzREm/NNNqR	NNNqR.class	145	5aab17b2ce8745604d07638cc192b21fadf7681e	nursultan.jar
KDFzREm/NNNqt	NNNqt__a37d3bde0020.class	145	db6d7b8cd4d3bf1c63b3af142707f169d019befc	nursultan.jar
KDFzREm/NNNqx	NNNqx__f050290de9de.class	145	9844b5168f4ee8ab7b24a7a7f24edb1b6e964c25	nursultan.jar
KDFzREm/NNnR	NNnR__a4ff9555b410.class	385	091f3fafb1b7005e1e8dcf670bb428a228ee91cb	nursultan.jar
KDFzREm/NNNRa	NNNRa.class	145	ea2d92d470f201b598c48c5c45ebe847ac63f8c1	nursultan.jar
KDFzREm/NNNRB	NNNRB__4f7dd57ed319.class	145	fa613d17e049a72b6476c94c1c85bb6df4eaa4ad	nursultan.jar
KDFzREm/NNNRb	NNNRb__3ee511925ac9.class	145	aa41b2068434ff713fdb27a14aedf1aa317dfd07	nursultan.jar
KDFzREm/NNNRc	NNNRc__5414dd961130.class	145	f0bfd7aa827e50588bf0b1b2fe00dbb42702105a	nursultan.jar
KDFzREm/NNNRC	NNNRC__44714b4674f8.class	145	0ddbec8bee0d648a2680ebeb278db493b66dfbcf	nursultan.jar
KDFzREm/NNNRD	NNNRD__a682fb47a58e.class	145	3c661a618ee8012add4ca49be03c94d5de843d84	nursultan.jar
KDFzREm/NNNRd	NNNRd__c8baba06eedb.class	145	b1483d49fae48e0b0f95d32a2a0529a6581f348b	nursultan.jar
KDFzREm/NNNRe	NNNRe__429997194071.class	145	41c9c142299c49941ff80b455c9cb131ecc6cb75	nursultan.jar
KDFzREm/NNNRE	NNNRE.class	145	7abfb41863f6e8b51d311d165fa13ac21118b833	nursultan.jar
KDFzREm/NNNRf	NNNRf__15181f244285.class	145	d3704008230131356a044d8900032ebdd8bc9498	nursultan.jar
KDFzREm/NNNRG	NNNRG__e33486bc16b8.class	145	a4d9ce91f2848db827dd4f92fe17fcc885ac8b46	nursultan.jar
KDFzREm/NNNRg	NNNRg__66020552db26.class	145	d7b8a5c48f0d569efca56c39f76b1d672c8e8733	nursultan.jar
KDFzREm/NNNRH	NNNRH__10685a89c24d.class	145	f70350634e3ec7a446e899cf19010e5cae4b313c	nursultan.jar
KDFzREm/NNNRI	NNNRI__84f70d52db6d.class	145	d69f4dabc2750625beb0c39609ba723f6382f140	nursultan.jar
KDFzREm/NNNRi	NNNRi__7ec96efd49d2.class	145	02a200ec681f88201a71202e7e68db1e848a8e4a	nursultan.jar
KDFzREm/NNNRJ	NNNRJ__1691cdf5cc56.class	145	9895440a1334c1a9cbb76380dc91ffefb470582a	nursultan.jar
KDFzREm/NNNRj	NNNRj__d82f46ac4107.class	145	02a7e4838350606b97fae13d6aaf3829c47aab54	nursultan.jar
KDFzREm/NNNRk	NNNRk__fbde8292e1dc.class	145	3f918e7e9e3e1f2a8e268c651331a000f1825d87	nursultan.jar
KDFzREm/NNNRK	NNNRK__7834a4d7b5aa.class	145	e96fe5dc992d1bba2fda0953441cb12dfec63501	nursultan.jar
KDFzREm/NNNRL	NNNRL.class	145	9175405790161468921c355162e3f51f05e089c9	nursultan.jar
KDFzREm/NNNRl	NNNRl__74af370c1312.class	145	41faefc3be8309ad24c8fc9ccc3331f836f53052	nursultan.jar
KDFzREm/NNNrl	NNNrl__c0088d75428f.class	145	5d09a2be4c60d5a61fa915b642bfe10700cd2dbf	nursultan.jar
KDFzREm/NNNRm	NNNRm__d2930597f470.class	145	0dfb28896c876fb092c8b6aef480244406de28bf	nursultan.jar
KDFzREm/NNNRN	NNNRN.class	145	c3951ff44cdb5fdec518d4cc38aac7f911b0ed2d	nursultan.jar
KDFzREm/NNNRn	NNNRn__95852f45fb3a.class	145	314bd1341723e608b32b7b34a5f6e13760a05088	nursultan.jar
KDFzREm/NNNrn	NNNrn__29fe31289e86.class	561	3d2dacdd854b7ad9885b3095707b25070639f5a5	nursultan.jar
KDFzREm/NNNRo	NNNRo__9f9567ae0f3e.class	145	50ceee1fec45b08136949d991cec1806d5bed785	nursultan.jar
KDFzREm/NNNRO	NNNRO__eab35589552a.class	145	e7653283d06cfb75d9d65058bf72e4f657ad3e86	nursultan.jar
KDFzREm/NNNRP	NNNRP__f25dea288465.class	145	5a2b06c56c1e7da0b43c8378364546850d0f0304	nursultan.jar
KDFzREm/NNNRQ	NNNRQ__0f123acceb38.class	145	82f43233162189a5333c62d1d2553da71391b82e	nursultan.jar
KDFzREm/NNNRr	NNNRr.class	145	5cf3b8b5880001faae64e77ccbf9439c9e0b1ab7	nursultan.jar
KDFzREm/NNNRR	NNNRR__265b32a32d91.class	145	5db02f0230bf36cdeb72f76b44b78dfb1d68f097	nursultan.jar
KDFzREm/NNNRS	NNNRS__a869f8ee667e.class	145	f943d4cad6f5faf24990d3c8e0b3cb0fb3170144	nursultan.jar
KDFzREm/NNNRT	NNNRT.class	145	6266b8146a61e12d5c01cd234e3841188a53fb4d	nursultan.jar
KDFzREm/NNNRt	NNNRt__6007a85ba7e9.class	145	ec0f8921d58cd7b6e8ddbda0bff1f06fac67592a	nursultan.jar
KDFzREm/NNNRU	NNNRU__2aff2fc92da6.class	145	07adb4c2b6053384fa669fdd4338d3ab0a87e88b	nursultan.jar
KDFzREm/NNNRu	NNNRu__e6a5cc7583b1.class	145	96f7a2c73761927caa497e37ffc89bf5bf71c30f	nursultan.jar
KDFzREm/NNNRv	NNNRv__b7a82661222e.class	145	a49d1b2f4610bd9fcaa7cac573da066d9b9a8bad	nursultan.jar
KDFzREm/NNNRV	NNNRV__63f82327774e.class	145	be4e333fd99f09c744db2ce22cc93cac4f289c48	nursultan.jar
KDFzREm/NNNRW	NNNRW__739c8193ac35.class	145	1d3f45182c716a19a02dd40c5e86da83bb1136a4	nursultan.jar
KDFzREm/NNNRx	NNNRx__5ee5900b9211.class	145	499dcbe46b8e5e2ee93be4e5e8c8bfff4b9ddfe9	nursultan.jar
KDFzREm/NNNRX	NNNRX.class	145	8eb19ef1f58f442bb352030e8918b77cf462f69f	nursultan.jar
KDFzREm/NNNRY	NNNRY__2c27c5edfd7a.class	145	4c5f0e2d7f948c52390a69556b93145c4fa08732	nursultan.jar
KDFzREm/NNNRy	NNNRy.class	145	afe9b1f404f40b04ef592318ecf563dca7e627fc	nursultan.jar
KDFzREm/NNNrz	NNNrz__b795dbd42365.class	145	43f677d2376558f170d94513e3f506953710cbda	nursultan.jar
KDFzREm/NNNRz	NNNRz__4aa6842e9177.class	145	3f81cbfc0d37b89dc33095050c9352047d718f02	nursultan.jar
KDFzREm/NNNRZ	NNNRZ.class	145	a17f9abd875e3f1527f0af03345d358dbffed400	nursultan.jar
KDFzREm/NNNsk	NNNsk__c6bbca6457a0.class	276	bdf7ab2bdd0f5c830ad2c39a720542e6404c1a42	nursultan.jar
KDFzREm/NNNsL	NNNsL__de892a8cb5ea.class	202	962a1ee76408d9b12f30e1e0a29182d18615768c	nursultan.jar
KDFzREm/NNNsm	NNNsm__ada954f3b110.class	314	80369cd1710d29063606ac7d696536071c80bf31	nursultan.jar
KDFzREm/NNNsM	NNNsM__054a458a8158.class	145	56c2cde14d397b1b734a2273cac14565f02413b9	nursultan.jar
KDFzREm/NNNsN	NNNsN__f3a56ccd9863.class	131	7e5373b99f50672c28fdf9a2743d0d8f48373b98	nursultan.jar
KDFzREm/NNNsR	NNNsR__c0b9beef9fce.class	649	19fcf262a5db5ab776f98d061a0408c49a20ebc3	nursultan.jar
KDFzREm/NNNst	NNNst__ff955d735a4d.class	145	5c3b9606990f3e36e0a4af5415a609374981d16d	nursultan.jar
KDFzREm/NNNST	NNNST__840a15e55b5d.class	651	5247f40cc5b35296f9b6c15b8dfab594a94582d3	nursultan.jar
KDFzREm/NNNSU	NNNSU__e8601982a65a.class	145	b392774fbd0b4a0253dbdd4affdb768259e63a57	nursultan.jar
KDFzREm/NNNsy	NNNsy__4add6fe17da4.class	130	4c57dad7bddaa7ea63dbdca0a298359959a33e4e	nursultan.jar
KDFzREm/NNNtB	NNNtB__03616296ab1b.class	1476	e3492498e02179295cd97e51f91315cf668a2687	nursultan.jar
KDFzREm/NNNTC	NNNTC__81d6ea014a46.class	145	0be1031d58a9123c774bf91e06947ac7d23c1fd1	nursultan.jar
KDFzREm/NNNtE	NNNtE__15f10bbcfca6.class	247	ac40dc3af42901998ebe4474070da7ca2f5ed669	nursultan.jar
KDFzREm/NNNTF	NNNTF__1b439964d58c.class	423	d9b34d35cc2d32b383edd35cada9dae699117c28	nursultan.jar
KDFzREm/NNNtG	NNNtG__668e57243efc.class	651	0ed129c1b89324db40f1f3db4db6beca21aef613	nursultan.jar
KDFzREm/NNNTG	NNNTG__ff783ff21e26.class	145	7602a38fbeb33f836a89195dba1f54764f42a657	nursultan.jar
KDFzREm/NNNTK	NNNTK__50ee9a6a49a9.class	723	122d67450ff222ecfb409c5d28d61db251c66204	nursultan.jar
KDFzREm/NNNtm	NNNtm__bec3750c2a4a.class	1834	4084fa6b78fdfe678053586004d4a600c3160e7c	nursultan.jar
KDFzREm/NNNtR	NNNtR__5a4d797f59f8.class	145	e6a23b34f9891450f5ba5cd68408475e1e927c8d	nursultan.jar
KDFzREm/NNNTt	NNNTt__478c2c2e9793.class	1458	59aa983434164f70bcb88683a8f02d979f4ef578	nursultan.jar
KDFzREm/NNNTU	NNNTU__0f9fd90db254.class	145	443c3af43fae2f23bed37fb851a4941576170a7d	nursultan.jar
KDFzREm/NNNtU	NNNtU__aa5e9bca2fc0.class	1879	ee5f12e34d1614ade53dad19c6351e95bac5a708	nursultan.jar
KDFzREm/NNNtW	NNNtW__de39ae23169d.class	1761	99f489f4b1e7cfda2cea4fc61c214e3956df1fae	nursultan.jar
KDFzREm/NNNtz	NNNtz__9be688a15da5.class	1902	9aa2470ed4865e56d1149ce6835d9a4a57411d0d	nursultan.jar
KDFzREm/NNnu	NNnu__8dfed255c376.class	724	307c67c275ce9583e87e0702aaa62325b49810ac	nursultan.jar
KDFzREm/NNNuA	NNNuA__eb1b73f13b94.class	145	39f00d6e425c327cfdd82b6e50238eb82e7e6040	nursultan.jar
KDFzREm/NNNua	NNNua__8d1e80264c68.class	145	9bf0367e6511b7cd937f728b0eb797eae422f0b0	nursultan.jar
KDFzREm/NNNuB	NNNuB__ea0522b604aa.class	145	0d992cad1120b56c1772e27eeb1a067207de1735	nursultan.jar
KDFzREm/NNNub	NNNub__370784bd7583.class	145	a7a8a68dde13c70050e10e7654366b005b827089	nursultan.jar
KDFzREm/NNNuC	NNNuC__877f397618cf.class	145	5e2a231f089c15befb5fe58ce0f38d4d11a62692	nursultan.jar
KDFzREm/NNNuc	NNNuc__d60e24a19cf6.class	492	d78a93e0551e633ff3a83927e4fd6c9bd487e87b	nursultan.jar
KDFzREm/NNNuD	NNNuD__d5267b4bd656.class	145	15e799e6e5041923e17965e8be14fb4b36a1e103	nursultan.jar
KDFzREm/NNNud	NNNud__66fcb7edad77.class	2224	0384fe878b38c309524c9afe2534db1cfa3a06c0	nursultan.jar
KDFzREm/NNNuE	NNNuE__3094e51620e2.class	145	f8dc7b2cc4d3995dcefe89da7b69e3e3a8101097	nursultan.jar
KDFzREm/NNNuF	NNNuF__cca7fb5b50c0.class	145	dc1b1a1ce63a39ad9b3f556b759df08beb3bcb92	nursultan.jar
KDFzREm/NNNug	NNNug__2d2e01b90096.class	145	f0abafbd7d8312803e10ad39115d054eb05e5b22	nursultan.jar
KDFzREm/NNNUg	NNNUg.class	732	7afd5d401ba85d2d5adcbe102bf6271cc585fff5	nursultan.jar
KDFzREm/NNNuG	NNNuG__fa17d019dcd0.class	145	a04d07782d820e7ca3f1a67bb2381d1e7881f425	nursultan.jar
KDFzREm/NNNuh	NNNuh__4f4600ffd98e.class	145	b2345eabbd22ef29e088be482da525dbee0d3613	nursultan.jar
KDFzREm/NNNuH	NNNuH__058eaaefb91d.class	145	c76108fef11e240e6aea6b6e668f1fed0c61fd31	nursultan.jar
KDFzREm/NNNui	NNNui__9deefee4fc74.class	145	1f792d29322e1c7cd6d02845b9363c29693fad7e	nursultan.jar
KDFzREm/NNNuI	NNNuI__3bce3b3745e4.class	145	eb98f9e557ee9d154a049d1d1e16b2f6e2f6ba62	nursultan.jar
KDFzREm/NNNuj	NNNuj__694278e1f215.class	145	88a7b3e7353a8fd91f2dc51702cb1cc58e3c00db	nursultan.jar
KDFzREm/NNNuJ	NNNuJ.class	145	ce4359c7518a0fd033f9795a8eff1095e89d16f3	nursultan.jar
KDFzREm/NNNuK	NNNuK.class	145	5f2dee777928cd3172c5988c4e0488ac5dceeead	nursultan.jar
KDFzREm/NNNuL	NNNuL__269b4f5f426d.class	145	11d3130a2690bce1f6dc73915cd610e97e6240d9	nursultan.jar
KDFzREm/NNNul	NNNul__f2c98ac829ff.class	145	fb7cf4b31d2d46544d9c67d3a75fce65365d56ae	nursultan.jar
KDFzREm/NNNum	NNNum__e115244cef02.class	145	a2d2a3a09569ccaf7a3382512db0da9421c06688	nursultan.jar
KDFzREm/NNNUm	NNNUm.class	145	1e1772fe1fa31f6348c002b40345a99560475de0	nursultan.jar
KDFzREm/NNNun	NNNun__7353a6352644.class	145	936ac86a01912ddc9a96e77d2e37c28be0cb89d3	nursultan.jar
KDFzREm/NNNuN	NNNuN__7e161ccaf19f.class	145	30a83950a8ce84090b5c6323b075ac5ddc7fb52f	nursultan.jar
KDFzREm/NNNuO	NNNuO.class	145	30b680050d71f75d2db8df99dbc61213a65f689e	nursultan.jar
KDFzREm/NNNuo	NNNuo__08e0669a162f.class	145	ca1cf65ae6469da870f17a67264bd23d83d97520	nursultan.jar
KDFzREm/NNNup	NNNup__404682e55ed0.class	145	52bdce794e44c163f4e684e2f74552c6e1042db5	nursultan.jar
KDFzREm/NNNUP	NNNUP__d0ac613c70f4.class	145	1c7febe01abbe4152bf9af29bd3325b43b31fd8e	nursultan.jar
KDFzREm/NNNuP	NNNuP__9562c169268c.class	145	0e3a15f7fb8dde24e9b2de5cd0466fab3e1c723e	nursultan.jar
KDFzREm/NNNuq	NNNuq__d97d3e749dd1.class	145	359d27b6d22d540394639192828e3c4c5ed0b0fd	nursultan.jar
KDFzREm/NNNuQ	NNNuQ__93ef9c0dbf32.class	145	fbb038db024e7e5cc5776ee0dbf72dc135d733f9	nursultan.jar
KDFzREm/NNNur	NNNur__38790fe7fb92.class	145	7993f08934719706c627cd5acd5b84343ef5023a	nursultan.jar
KDFzREm/NNNUR	NNNUR.class	601	2477cf2c5dc19cde7b97208efaef0fad0456707f	nursultan.jar
KDFzREm/NNNuR	NNNuR__d7f3c20aea1d.class	145	c43b5992f9ac36dd35f5b4f847e547727f68e687	nursultan.jar
KDFzREm/NNNus	NNNus__4bde1f14dc5a.class	145	f116d0e85caaae55e6b1a9d1b53bc2a09ce04b33	nursultan.jar
KDFzREm/NNNut	NNNut__ea6d7dbbfbbe.class	145	f7cfcca686288f7edf2780e0c0d06091bcb9437c	nursultan.jar
KDFzREm/NNNUt	NNNUt__ee69dd8f003f.class	145	c5b2eccd6bf025f794e6bfc28386a2b4493ea596	nursultan.jar
KDFzREm/NNNuU	NNNuU__db776f2cef33.class	145	9fe1e85af76496553a8723c5966c705406375e61	nursultan.jar
KDFzREm/NNNUv	NNNUv__4d8655b9e26a.class	145	b277423875bf652a196fcdccdc97b6a8df7bd048	nursultan.jar
KDFzREm/NNNuV	NNNuV__cc8c85a0850b.class	145	d41dd3e21561f10b1a7415989168e06e15825b9e	nursultan.jar
KDFzREm/NNNuv	NNNuv.class	145	84e8abcf7db8ad49bd3124c1790e48100debf651	nursultan.jar
KDFzREm/NNNUV	NNNUV__2cfeda36e382.class	145	4e05d90ce3d2d13b0a68531ed794b10915f37c4f	nursultan.jar
KDFzREm/NNNUW	NNNUW__a6f5d56c7fad.class	384	329f0ce98636671acf7baf4f91eb2e87cde2795f	nursultan.jar
KDFzREm/NNNuX	NNNuX__3a8278e79627.class	145	fc8ec33684e5893240bb5e46dfc8985a7ab9f809	nursultan.jar
KDFzREm/NNNUX	NNNUX.class	1481	280f5474e565bf50220686b2639c7a18e795b552	nursultan.jar
KDFzREm/NNNux	NNNux__f1818bdb897b.class	145	bb805a7e41c9e7175d56ea8558f2311c63acd7d6	nursultan.jar
KDFzREm/NNNuY	NNNuY.class	145	9980d00d21e8832746dc7b816bfb08ca440d4fce	nursultan.jar
KDFzREm/NNNuy	NNNuy__b9777d95f9d1.class	145	66c796d0291c6fe0f4e78ce80b70c9df15a2d91c	nursultan.jar
KDFzREm/NNNuz	NNNuz.class	145	dae8c13ecac03f115b1aaca8997b0e743838f8dd	nursultan.jar
KDFzREm/NNNuZ	NNNuZ__08c70f1061fb.class	145	e4088f35cb707704f37325bad400d6cf04cd7a20	nursultan.jar
KDFzREm/NNNva	NNNva__9850c69160c9.class	732	90157d97f4ce6b2771dff0c7e6083cd9efc97981	nursultan.jar
KDFzREm/NNNVB	NNNVB__34f1f43a532e.class	145	77c2bc8aed73ae406017e6f1c1aaae0c0a6ab973	nursultan.jar
KDFzREm/NNNvd	NNNvd.class	1645	0ad0f0db16780dd1136312fba827494e096457d3	nursultan.jar
KDFzREm/NNNvo	NNNvo__3aa8fb8ade3a.class	1645	c9ed35f9a176f894c598cfdd41a956bac1092ad7	nursultan.jar
KDFzREm/NNNvQ	NNNvQ__0448d4884d42.class	390	44b5df5b2af63cd8811cbd811bf22382e8d511f7	nursultan.jar
KDFzREm/NNNvq	NNNvq__3f144872ee6a.class	836	20328ae06c7a6d66e5f7d84ffa5463a2089ba960	nursultan.jar
KDFzREm/NNNVs	NNNVs__6ff2ddcf5fe9.class	1087	3ba12a5cfb8107db2f063d76094c15f57178cce5	nursultan.jar
KDFzREm/NNNvw	NNNvw__99bac871f2ae.class	836	cacf1087a5ba4b98beec7255c3b571b297fa5951	nursultan.jar
KDFzREm/NNNvy	NNNvy__3e09cae22e5d.class	649	ed72d4e6687543479a50afb0ce37f1690063d06b	nursultan.jar
KDFzREm/NNNvz	NNNvz.class	649	6ae9257435614420f3202c1283d7e370f710eda7	nursultan.jar
KDFzREm/NNNwA	NNNwA__e89965a7b57c.class	8382	34c245786deee8b6e98f6a709b66f230152a74e4	nursultan.jar
KDFzREm/NNNwa	NNNwa__6cc0486b5b75.class	8452	7a4951b73a9f077e144d5d255b761505d84d048d	nursultan.jar
KDFzREm/NNNwb	NNNwb__7e367dc42c59.class	177	b51c44e09cfb0b7bd0cf7d876465294de112067c	nursultan.jar
KDFzREm/NNNWC	NNNWC__aa2c060bb287.class	145	1614e894d2f435704fa7fc24e5a4c0731378cdc2	nursultan.jar
KDFzREm/NNNWc	NNNWc__ca9c0ffea350.class	145	f259791579a95a6e30be9afca8de47db366c9341	nursultan.jar
KDFzREm/NNNwC	NNNwC__841439f177c0.class	9673	e2a69471314b6397552942783547cc4b6f2bbd0f	nursultan.jar
KDFzREm/NNNWE	NNNWE__87d82792d069.class	925	b4e8818fd7cbe3db07a649ba576ae2316e4a744b	nursultan.jar
KDFzREm/NNNwe	NNNwe__b0ac63d7fcc9.class	7794	481b2736b2bf13b98482b952d583a230b8a11f7b	nursultan.jar
KDFzREm/NNNwF	NNNwF__180b839b837d.class	8001	5ceb937b644dbf2d04c551c08270b55fcdeae4e5	nursultan.jar
KDFzREm/NNNwf	NNNwf__0acc41ed7042.class	12757	08cf1263525ee16275e6f20eb4cdbd56bd2593b0	nursultan.jar
KDFzREm/NNNwh	NNNwh__231524219a01.class	164	e46d92af67b8f8b86577f90b8be041509f7f0e2f	nursultan.jar
KDFzREm/NNNWI	NNNWI__84c249dc9012.class	357	89c8292d1054e82389610cb5c3542ee988013565	nursultan.jar
KDFzREm/NNNWj	NNNWj__c07946561f30.class	925	c9550f67101ba40f20a7f65294ca24aa650c1a31	nursultan.jar
KDFzREm/NNNWJ	NNNWJ__b00f69060c93.class	324	5675e48092037f7733ad431bcad6da0a84042844	nursultan.jar
KDFzREm/NNNWk	NNNWk__0948b314570a.class	926	b74934b65c62ce7495fb2f68d144130aa4a41215	nursultan.jar
KDFzREm/NNNwK	NNNwK__fced9af646d4.class	16882	b9ea10dfbd5445649aa02928ed259493760104b9	nursultan.jar
KDFzREm/NNNWm	NNNWm__f5a5b0b537b1.class	926	3c4765a8872eb62a13e1f541de988adcd9ed3654	nursultan.jar
KDFzREm/NNNWO	NNNWO__42f068209f8d.class	817	57243e395cf0b83835751df945e59161efa3159b	nursultan.jar
KDFzREm/NNNWo	NNNWo__02f8b8e5c101.class	903	b7ff9c05329653054d37b653ff9d91cd2d6bec09	nursultan.jar
KDFzREm/NNNWP	NNNWP__8c85d7e64885.class	926	9056f991bc49c9b4ba146d0ebea53198f738db27	nursultan.jar
KDFzREm/NNNWq	NNNWq__78bc2c8d5b21.class	1041	c8249f125d1b63d245ccd27dcd6a5fa4a28cafdd	nursultan.jar
KDFzREm/NNNwq	NNNwq__9add1e1b38bc.class	1377	6ec2d346fa1719ea8b4ab06632da95af92911851	nursultan.jar
KDFzREm/NNNWQ	NNNWQ__6b5bd3650e07.class	437	77e21e9f0cc08bd49e1d48f91a07fe1de1471cc3	nursultan.jar
KDFzREm/NNNwU	NNNwU.class	582	5604d3e17353214f4708b3c4d30511fa3449eff3	nursultan.jar
KDFzREm/NNNWv	NNNWv__fe536c8101a9.class	871	2af20529b648fd70827af794811b6c68da99fd0c	nursultan.jar
KDFzREm/NNNwW	NNNwW__7fcc9062f446.class	145	89e43f531a34471d05b3997c786fb3775c478e37	nursultan.jar
KDFzREm/NNNWW	NNNWW.class	872	b67cd6b11629624cfacb49b85e1c8e31f9a02a4c	nursultan.jar
KDFzREm/NNNwX	NNNwX.class	7716	fd31e9012d2d47628bc3c73fb103c436ab8c5932	nursultan.jar
KDFzREm/NNNWY	NNNWY__62fab427e090.class	925	9ff129e1e4a11b8a16def4a5d87233bf8c9c013e	nursultan.jar
KDFzREm/NNNWy	NNNWy__07e93d31bd1e.class	145	ed4fd64e35dd3b05b796f75c4f527f732cc6ec79	nursultan.jar
KDFzREm/NNNWZ	NNNWZ__3ced5e066a7a.class	145	567c5cb526ff2b7a3826729477dde5ea0d8d5203	nursultan.jar
KDFzREm/NNNxD	NNNxD__b64249626b31.class	273	da6b04b3fb498f684c0854ac5578074c858afebb	nursultan.jar
KDFzREm/NNNXh	NNNXh__1116d8be8825.class	597	facec1f599cccdfc708d86f553d7d2819ff6f04a	nursultan.jar
KDFzREm/NNNxi	NNNxi__ce39e48f8c5e.class	1347	28a6c73ebadc126b3163d146d5734f09558d438d	nursultan.jar
KDFzREm/NNNxk	NNNxk.class	145	25c4ff9c32f8488675533f5dc5aad7674f2f66ab	nursultan.jar
KDFzREm/NNNxL	NNNxL__6629e6f7476b.class	1553	2e49f7b75c5f2bf45c0d97d40cd7bae6b9b8bc4a	nursultan.jar
KDFzREm/NNNxr	NNNxr.class	145	3ba28b7b14048c7321ad950f9da9a6b141717a6e	nursultan.jar
KDFzREm/NNNxR	NNNxR__48e384c11e53.class	1211	a6905a65113b55e5eaad97335838587618201a02	nursultan.jar
KDFzREm/NNNXR	NNNXR__0abc3a607ce8.class	145	b51eadb493762ed65b80f9e110de7e3212a60713	nursultan.jar
KDFzREm/NNNXs	NNNXs__eb08e5907b87.class	397	83b6c3eea923b2079fae3a1d418a0cffdf4acd9c	nursultan.jar
KDFzREm/NNNxS	NNNxS__a90f260390bc.class	261	fcf9fc1da2a39afd903e8d78761aeea20c1726bb	nursultan.jar
KDFzREm/NNNxu	NNNxu__375ee0e63c17.class	1260	0e6fdbb7f96dc688d13dc67f93848b53617b6dfc	nursultan.jar
KDFzREm/NNNxz	NNNxz__f1e81ea8a2e2.class	953	b7a71ca7a28eba570508b8d30281b0c20872e5f3	nursultan.jar
KDFzREm/NNNxZ	NNNxZ__699dfd82c32b.class	1551	4fee3cd26e0eb1c0aa91ffb5ef86ff39dda72feb	nursultan.jar
KDFzREm/NNNY	NNNY__29d0a64ab746.class	655	7fd88808274eb2377fde8fd7f352695d415958c1	nursultan.jar
KDFzREm/NNNyA	NNNyA.class	145	d5c7e49b48e0a6f608941e018b393bfbe6e70905	nursultan.jar
KDFzREm/NNNya	NNNya__fcfa09c64762.class	145	84f79062635323ed0aabe584d73b0caac1f10809	nursultan.jar
KDFzREm/NNNYA	NNNYA__f4c5f8278da2.class	1339	2ada915e93cd3efbe2818db74bd071979638306d	nursultan.jar
KDFzREm/NNNyb	NNNyb__aa7a04544f19.class	145	40233a02aed0fb3b7b01fca99914536de1fb5442	nursultan.jar
KDFzREm/NNNYB	NNNYB__e819ebbd5b67.class	1533	f57b287dc427869e0e33daa8035a525491d6045f	nursultan.jar
KDFzREm/NNNyD	NNNyD__bd748561ddb9.class	1591	c31f24913248f451a39bd6bca09fba9bb5cc704b	nursultan.jar
KDFzREm/NNNyd	NNNyd__39a0ce44c995.class	145	c3ce0824f1f44e98add74d36573a4c06d6a6a3ca	nursultan.jar
KDFzREm/NNNye	NNNye.class	601	e2966a770a01b2d407f115618460bde5b16d219c	nursultan.jar
KDFzREm/NNNyF	NNNyF__01447bce4139.class	145	88493dccd7148f473f90ab37d7435bd2a8f76432	nursultan.jar
KDFzREm/NNNyg	NNNyg__9cf30424b454.class	145	4a2b449da78566ad89f51a08bdda87541b590110	nursultan.jar
KDFzREm/NNNyG	NNNyG__5f980d13f7b8.class	145	facb6a30d35407231639d734b1a42fa64749ee96	nursultan.jar
KDFzREm/NNNyh	NNNyh.class	872	eb9842211f22b1ca7e57bdf492d961e4a5a713d5	nursultan.jar
KDFzREm/NNNyI	NNNyI.class	145	e04aa1fc42f86b5ddbc12f5143ea6cb3ef8aeb88	nursultan.jar
KDFzREm/NNNyj	NNNyj__52bb0ef74e79.class	145	e09c81ac3a2280b9cb620d46e9be0bdf67dc12ff	nursultan.jar
KDFzREm/NNNyJ	NNNyJ.class	145	e9c9b4eaaee455a8903815e864ba93eaae4e4a58	nursultan.jar
KDFzREm/NNNYj	NNNYj__09f92c1d4799.class	145	66d1cc0537cdfb812e2078cd60702cd718994020	nursultan.jar
KDFzREm/NNNyK	NNNyK__5d933ece6faa.class	145	d3a1364a2b5191f8848b26ef119b9014a3c93297	nursultan.jar
KDFzREm/NNNyk	NNNyk__50f4394dd704.class	145	c1762e88b36c8e1ef6648c25d65edd39742709b0	nursultan.jar
KDFzREm/NNNyl	NNNyl__3ea1e914e10e.class	145	ed658f772b9c09cd3846e749b0980f46ef59ef53	nursultan.jar
KDFzREm/NNNym	NNNym__59e2fa993184.class	145	2e7e9f03b68fef855ad8a507547fe2495521b837	nursultan.jar
KDFzREm/NNNyn	NNNyn__117a8c7fefbd.class	145	2f3e09d9df755de75df7b25f7a91f36fd7fa2711	nursultan.jar
KDFzREm/NNNyo	NNNyo.class	145	7c4e91d61bf8c92c8c300e426c254304889645ab	nursultan.jar
KDFzREm/NNNyO	NNNyO__387f2e4a2429.class	145	bc01e4a90c71d42bf6b96a2270301e8925256dca	nursultan.jar
KDFzREm/NNNyp	NNNyp__9a26f2b61e0f.class	145	438d44473db1052ae99b5153305914d884f86e89	nursultan.jar
KDFzREm/NNNyP	NNNyP__af8c6080f764.class	145	d8ea54e3a84f11e84ab6193b3795f54055ab3d04	nursultan.jar
KDFzREm/NNNyq	NNNyq__882413192296.class	104	691b0476af4428268b282bfeb400152226f05c26	nursultan.jar
KDFzREm/NNNYq	NNNYq.class	145	fc5a1b8e119fafc425b664ac8c930b9a630bb195	nursultan.jar
KDFzREm/NNNys	NNNys__cf5987533066.class	145	6e3d6076ec8a3a708d5d3086bb006a67341a08e9	nursultan.jar
KDFzREm/NNNyT	NNNyT__8819e0995132.class	145	50e94dc35adc992670fe5a158b324713223da664	nursultan.jar
KDFzREm/NNNYt	NNNYt.class	199	44b74228e7dc5c32f9226d84afc3173097a21927	nursultan.jar
KDFzREm/NNNyt	NNNyt__666831ecc63b.class	145	36bdf31b56eee32df2a5362d014f62136ddf717d	nursultan.jar
KDFzREm/NNNyV	NNNyV__9e3a5171108e.class	145	b8155228a413ad48f65c2a5869491565eed8e96d	nursultan.jar
KDFzREm/NNNyw	NNNyw__ff33e1960d57.class	145	a3f34a2d4e609105072524b4424a56894421f95d	nursultan.jar
KDFzREm/NNNYW	NNNYW.class	145	c962047b02f9a1074c345548b593624e055a9772	nursultan.jar
KDFzREm/NNNyX	NNNyX.class	601	1261009c833fc7f1c812144b7fef8ca873af60db	nursultan.jar
KDFzREm/NNNyY	NNNyY__4679dcea3193.class	145	adb0bdcc77306f6eb0e48816e1b6a66af99cc386	nursultan.jar
KDFzREm/NNNyZ	NNNyZ.class	406	32da7cc0ca162f7485b98262fc23098c784c8844	nursultan.jar
KDFzREm/NNNYZ	NNNYZ__50e04f42d203.class	229	319471867acc5cf4414aa12ce0256d5c61ecf51c	nursultan.jar
KDFzREm/NNnz	NNnz__45da0b173978.class	386	2d337290b144d758f74e496f15f212a891a5c64a	nursultan.jar
KDFzREm/NNNzC	NNNzC__7e003027f651.class	774	a5807ca4c37dd173838c6dfd2e63918eb3668c0c	nursultan.jar
KDFzREm/NNNZd	NNNZd__2f52c5a0e9a6.class	145	97ccf26bbc09a43b9e119cfe77cadd2e6789544b	nursultan.jar
KDFzREm/NNNZF	NNNZF__45955553e648.class	145	293ef47a7fda3fb9bb234d22dac20fc081f566e7	nursultan.jar
KDFzREm/NNNZf	NNNZf__27075200a64d.class	145	ca041588049f51b84b4aee4e41660bd4278ad5c2	nursultan.jar
KDFzREm/NNNZG	NNNZG__978325766af0.class	825	3b0d6c6b7bb3e09f247cad5d191362b226753b0c	nursultan.jar
KDFzREm/NNNzg	NNNzg__888c69761979.class	712	8893d6ecd019e284f4df95eb8604d95437daf37f	nursultan.jar
KDFzREm/NNNZi	NNNZi.class	686	d289afcc24ccfbca95c0016dd918cc6b28c49309	nursultan.jar
KDFzREm/NNNzI	NNNzI__0424bc356df6.class	712	2f51d68528b9200021774386f6e66eafda724cc7	nursultan.jar
KDFzREm/NNNzO	NNNzO__86ac3348403e.class	712	a2fa0b76888917a4f9fb7f103a0e955101d6d94d	nursultan.jar
KDFzREm/NNNzq	NNNzq.class	2080	3df1b7bf291e20ad3881f0c92ea65c3358c304de	nursultan.jar
KDFzREm/NNNZs	NNNZs__cf9dda1a8de8.class	372	586becd0681b997364c3f4eae613106a8e3cf969	nursultan.jar
KDFzREm/NNNzu	NNNzu__9f1d0c6a9db2.class	389	2014a3fd41e5848231bcf401300d8321449ec8d5	nursultan.jar
KDFzREm/NNNzw	NNNzw__1d403bd868df.class	643	6d58d4d3b55325187c544f9edc756eba02fa51fd	nursultan.jar
KDFzREm/NNo	NNo__582901949c93.class	6641	75151562d93cd640f565ebe0072749b8c10228dd	nursultan.jar
KDFzREm/NNod	NNod__5819a139380d.class	342	4bc91f1ae417cf1efa3d9ad67a3a784b6483e570	nursultan.jar
KDFzREm/NNOe	NNOe__f2b9fdb4bc06.class	780	a3716b65284bee23efa6ccc22b857cc67b586bbc	nursultan.jar
KDFzREm/NNOM	NNOM__36929e21ce5c.class	260	9ecc977cf766aabcab3ec028ffdfbd3b9e935e69	nursultan.jar
KDFzREm/NNOW	NNOW__1e60939441f6.class	665	8a007ff776410def99fa22f88fd6dd0d01c8ec43	nursultan.jar
KDFzREm/NnP	NnP__e5465dd2db3f.class	243	44aebb3525c1fb821461605c8a07de46ddefb53e	nursultan.jar
KDFzREm/NNpC	NNpC__66092ffb97a2.class	880	161c15c6fcf81d4902a57bf76bf87529ab382fe3	nursultan.jar
KDFzREm/NNpE	NNpE__751d37b755fb.class	500	b71d25c4116f007551d162fc7993339790b4ce86	nursultan.jar
KDFzREm/NNpf	NNpf__9243ecdf2939.class	759	159414940cc2985ce8620b99914e0a138774e31e	nursultan.jar
KDFzREm/NNPh	NNPh__d27323149530.class	1316	77a0efbde4528c1789e5498faacf427b738c98b8	nursultan.jar
KDFzREm/NNpO	NNpO.class	998	11e552dfd106755aa0ef67ef00872291e991477f	nursultan.jar
KDFzREm/NNPO	NNPO__c8bf91f8eddc.class	439	77e40591f4a797af441d06a575e2dbf7f1f621cc	nursultan.jar
KDFzREm/NNpS	NNpS__bd853286c171.class	1076	ed16709c1ed5fcb6de05db41d2d8ab05f5f407c9	nursultan.jar
KDFzREm/NNqi	NNqi__166eaff3251c.class	659	e422e7840c1c5c358675d096937d6994986d209c	nursultan.jar
KDFzREm/NNqR	NNqR__88c907efaa34.class	581	0d76616eb2dfbc388906463fb93a261d83b7b98d	nursultan.jar
KDFzREm/NNRF	NNRF__84fcb2b12eff.class	697	c2f3be409d1b4068dcfd4e96cc461038dba371d8	nursultan.jar
KDFzREm/NNRn	NNRn__58f6953a9954.class	1805	d39d5688a77fdad72f34422d42b05e11bb517b75	nursultan.jar
KDFzREm/NNRp	NNRp__645a3d57aa2a.class	743	4f5634212e89fffcaa719cf53aa5df001fbcfebf	nursultan.jar
KDFzREm/NNRs	NNRs__e0dd3bbc77c5.class	1006	edefb32f938dbb3b23e133044fcf93034c1edae6	nursultan.jar
KDFzREm/NNRt	NNRt__735da5ac2037.class	1836	bb2e1c494191ef926a59e0e8108a38a41a89eb24	nursultan.jar
KDFzREm/NNrT	NNrT__c3cf28e8c78b.class	793	c6bf3e65d543dc2ca4159cbb21f9c9488e116f59	nursultan.jar
KDFzREm/NNRV	NNRV__db876522a93e.class	4988	08d6f43cd21462148d48a36af28ba09e6307d232	nursultan.jar
KDFzREm/NNsc	NNsc__3f9dd41da425.class	3537	e3ca85fb7a28212c8ff4cdf65224dad78c59d6be	nursultan.jar
KDFzREm/NNSg	NNSg__de537e116cca.class	647	4a866bd345cd6b7422dba5f40a06f867da3015fc	nursultan.jar
KDFzREm/NNSI	NNSI__e5eca2572eeb.class	752	9dcb829323cd9736bf54feddc01fbe9c8032ac58	nursultan.jar
KDFzREm/NNSJ	NNSJ__cdaebc6dfad3.class	544	c71b7e3b4ea3de1e0a19ca021bf9008108a03598	nursultan.jar
KDFzREm/NNsw	NNsw__e67372e4dd73.class	320	4ed314a8194e4f421a9fe08509945dfb95d555cc	nursultan.jar
KDFzREm/NNtB	NNtB__0dd176bbcbca.class	413	89116543f97ab6be656878fe93ea932e3311ba05	nursultan.jar
KDFzREm/NNTb	NNTb__688b2b24fb26.class	2230	b0eb47b223e6270b6f1b79d0ab4386738d23bd78	nursultan.jar
KDFzREm/NNTj	NNTj__f160b5613ab7.class	1222	1828f7bfc6d00d1f5b38ff696bc492fc62e67528	nursultan.jar
KDFzREm/NNTT	NNTT__2279f64556bd.class	3477	3bdbe9d40333b89cfb06ac757bce097ed056e42c	nursultan.jar
KDFzREm/NNTv	NNTv__4cfad03588a5.class	4192	1f0557e081a510073f7bd14b7d8f69ca331f992b	nursultan.jar
KDFzREm/NNtx	NNtx__72761f2b6a6f.class	773	c7f218ade5afa490417ad58ffd489724c7426417	nursultan.jar
KDFzREm/NNub	NNub__c4fc88b6c062.class	278	ff394d2064c679573d2a4a3a581a861d44ff2cf0	nursultan.jar
KDFzREm/NNuE	NNuE__086f84a5b70f.class	8468	6bc3e442e7f315bbaa402a205d94656d7f1b6663	nursultan.jar
KDFzREm/NNuG	NNuG__badf571ed594.class	12717	50e2eb843bc4baecb587c4c6a6e14c549496fc1e	nursultan.jar
KDFzREm/NNun	NNun__828abbb3b6ed.class	14381	12ecc15341d61bcb89d01cbdfb114f04e9a1e99b	nursultan.jar
KDFzREm/NNuP	NNuP__d821495b757c.class	7134	77ec3d39b167cc7c8fc5e9794b1ef79e88103732	nursultan.jar
KDFzREm/NNUP	NNUP__d9b54c0d2a02.class	314	34d74417a2ec211871ed96381e965105b936bef4	nursultan.jar
KDFzREm/NNuq	NNuq__3f1d4a9753be.class	580	7c3493e702f6c5744a11098d956ba42c09519e9f	nursultan.jar
KDFzREm/NNus	NNus__c603af807630.class	7079	cbd95d2b404dc6c7120bed5b51589e0021a506ee	nursultan.jar
KDFzREm/NNut	NNut__337a0e9e4566.class	11652	8e743642516a81f3f669d34c483fa39e5fa08af7	nursultan.jar
KDFzREm/NNuT	NNuT__6a2b4d96a8c9.class	278	52abb83db85cd715accda24f980a04bb4b2c3254	nursultan.jar
KDFzREm/NnV	NnV__d02c5b7d7120.class	337	251ececa42c23c560366a2d1c8439059bc3f266d	nursultan.jar
KDFzREm/NNvA	NNvA.class	213	7cb4e0ae7d3d13f2c9c0ae96cbe222a06c8ade0f	nursultan.jar
KDFzREm/NNVb	NNVb__c864d84c159a.class	324	6b6db8eb9a5232f98df69406f903f6274fdb7808	nursultan.jar
KDFzREm/NNvD	NNvD__79566230bc04.class	380	2fa41ecac544a0d8c8e822124029c6df5bf31cf9	nursultan.jar
KDFzREm/NNvh	NNvh__6b47d634ab94.class	456	73e4413eaafd502a39b965e1a8915431070c6a96	nursultan.jar
KDFzREm/NNVP	NNVP__6a68ff2603ca.class	305	ac3a8f0579b6a3fca56a8130cd14db274b442b8a	nursultan.jar
KDFzREm/NNvS	NNvS__87a2a3381580.class	324	64fb92e31f06e1caf5c9425e9282df2ddfd9b23a	nursultan.jar
KDFzREm/NNVs	NNVs__c36e5512c0cf.class	480	9369400163b488497644ec085f0a6c5c6d1b82b4	nursultan.jar
KDFzREm/NNvt	NNvt__eab0c50d3b06.class	3855	6db239bc333e9376bcadb7353c22765a5d134e07	nursultan.jar
KDFzREm/NNVU	NNVU__bf84d4e78388.class	236	ebfe1a93a6aab950663c1052ee9c5ef2a2ff5fe5	nursultan.jar
KDFzREm/NNvx	NNvx__26e99e127088.class	319	d2d52c3b43131af36d9a70123360b6fa1da6c87d	nursultan.jar
KDFzREm/NnW	NnW__a5efa1ad96df.class	350	ab5326b199805aa37ff63dfd80dcfcd04ef37ff2	nursultan.jar
KDFzREm/NNWe	NNWe__c7649ac771f5.class	392	d9fe49282cf4e1feb4430b5b254449f1cbb7da69	nursultan.jar
KDFzREm/NNWf	NNWf__1f59fd157213.class	893	6b797324d89b65e2ee5e926df4247c11d04bf285	nursultan.jar
KDFzREm/NNwH	NNwH__81a21741bfbb.class	1058	24eccb882b224b754d2c690f9d1c1be21b4283c3	nursultan.jar
KDFzREm/NNWJ	NNWJ.class	545	3615f51591171ba5fd0b69a43ba7ab4d04423f8f	nursultan.jar
KDFzREm/NNWn	NNWn__06294740874d.class	1480	7e6fdd1d5d88d142e7174c982b941feaaf570eee	nursultan.jar
KDFzREm/NNwS	NNwS__041420b4302f.class	495	ae9268172c2eb56462f45344c8fe83c4643b59ce	nursultan.jar
KDFzREm/NNWS	NNWS.class	3939	9af51624353d5b3d243ab7da6ce895c1d4aad8d8	nursultan.jar
KDFzREm/NNXF	NNXF__9985d769e2db.class	354	ffcbf0909c02c309b2fe61e2ee77aaa11ce9879a	nursultan.jar
KDFzREm/NNY	NNY__073256323db3.class	143	000714ac71c65b8ecea2a7a29842afb4bdca1068	nursultan.jar
KDFzREm/NNYB	NNYB__5f65f4e64263.class	490	5f2d68275188bc620d84d0717d03c0db503e9e9a	nursultan.jar
KDFzREm/NNyg	NNyg__3d6d7d775b6b.class	308	2ef67468c72445bf914029d4cb015f6cb9dc78ed	nursultan.jar
KDFzREm/NNyS	NNyS__a3779f8788ed.class	469	f1b0c9de0063389db76cafcfc54b4b034ce7a262	nursultan.jar
KDFzREm/NNYz	NNYz__2812e6e25971.class	492	7439f0d7943a712e094a9a16f3f661aef88331c4	nursultan.jar
KDFzREm/NNZa	NNZa__8cc35b661272.class	778	8e7d3c49723cdd79fab2b8e791d6bd23dff22890	nursultan.jar
KDFzREm/NNZc	NNZc__856f523901b1.class	778	e1f704c575ec5127e365ae4cf017dcd6878fb173	nursultan.jar
KDFzREm/NNzE	NNzE__d414ef406d77.class	1721	b92ef1acf300c50c4524b14d7d40bc49397a531d	nursultan.jar
KDFzREm/NNZH	NNZH__983871ef0b65.class	637	98046eba04fe920d155e327a6d9b7ff0eef56c66	nursultan.jar
KDFzREm/NNZV	NNZV__414e6f20776f.class	609	cf1536ed04baababf6d06f52f3c09edac1fc35e6	nursultan.jar
KDFzREm/NNzW	NNzW__afee15b8b076.class	214	348e52fc04f6e146fd0d96d26896e32b0629166e	nursultan.jar
KDFzREm/NNZX	NNZX__6350b430b8a1.class	637	4f9d4d13e8c33ceb562ee1834acfbb6a0cb51f20	nursultan.jar
KDFzREm/NNZy	NNZy__8e801538b2d8.class	179	9f9db16795a586eb87e389cb4d2a8892f63a6970	nursultan.jar
KDFzREm/nO	nO__b355223b3abf.class	12260	da2d13679c538552e7d5490a3f6633ebc60fcff0	nursultan.jar
KDFzREm/No	No__de5975fca621.class	10927	0c7da6ecb27df757efe1f157388e14f5c197d5d4	nursultan.jar
KDFzREm/NO	NO.class	8099	cd34840a93a693fed79a96fa29bdbf1dbd083685	nursultan.jar
KDFzREm/no	no__10884b001dcf.class	1155	94ca28380d6373a40cf4f9ddb2828caf1526b7b6	nursultan.jar
KDFzREm/NOf	NOf__921492b9e7a6.class	1104	92e995c9a4bb97b5e9fe76338b8d3e2e8ef69bfd	nursultan.jar
KDFzREm/NOk	NOk__e8472351b3f7.class	3649	1b5d942fb8a2bc619068bd144f2f88443c764569	nursultan.jar
KDFzREm/Nok	Nok__4b87da3ebbc3.class	1571	4252f550ad23d79d8707af1e95becc31a562c184	nursultan.jar
KDFzREm/NOw	NOw__53167cd1be05.class	1321	781c790c86b0d7de027a808bfdf00bb47471fc23	nursultan.jar
KDFzREm/Nox	Nox__64f99e03ae5f.class	1221	91e0fc5cc6a2d71295ee05f416c02961df922ca6	nursultan.jar
KDFzREm/NP	NP.class	32789	f48723905ee657d5a5e5b55cf61cdbd5efa9c4c1	nursultan.jar
KDFzREm/Np	Np__ffe06d5581b8.class	7403	251cdb36075c9d2b3e86a962220e3902a8c6eebb	nursultan.jar
KDFzREm/nP	nP__9a22d6929acc.class	11689	edd7d63384e4dd20bf24e5d0a39f245508182107	nursultan.jar
KDFzREm/np	np__e8dde0cd01f4.class	9106	6507bd6f6bf849816e980a759236ca20756216c7	nursultan.jar
KDFzREm/NPa	NPa__96f2d3ac8d93.class	143	5929c2d6672bcb8b36479b66ec9b73b34f1746ed	nursultan.jar
KDFzREm/NPA	NPA__2ca44b8eefcd.class	143	d7414a664962294d613150f3c3421ce8a443cd3d	nursultan.jar
KDFzREm/NPC	NPC__631a7e3af6a7.class	143	43e149cdbd127133195baf82c3ef1b5291e3770b	nursultan.jar
KDFzREm/NPd	NPd__72d644691de4.class	143	e00b8fcda12c91701daf39e2263b5fb93eaaa358	nursultan.jar
KDFzREm/NPD	NPD__3a44cb911765.class	143	5fa305a7c8bc7629c9a662bac835ef6eb3ff6e1c	nursultan.jar
KDFzREm/NPe	NPe__010a43550339.class	143	cd57cc54b0223c45f1a83de6cbc4247733b27c50	nursultan.jar
KDFzREm/NPE	NPE__40700f10f35d.class	143	d3072a2374d5da6ad2916d10dac1f44bfe376957	nursultan.jar
KDFzREm/NPf	NPf__c0ca2cc0dfe7.class	143	962154e0a0b942ec6ebee2b9b7fbf1c9d2caf8ba	nursultan.jar
KDFzREm/NPG	NPG__2e75e110b317.class	143	ecd90918b80d5e4811f1e8a42376ce1a5c0c5abe	nursultan.jar
KDFzREm/NPg	NPg__e15cfc9817fd.class	143	368b9da9425a96b615e2c98f72a7cb28f0e710af	nursultan.jar
KDFzREm/NPH	NPH__b86912a14cfb.class	143	0bc3c72e1e3f12addba706b79f1520d94a4780ff	nursultan.jar
KDFzREm/NPI	NPI__3e8b35eed702.class	143	924e3af0639d06e91e2371d1fef9edb5ee6b958f	nursultan.jar
KDFzREm/NPj	NPj__49359062c98d.class	143	c036aa3b26ed5dcdf6a25d61f2b3d75dd90116fb	nursultan.jar
KDFzREm/NPJ	NPJ__15b3a26857c9.class	143	cddd7dd5b2cdeed3917e82353afcb3900cef411d	nursultan.jar
KDFzREm/NPK	NPK.class	143	e2da9ab9b12cd0423ee750e67da8b1d7890c0ea3	nursultan.jar
KDFzREm/NPk	NPk__ce9be0efc30b.class	143	9a2db9652c25d8208dbc500d1917c858a5b2d714	nursultan.jar
KDFzREm/NPl	NPl__352b33e5ed68.class	143	6d425f6f7b79897c679925d039c82736ab15f080	nursultan.jar
KDFzREm/NPm	NPm__e760810e44d3.class	143	070ac857c85fe2c920673d2416b7d939c049ad59	nursultan.jar
KDFzREm/Npn	Npn__b4984dc6ad4c.class	519	ce4c67f5a505c9cc807ecf30b294d07ae5f99cd7	nursultan.jar
KDFzREm/NPn	NPn__b4c3e7369594.class	143	5fcae983d1c507b1f70f88af980b70c336fb02ed	nursultan.jar
KDFzREm/NPo	NPo__ea0b3668ada4.class	143	70b00e623c0ef3ea65e735087cdc3a5ada127d7f	nursultan.jar
KDFzREm/NPO	NPO__0bd7098581fa.class	143	4906afd784e5d8f00c94f7a85652aa0facafcf08	nursultan.jar
KDFzREm/NPP	NPP__d4a2ba072986.class	143	ab705825d1489f516162537bd9684fd603afb407	nursultan.jar
KDFzREm/NPq	NPq__d580d5a8260a.class	143	acf176711e4555c1b510945702aba14e7830d860	nursultan.jar
KDFzREm/NPS	NPS__6b47ec51d29e.class	143	0a464690fffe3915b5885e429ae45822ac7f1694	nursultan.jar
KDFzREm/NPs	NPs__63dd795e3a8d.class	143	41c8b45d2185fe727d3be87539153397323b13b3	nursultan.jar
KDFzREm/NPT	NPT__fbd246cd2eb5.class	143	8ee0913983742e98e63b45122a236e6a3bf19d82	nursultan.jar
KDFzREm/NPt	NPt__1f1e645db142.class	143	70ca5a2525f945976795b8e8c66c7b7c154846d7	nursultan.jar
KDFzREm/NPU	NPU__6a370315414c.class	143	f2c13aa0c865f8e60c4d58143c38345032df72cc	nursultan.jar
KDFzREm/NPV	NPV__8c0a1290a088.class	143	a4e69150a5fd584745b468e01e9857e7988a4514	nursultan.jar
KDFzREm/NPv	NPv__890ba275e434.class	143	7265f783fa9de80a6384a496d3017cdadc0a4d65	nursultan.jar
KDFzREm/NPw	NPw.class	143	10b84c0c6119252de270587f346dd92e41d69342	nursultan.jar
KDFzREm/NPW	NPW__3d96a9519b41.class	143	8c084431fa9c4463bd7570798dfe667a6451686b	nursultan.jar
KDFzREm/NPX	NPX__9520e9d7af89.class	143	d91aefa02f4a000f0f45fb0db266c795e950ffba	nursultan.jar
KDFzREm/NPx	NPx__eff44cd9ab25.class	143	94add9a17695f9c1151b5f771cb10032c045640a	nursultan.jar
KDFzREm/NPY	NPY__92bcdfc3ad74.class	143	6e90ab2b312c077fff6737e9d6fc1718bf5396b4	nursultan.jar
KDFzREm/NQ	NQ.class	11548	219bed80b45320707ad41d8d9b34f42b03fdc04b	nursultan.jar
KDFzREm/nq	nq__e38f84889a3c.class	50230	1e225cc1e6ef6ec640c462b54e0c8556df60a49e	nursultan.jar
KDFzREm/Nq	Nq__186537ce2baf.class	12249	6b718bf037bd4337dcd95c844c89874d730b7964	nursultan.jar
KDFzREm/nQ	nQ__3d7a79a14bba.class	8615	a25e4a3ad0545c4a761a082669e43ee59f5851c9	nursultan.jar
KDFzREm/Nqc	Nqc__6a243cbaded8.class	1057	eb7f737c61592533c4cdfad796981919367c6fce	nursultan.jar
KDFzREm/NQJ	NQJ__5934112571fe.class	933	ba5e65fb42cfeb422054b9340d9a438179a48b7b	nursultan.jar
KDFzREm/Nqk	Nqk__4c3988c09c48.class	469	9407cdd4bb22cf5c438c59816580a6b1ddd456a3	nursultan.jar
KDFzREm/NQq	NQq__693f3085eb0b.class	1189	dde6dca55f675109b8a164728165421c760abaa3	nursultan.jar
KDFzREm/NQQ	NQQ__d78a546bfe63.class	546	4f84a88812e5e8c7acdf52c6414a3449560078f4	nursultan.jar
KDFzREm/NqR	NqR__b377dde029c2.class	1277	149dac44f39b34e1601a139a881562bbcfc5bf1e	nursultan.jar
KDFzREm/Nqu	Nqu__d34cf0a239d8.class	1545	b812718e7de16b3fbaf989d396f0602a2b3e7593	nursultan.jar
KDFzREm/NQV	NQV__31342a288f2c.class	1823	3fa15e58d7743858933c321c75b63bf5918ba3fc	nursultan.jar
KDFzREm/NQY	NQY__58c1f32cdf1d.class	765	c6dcbba9b061bc2536ba940bdaa8bb3793126950	nursultan.jar
KDFzREm/nR	nR__219ab87edc5b.class	15929	421c6f92bff9659df25a4cb45370f5f58f5b8119	nursultan.jar
KDFzREm/NR	NR.class	11683	c675d7213f9f6e4c55fd1a826066b2df8567e8b1	nursultan.jar
KDFzREm/nr	nr__d5f12e67aa8b.class	7893	b4217f179e0af5e809a18193e4f362591cdc0ab0	nursultan.jar
KDFzREm/Nr	Nr__8290ec4d786d.class	10612	cf2ab1867fce287b8ed6ac366a1e3b02a76bc49f	nursultan.jar
KDFzREm/NRb	NRb__84ab7b96f413.class	143	dcfb28844bdf50df3a8df7f451f326123a54cfa7	nursultan.jar
KDFzREm/NRC	NRC__410758880220.class	437	137a31785dfd77f86c0b870ab07e1d3cddcf4a7d	nursultan.jar
KDFzREm/NRc	NRc__03176f189519.class	437	0a3f815d692835796d789f390339edc5905258c8	nursultan.jar
KDFzREm/NRe	NRe__7c9f44904e3c.class	437	2508e259d3175b2f249b2cd96253316f97ca32d9	nursultan.jar
KDFzREm/NRf	NRf__f96d80d7b06e.class	437	1d88e74e5ee7a345bd2c7d840e60ee5a236d28b0	nursultan.jar
KDFzREm/NRh	NRh__c871a26d7b28.class	558	b901a3ec3fbe150f7ca7b13b50d304d29a309036	nursultan.jar
KDFzREm/Nrj	Nrj.class	167	450e56b552f032dab8a1f3b6bfe276f1602de7a1	nursultan.jar
KDFzREm/NRL	NRL__19e00ad3c5f8.class	143	c8c1e07ac74eee1bf82acf1e888ddb31a88d8f8a	nursultan.jar
KDFzREm/NRM	NRM__6816198c9c7e.class	143	22a1580e036d508f1677ce27e933d8d4f5f67327	nursultan.jar
KDFzREm/NRo	NRo__fddda98ff183.class	143	f1db4481c892edf24b8711588b66711625652f49	nursultan.jar
KDFzREm/NRP	NRP.class	143	3fec0714d42996f0cea9e761a364258f8f7224b3	nursultan.jar
KDFzREm/NRS	NRS__789755a072a3.class	143	271a9db0f4ac2b61705e9d2c0d444c9e399479e5	nursultan.jar
KDFzREm/NRw	NRw__0961cff5a35c.class	1215	cf6756509f4ae3cf01417766c7ad6761e916ae7a	nursultan.jar
KDFzREm/nS	nS__851c02ed65e5.class	9756	c3fc19795c75dd0fdb4d280cadeb5b799b9adbd7	nursultan.jar
KDFzREm/NS	NS__a4bde270033f.class	9467	0c7591fe2e8971588341ada899e89326594abbb3	nursultan.jar
KDFzREm/Ns	Ns.class	11571	cdde2f40241096ed6e726d930e2c9df55422bcca	nursultan.jar
KDFzREm/ns	ns__e741ba3030ab.class	10866	8ba8fcd12715b0673d8458000e36f58b13e7ac4e	nursultan.jar
KDFzREm/NsA	NsA__af85a4050864.class	143	13fed7673ba40a36f1ac2761891dc1df72d4426f	nursultan.jar
KDFzREm/Nsa	Nsa__67ed036c2552.class	143	d396c78357574e50f96b7f7d69f9012aee20807b	nursultan.jar
KDFzREm/NsB	NsB__4ed16a3a2603.class	143	608872c3a50fb2e017b76f6084d07a33868f22a7	nursultan.jar
KDFzREm/Nsb	Nsb__d32ba941dc21.class	143	053eeb1132be8977d91f152813761893c63b3e5a	nursultan.jar
KDFzREm/Nsc	Nsc__abbfdaa21544.class	143	e672e73c570d9948eee548d277a5986c9cfe34d6	nursultan.jar
KDFzREm/NsC	NsC__377ad0b9b1a7.class	143	0c889c56dc4ba307440c06b8e9da04f54ce46040	nursultan.jar
KDFzREm/Nsd	Nsd__001f28f0256f.class	143	895f5cfde8bf5b1b3fe061bde332c5186ca5e43b	nursultan.jar
KDFzREm/NsD	NsD__695a67c646fd.class	143	0f0207c54e21ef5a50b2af6c6b56cced36095849	nursultan.jar
KDFzREm/Nse	Nse__e44c4f7a1af4.class	143	c2f1432b59a60db456b7b6c8f4c9561e2efa2b58	nursultan.jar
KDFzREm/NsE	NsE__eb5e735ac59d.class	143	bd28308898d6ae210c0d7750765405b2c789bcb9	nursultan.jar
KDFzREm/Nsf	Nsf__26cf7949a19a.class	143	aef59b43a40e145f33bed98b1da12c8fb193ab76	nursultan.jar
KDFzREm/Nsg	Nsg__7e9dafbfe94a.class	143	69b6dbe3eebdec28b641ca4b967867edcf479787	nursultan.jar
KDFzREm/NsG	NsG__7c7fba701241.class	143	88b987a335bf1636dad24331ec6506522db6e070	nursultan.jar
KDFzREm/NsH	NsH__a8fbf57bc23e.class	143	491d27099d3bd5f1d09d3aa624674b4aa7477f3b	nursultan.jar
KDFzREm/Nsh	Nsh__cc313bfb649a.class	143	21c554b247f734bef61dfeefdfdeaa69b5f5953a	nursultan.jar
KDFzREm/NsI	NsI__44ca4f5fe87a.class	143	8d33b06a2198d03b436b28bae8cac3713a5535fa	nursultan.jar
KDFzREm/Nsi	Nsi.class	143	d403019dd2ebd1bb5d16c6dd481f12f717060584	nursultan.jar
KDFzREm/Nsj	Nsj__5926e29f33e9.class	143	ce7201ce2945970b31a48eb185fccd309bf39493	nursultan.jar
KDFzREm/NsK	NsK__3a17533af5b7.class	143	a0a31a128de42dcdb0e9dbba1a6f4382079ff967	nursultan.jar
KDFzREm/Nsk	Nsk__3aeb5cee9caa.class	143	bb0bdba584ca68771f5b186a8482120a3e5010ea	nursultan.jar
KDFzREm/Nsl	Nsl__b197353113b4.class	143	043d6c856c8499fc04e694921be3b1f924617ca5	nursultan.jar
KDFzREm/NSL	NSL__999d11b44187.class	1992	48f688048e197545d9e563ff0ee80f60606d2400	nursultan.jar
KDFzREm/NsL	NsL__4912a1234eff.class	143	51eba8e4a955a34cba529da278a86c1aaf4e8631	nursultan.jar
KDFzREm/Nsm	Nsm__8ffd3812ec30.class	143	c1f14636f77d349f10c235e804fa29a184e99429	nursultan.jar
KDFzREm/NsM	NsM__8687a5e2ca56.class	143	9c35ae0b48d63565536be532883bc96021a2aa83	nursultan.jar
KDFzREm/Nsn	Nsn__25546e06410c.class	143	6d1e8f4c844ef64901f0b5412b95c3752a3dd3be	nursultan.jar
KDFzREm/NsN	NsN__e99f8fff3fc4.class	143	fdd17a777a72fb921fdfae0a92a35d3deaaf3a4b	nursultan.jar
KDFzREm/NsO	NsO__54187a92bc43.class	143	eb2b8d940b9b059215808c632bede0e9470f5518	nursultan.jar
KDFzREm/Nso	Nso.class	143	0ea87441c09c0c011cdc57cfb6bea34d5425104a	nursultan.jar
KDFzREm/NsP	NsP__a0d579e475c0.class	143	1386e66a2bc42f0a2578733ed26cf845b1db5a2d	nursultan.jar
KDFzREm/Nsp	Nsp__6ea73ce08d9a.class	143	123c800afd2e1658e1174830527a8077749ca727	nursultan.jar
KDFzREm/Nsq	Nsq__47a81883821b.class	143	44915b7b10ff739401df7de74e9248d152ea205c	nursultan.jar
KDFzREm/NsQ	NsQ__c53369c95868.class	143	567cb303467195401b567694965609d5369dd0a2	nursultan.jar
KDFzREm/NsR	NsR__86edc73beb02.class	143	f4b4e37fe030c8d81cb309fef945b10a6e950616	nursultan.jar
KDFzREm/Nsr	Nsr__273670eb2140.class	143	2729e0d24f4cb68ed8f962e01fb6709fba3ddf6a	nursultan.jar
KDFzREm/Nss	Nss.class	143	5e0e877fbeb19b48eedf390ed4fb39013c5f3539	nursultan.jar
KDFzREm/NSs	NSs__7aa2593b6a29.class	658	b2be059b3e7e672d5ed9de2fe988bdafe59b6414	nursultan.jar
KDFzREm/NsS	NsS__8c2fe0228e54.class	143	92e9762e94c70706e3708a2c20336b7c97518414	nursultan.jar
KDFzREm/NsT	NsT__70b4a58e6960.class	143	ca2de90451377b23ded7f0c9e520a4c671915fe0	nursultan.jar
KDFzREm/Nsu	Nsu__87072a33f432.class	143	693e6c959f7a3ce500f576074244a75f2320d2b2	nursultan.jar
KDFzREm/Nsv	Nsv__9e7a1a94e78a.class	143	778a551c271149da31f944c124b0282d06bab19a	nursultan.jar
KDFzREm/NsV	NsV.class	143	627f1ef43472eb4fc0cf4db9689c76d7b9871ca7	nursultan.jar
KDFzREm/NsW	NsW__e88d05bb6fd7.class	143	81340b5b5d33c6bd4b8fb10bc4b6fb9b10a4df4b	nursultan.jar
KDFzREm/Nsw	Nsw__9cf495fbc947.class	143	86d537bbc755f2e13b41ce5a5097d0c3aa129f20	nursultan.jar
KDFzREm/Nsx	Nsx__38de959f4631.class	143	34f2970000423a519df65f33ab23a21fc2646abf	nursultan.jar
KDFzREm/NsX	NsX__f0d584a549fd.class	143	d34193e135d9ce03ed3572c71dce9c4ab9e89bb6	nursultan.jar
KDFzREm/Nsy	Nsy__db388e55d8fd.class	143	480326829b3d4c0fd0b64c7926a758b002943a49	nursultan.jar
KDFzREm/NsY	NsY__31f176dde6bf.class	143	c9101bf97f6ccf316d75817b27f6c14086693e08	nursultan.jar
KDFzREm/NsZ	NsZ__4ff3d3ce821f.class	143	1a4254bd89d6763ae0ef2a2277b38cba2b7cf518	nursultan.jar
KDFzREm/Nsz	Nsz__37d6e7e95baf.class	143	0e9b043247c0afc1c538ca35f5ffb113a2165e08	nursultan.jar
KDFzREm/Nt	Nt__145daa15e2e8.class	13733	8c0a84bbf59e0c4000468372559e5e98f20c15c3	nursultan.jar
KDFzREm/NT	NT.class	10388	3db5515d92d5981b36e0752ff74520c7a01b4df0	nursultan.jar
KDFzREm/nT	nT__39b268d87c7b.class	9353	1794d6522cb2a19f01aa3b1573782ea5b2a2cc0b	nursultan.jar
KDFzREm/nt	nt__493316df9960.class	1245	621ae57e9a96c134d6df201cbd45038fc6cb93ed	nursultan.jar
KDFzREm/NtA	NtA__9a3581a0ad25.class	328	ac83e5693966d981219405775b27eb40b3057baa	nursultan.jar
KDFzREm/NTb	NTb__57ec269e521a.class	143	4787964f5bd91a5943c0f56642e60accbcbc6fb6	nursultan.jar
KDFzREm/NTB	NTB__48e32f85cfde.class	143	b94ef935729da8d8154763e3a1a726ee55e1df37	nursultan.jar
KDFzREm/NtD	NtD__7e8082da7d58.class	223	b8340d94016426d6f06585a2f3f41615ce362fb5	nursultan.jar
KDFzREm/NTD	NTD__7e55dce9c150.class	758	22e8a32bbc24fa51366a2eb49af52ccc1f78458f	nursultan.jar
KDFzREm/NTE	NTE__083a633edc5e.class	143	2613264472144846dbf4658156430643656c2383	nursultan.jar
KDFzREm/Nte	Nte.class	449	2739756bbb93855a9918dd9a7367df4686a97cb9	nursultan.jar
KDFzREm/NTH	NTH__85aad60104b1.class	518	1af343264c04862f2bc3783a371f2be8a07e77c8	nursultan.jar
KDFzREm/NTi	NTi__ddb3be2f09d3.class	143	04556b2d1121107d3a3071e4dc1c837c2e78b5a8	nursultan.jar
KDFzREm/NTj	NTj__d6d3a9b2382f.class	143	aee7db771afcc0591630106b1dd1eb72727d5405	nursultan.jar
KDFzREm/NtK	NtK__c5423deb3f5e.class	633	d24c5819807dcc528d678be1b8d16b251f908411	nursultan.jar
KDFzREm/NTM	NTM__85d40f38b02f.class	143	6ac57f99804b9351d6ba0c6d83556d8d4f6525ba	nursultan.jar
KDFzREm/NTN	NTN__c69e897e0993.class	143	07d164cadb519c09cc62b524472188be58592098	nursultan.jar
KDFzREm/NTP	NTP__c0fa91a0578e.class	143	5dc3e5f982baeeae2acb43a0b46c3e79e9058c39	nursultan.jar
KDFzREm/NTR	NTR__5be3e4983be5.class	143	d7da27f9f84e86d157b26cf2d85b4bd8101c0512	nursultan.jar
KDFzREm/NTs	NTs__423589d422fc.class	143	676393b9e2f00cfbed7914b514ef32eb53018503	nursultan.jar
KDFzREm/NtS	NtS__36228cf4397c.class	348	3d338153716853bd304e567e3db11fa91a6f7aba	nursultan.jar
KDFzREm/NTT	NTT__3f418db92ef2.class	143	919184fa975accb5266cb249c3378a4ae746a7a2	nursultan.jar
KDFzREm/Ntt	Ntt__80cd029ee9e7.class	246	3d73cf5e94bfd1a50f3621987bf7f0ae418a7685	nursultan.jar
KDFzREm/NtU	NtU__e65a10abebcd.class	221	539b53dc8e28d499985bd01ee256a01cfd4942d6	nursultan.jar
KDFzREm/NTu	NTu.class	143	ee537eec834cc25abdf0a9ba5a4fd4a2a358ac35	nursultan.jar
KDFzREm/NTU	NTU__3be8109b5c17.class	143	d03e215c9e2a2290ba097af74b5b5d4067e2fff7	nursultan.jar
KDFzREm/NTv	NTv__16e9a58a395b.class	143	5ab9425cf1b96b2b333c7351c61b267b5b3df9bc	nursultan.jar
KDFzREm/NtV	NtV__7113ce6b271c.class	694	bdd5ca17e7903b2d5395f44060afb3130848dad6	nursultan.jar
KDFzREm/NTW	NTW__78b314bc419e.class	143	37598d3c1bc1a16f8b3fd98cad272c1d7986fd96	nursultan.jar
KDFzREm/NtW	NtW__e6a4cea3037b.class	337	e30430b3b7bf0eeeb7077d62920a13e80daa86f5	nursultan.jar
KDFzREm/NTX	NTX__89893d9179f9.class	517	cc45c726759a3a53e21bf78424cfb5a6d1d42969	nursultan.jar
KDFzREm/NTx	NTx__29a85d0e2df1.class	502	f836d481f010a2e5058e4268f8271ff7ed84b80e	nursultan.jar
KDFzREm/NTy	NTy__e9ca220756e3.class	143	b146f8dc6db27aa67695f23fa02de83f96765936	nursultan.jar
KDFzREm/Ntz	Ntz__4e331a847495.class	579	4a6eb4cbdf7626a274f08cfbead91e9fb9957965	nursultan.jar
KDFzREm/NTZ	NTZ__178c0fdba4b4.class	143	eed3267205f99d9432656fa6d54659f0fd4c2fd2	nursultan.jar
KDFzREm/NTz	NTz__e5c2bcf7c4b2.class	143	68bd6ea1618b98181b09852759652a4023144a67	nursultan.jar
KDFzREm/nu	nu__67a4d7950e16.class	11688	dadeb511aaa33ccbeb97d548a2e7bb959e90a333	nursultan.jar
KDFzREm/Nu	Nu.class	36088	95f14ef6a23bc42fa2d472fca5625342541f754c	nursultan.jar
KDFzREm/nU	nU__0446053f48c7.class	32821	bdb27c2a1bc19da5d3492c5ca1a96a6c2388c297	nursultan.jar
KDFzREm/NU	NU__b604b873e025.class	31347	7408de8f8fd7b6b9707308263edbb62df1e0b9cc	nursultan.jar
KDFzREm/NUb	NUb.class	1144	fdfba1c1ba7580357e8276ae7f90536dcee7e9fc	nursultan.jar
KDFzREm/Nuc	Nuc__7ea808ef3cfb.class	1305	d4c418c991ced91a506f990a413d4fe08b79533e	nursultan.jar
KDFzREm/NUD	NUD__b2685bbae164.class	549	c76d48dd453b87294ddf7cb482998b0fe6dda0e9	nursultan.jar
KDFzREm/NUf	NUf__ff1d1f31ac8f.class	143	3fcf1ee897efc638edba8aaaf0c4d28ab305ce18	nursultan.jar
KDFzREm/NuH	NuH__a01a378324d7.class	2190	e6372c8e8b20ce7ad393e31280876e88b0cb0ee8	nursultan.jar
KDFzREm/NUh	NUh__73e60ceef4e2.class	1951	91c0af1133fbd3ac5c80e530946a904af4748f25	nursultan.jar
KDFzREm/Nuh	Nuh.class	543	861cbadddb4306e45f9804fb64a9559fc7417cbd	nursultan.jar
KDFzREm/NUj	NUj__fe9173f182ed.class	1055	79e202c84440cf6985979b9635a5d71bb5171423	nursultan.jar
KDFzREm/NUn	NUn__be21c7554999.class	1125	273e4db1e8fadcfc399588c064e0822e457974c6	nursultan.jar
KDFzREm/Nuo	Nuo__9b3d4c490b36.class	2105	b69e900ca85369e5bca7bcf85e6529cd6e329de2	nursultan.jar
KDFzREm/NUR	NUR__0c3692e021d3.class	1018	44989f0b2ddbf68a010266fef74a233b983f725c	nursultan.jar
KDFzREm/NuV	NuV__076d42e1ebb2.class	2316	2be2435a9c850d83f36c01827dfbcbb1d963f451	nursultan.jar
KDFzREm/NUz	NUz__6db2c9a64681.class	946	411650dcb5856354e55377ab2e56c928c89509e2	nursultan.jar
KDFzREm/nv	nv__84b6ae591774.class	16897	1cbe0605b57d088b5f555c61d375c10536ef0658	nursultan.jar
KDFzREm/NV	NV__eacea03ce895.class	14579	be915ed956179560634dc3a4a2cc6703b9466291	nursultan.jar
KDFzREm/Nv	Nv.class	14793	a2ab149e07045ea050741a469825cf7f78a1c5dd	nursultan.jar
KDFzREm/nV	nV__07219b4cbb92.class	19487	5a9db1acdd705c3845c0ef027f920d8c4987284b	nursultan.jar
KDFzREm/Nvh	Nvh.class	1055	44c5ee410365621f185d4ca32f1687a8dc17934a	nursultan.jar
KDFzREm/NvS	NvS__21a81838e1f9.class	1055	5ecfaf50f51fdd882b3a5facc20c4b6925dd53eb	nursultan.jar
KDFzREm/NW	NW.class	30733	98f53aa810fb5b240f1f014b01964269d949060c	nursultan.jar
KDFzREm/Nw	Nw__b8e2fa9d9962.class	8056	aa04567f415399d664af449c9d00252448a92fdf	nursultan.jar
KDFzREm/nW	nW__79db124870ca.class	12714	a411f5212cee97b67e5a51281c8a8682f95cbd7c	nursultan.jar
KDFzREm/nw	nw__d992166b4fa0.class	11109	4f23a9486043a3c8aa52b1b3353ecfc1eb888574	nursultan.jar
KDFzREm/NWA	NWA__84ebe7ecc65e.class	143	404302caee7a4761424484d6bea0244634adea09	nursultan.jar
KDFzREm/NWD	NWD__b3706ebf9dc2.class	143	1f83dbebecf904cf5a3a36950db11630913a188d	nursultan.jar
KDFzREm/NwG	NwG__ddae4ed5e416.class	10504	0706921f88194e569a54727285ea5711df504ecf	nursultan.jar
KDFzREm/NWj	NWj__aaab21ab3e6f.class	817	73544674fafb18af5d85e26516468af027fcbc53	nursultan.jar
KDFzREm/NwM	NwM__5818b0d0ed1d.class	1461	4a3521cf31819d7fc51e9702e0f0dad08b96aca0	nursultan.jar
KDFzREm/Nwm	Nwm__e23ae8d8823c.class	247	0b9a712993e3b96122dafc75781f6b308123ad27	nursultan.jar
KDFzREm/Nwt	Nwt__9d733675b243.class	8534	8399cc919ef005975917057056892e4e37274f02	nursultan.jar
KDFzREm/NWv	NWv__6c9e66d526ef.class	143	447cbf0e80611ba9702979271b231aab91646bcd	nursultan.jar
KDFzREm/NWx	NWx__58a72e0a0444.class	838	4d568f5869e68519e6787d45c90d9ba40bd17dff	nursultan.jar
KDFzREm/Nx	Nx__afec6acf591b.class	9071	6e3d26902c6838b8cc2d1afbcaa8e45855ae502d	nursultan.jar
KDFzREm/nx	nx__68a2316912cd.class	42267	9455d3da40e33371fae6b45a0da65386b1eb7c3d	nursultan.jar
KDFzREm/NX	NX.class	22612	347c2e3db0a3422b10f19ae603b870ae1c1dbd7c	nursultan.jar
KDFzREm/nX	nX__ace297400cbc.class	25109	08afb31a0859e2d3cb371daea23374404daa5468	nursultan.jar
KDFzREm/Nxe	Nxe__183695f247c5.class	2016	c6ab0f5070fceccdf7b31e4a1e803065b03fb6be	nursultan.jar
KDFzREm/NXF	NXF__862476a980cf.class	256	0913173447f45bd0839b973bac303aa329c1a77e	nursultan.jar
KDFzREm/NxH	NxH__f7e0e225b96d.class	1566	da09eef200fc97cf157e4b6891254969c246046c	nursultan.jar
KDFzREm/NXh	NXh.class	390	d142ee7b759c49963fb3095aae74a4bbb6f9f7ff	nursultan.jar
KDFzREm/NxS	NxS__4f2473d3a44e.class	1348	5d03ad4fc9308a021d7a4710b26b3826c48154e0	nursultan.jar
KDFzREm/ny	ny__2d87ec15000a.class	886	c7c0ecec87d91c95af4ac5df4b024ef7f45b6e45	nursultan.jar
KDFzREm/nY	nY__de0050477ae4.class	10114	3278ac4f183184d51548d2b2c9cf7c4e147d6ff0	nursultan.jar
KDFzREm/NY	NY__300757ad9d9d.class	10929	c5cf0084f89b87ad9af12296458b3a719bcdf50e	nursultan.jar
KDFzREm/Ny	Ny.class	219	a43ecfec2533a894e3f042af1f144376bba8f782	nursultan.jar
KDFzREm/NYA	NYA__98db441f5c1d.class	4303	83eaf744ef8f5e1d83bf0fd8c3174903ac915747	nursultan.jar
KDFzREm/NYi	NYi__303923cfca98.class	337	5949286a435d0fc2e5db1a1bc8a562e8744eb5f4	nursultan.jar
KDFzREm/NyJ	NyJ__3544cbcd60f1.class	143	94128fb089c8233dd184fcde99d6c98b5d5b750a	nursultan.jar
KDFzREm/NYL	NYL__f0c32e8fadb3.class	405	134dc298166d464560f4aa640c80c109995575a9	nursultan.jar
KDFzREm/NYM	NYM__64d29016c355.class	378	ae994038bdd094eda51c290641418f73e553faf0	nursultan.jar
KDFzREm/NYR	NYR__092d0140f25a.class	337	0b7d2c63b8199d995a681d89454186504ab06008	nursultan.jar
KDFzREm/NYu	NYu__587b40d4228d.class	368	c497a0f05b38fb2480af1e9cb089fd8d8554d818	nursultan.jar
KDFzREm/Nz	Nz__3eb80723efe8.class	35623	9302c3c5b1cc2b8f681d7544a4808a929b695f59	nursultan.jar
KDFzREm/nz	nz__228f0aacc2eb.class	22447	d9fd13b04a7b8c57d345c92cf7da4bde12b6cddc	nursultan.jar
KDFzREm/NZ	NZ.class	23551	82820fcca65657c16c2d3b903880729436dc9728	nursultan.jar
KDFzREm/nZ	nZ__83dac7f1bc26.class	35854	9e3141daa7bf0d9c9e57164a5b374b23e0c30de6	nursultan.jar
KDFzREm/NZE	NZE__245f0e8af7be.class	873	87ea96b772c8c6ff67c904ddd2ba9d24d623b9f2	nursultan.jar
KDFzREm/Nze	Nze__286d57f10f9b.class	143	ce4a4828699cb8b60716b716ca2e4468cf2b1112	nursultan.jar
KDFzREm/NZg	NZg__a448f74de7b9.class	4061	8d532f257ba2aac944fdec51c0771bf818592fe1	nursultan.jar
KDFzREm/NZI	NZI__55bcedb1c3f7.class	143	9a2521d94bf0cb0fb3b16f18b683392041517438	nursultan.jar
KDFzREm/NZi	NZi__16fb70d0f4f3.class	618	1ec89545af5ff8ca47d4711116a888d2bec758d4	nursultan.jar
KDFzREm/NZJ	NZJ__bc3a7bf36e77.class	143	cd56f9d0b3e6e8c671979c0a1e5b32590272fd7b	nursultan.jar
KDFzREm/NZK	NZK__7a2356127ed7.class	948	51b6d6ef70a0ffd6a28bf4441abe38301ea30c63	nursultan.jar
KDFzREm/NZL	NZL__5c9a325d20e1.class	299	de96dd5438cb32bf1ae883a58c216c88529b60f2	nursultan.jar
KDFzREm/NZM	NZM__3fe000201f9e.class	634	33084bbd59dfece95bfefde312965872bb5e180b	nursultan.jar
KDFzREm/NzN	NzN__6c410defd61f.class	752	4815601df302fa4d10df160a0e9d07f8578bbb66	nursultan.jar
KDFzREm/NZO	NZO__f10cca58759a.class	143	e13e4ad67b02fb0e1bb3ca3c71d3d2c135979bcb	nursultan.jar
KDFzREm/NZP	NZP__6176594bef55.class	143	74926e362b12adf26e47161a0b5a14c63c81578d	nursultan.jar
KDFzREm/NZR	NZR__b28292b100db.class	618	9ca3bd3a563d685b73f34345db3988d0a9dfab14	nursultan.jar
KDFzREm/Nzs	Nzs__da6a50023a76.class	1831	7c6fac5906a8af4685df71c1ff902590e1544d4b	nursultan.jar
KDFzREm/NzT	NzT__ce5bdbb20794.class	143	7f71c3587ed562e8bb53d1333202e112c987bee3	nursultan.jar
KDFzREm/NZU	NZU__f65600272f71.class	3986	72f53917cd31cb97ab483f9a60a47de0bd08b16e	nursultan.jar
KDFzREm/NZw	NZw__b499f77252ff.class	937	ce6b1b892b7fde3cbd600ebf60ea1b91f53705a0	nursultan.jar
KDFzREm/O	O.class	9915	dc59dbca6b3a72a843d351b833a422c697f87df9	nursultan.jar
KDFzREm/o	o__f90b60656fe1.class	7790	537abf7b2d65d43ad3cd26e2294537148fc6320b	nursultan.jar
KDFzREm/oc	oc__7f6dba86e3f9.class	163	c953a82b5ecd27ffc8ca6410a60b387f022a524c	nursultan.jar
KDFzREm/od	od__f04650ba2f7b.class	142	e1cac2294d22bca9254b610c71ea14121c319dbe	nursultan.jar
KDFzREm/oe	oe__d317b0268f6c.class	900	e5d97cec604824bcf98f513bf0910735b7a170cc	nursultan.jar
KDFzREm/oE	oE__0de85b1c4faa.class	125	1c09498696462eef4fd6030f76cf07c213659622	nursultan.jar
KDFzREm/Og	Og__d49eddb32733.class	182	f3d06efdefdfc746eb178ed9fd7c3a643533c028	nursultan.jar
KDFzREm/og	og__da783923310f.class	142	ffd1543606b3b35e4a348f29a437a8441d92db1a	nursultan.jar
KDFzREm/Oh	Oh__7c5bceeb3dbe.class	694	1c1fda1be13689d4de87bae10363ed6013446fb5	nursultan.jar
KDFzREm/oI	oI__f0a0daa1df2f.class	142	b75eb25e21a8a5fd87fc7f1c435531b8a197f094	nursultan.jar
KDFzREm/ok	ok__5f103ad02b22.class	175	1b167443115b367b528af3cec8be56173ada3f1b	nursultan.jar
KDFzREm/oO	oO__060383fadbf8.class	142	071a81ccf1bee71d1ecc9127e2466bb78c6dbb51	nursultan.jar
KDFzREm/oS	oS__64ac9563bc0c.class	671	ec504238a83b9d04f979ee567c8ac4271c58fa28	nursultan.jar
KDFzREm/OT	OT__b24381e1f2cc.class	142	ee37c4fb812c04660ecc0a6096c5cbd51d4d8fbe	nursultan.jar
KDFzREm/oX	oX__1401dc463373.class	913	5e6472abf383fae0309d08a7cd4b0d6dbc58d4de	nursultan.jar
KDFzREm/OY	OY__be7c37500b51.class	2035	cb8e20d3d92564005bd2b64fcbbf93cde75d51a2	nursultan.jar
KDFzREm/OZ	OZ__babc2bec1b1f.class	206	713049c845197d9ee11a180340d7027e7fb850f3	nursultan.jar
KDFzREm/P	P.class	6460	7ef55f4f63cacbc68e530450ae0157800140fe98	nursultan.jar
KDFzREm/p	p__1913900afa6b.class	13853	f22c3534dbf5f5fa1dfb01c75f2c2a317f5b9f0a	nursultan.jar
KDFzREm/Pa	Pa__72cbf58e2c36.class	52049	1bb76f234ae383a9678d1af9429a1a1fc88291e6	nursultan.jar
KDFzREm/PA	PA__50df1210c4c6.class	15664	fbbef31ccc5a3b36a923e8ae976680197cec4abb	nursultan.jar
KDFzREm/PB	PB__ae9526e3b04e.class	10542	a067d0b91f2648478e8b23795ecabdffaf5d3796	nursultan.jar
KDFzREm/Pb	Pb__e6f349014ca6.class	252	77b557b73e1dd33f871cadc260873618884b995d	nursultan.jar
KDFzREm/Pc	Pc__442b6fb858e7.class	10213	f71e4c88e6c2d3349844fea75834c6c2fda7fa47	nursultan.jar
KDFzREm/PC	PC__3da62dc2346a.class	9306	47c6d8c4f774d71108bf29fa7f93d45d60ba25ce	nursultan.jar
KDFzREm/PD	PD__fc4305fffaa2.class	23552	f198e7109c20af4453f96fd8d81089fa5194ef62	nursultan.jar
KDFzREm/Pd	Pd__34a446465217.class	6618	43aa97199870e7b18994f8f97e4c290af26878e3	nursultan.jar
KDFzREm/Pe	Pe__d5f8dfa1f57b.class	9272	6f2f3dc8b86cf0c16099c6741f3560d60d885330	nursultan.jar
KDFzREm/PE	PE__a5f294383df9.class	6909	3a76cadd5f48658553282ee75c53843923be115c	nursultan.jar
KDFzREm/PF	PF__9a2b17ff56bf.class	8379	d2bff6cbf6fd19ba5dc5ec06ebce1e0a6749adbf	nursultan.jar
KDFzREm/Pf	Pf__6ae7a501a7e5.class	8672	21fb6654f7918f38d8e73b9c5f40c63c76db664f	nursultan.jar
KDFzREm/PG	PG__81241ba8a661.class	14919	aa808760cf3c0cff5dd5a86841d1a4218a502dba	nursultan.jar
KDFzREm/Pg	Pg__9c1d25d9c8ac.class	11239	c260163b7a8064e5844fac7dc26922d218476877	nursultan.jar
KDFzREm/PH	PH__6b7222c37e5d.class	15059	3da6ba509b589b3ec6b58653b9bb406109ffd7b5	nursultan.jar
KDFzREm/Ph	Ph__78b22ef9e414.class	13374	51181c52d13333ea141034abe0773c2d4d845ddc	nursultan.jar
KDFzREm/Pi	Pi__5661f9b37624.class	16045	e73c692092457b2dca543d1905937cf9660ff72b	nursultan.jar
KDFzREm/PI	PI__562f0ef2f4ec.class	10014	e82f3839ece79c1a30dedd73cb1c9d002f54fb62	nursultan.jar
KDFzREm/Pj	Pj__11ceda91e996.class	10088	c02a5765c075c9bbc0d719860a52ac04a2ed7eb9	nursultan.jar
KDFzREm/PJ	PJ__6c68d46aa917.class	27708	5904313fca8fdae6feca2442d45f5f95fcdf0266	nursultan.jar
KDFzREm/pK	pK.class	1184	564900d63be2fa3e0a7e351a88a755ebdf2b1cd2	nursultan.jar
KDFzREm/PK	PK__7651317713b5.class	24554	5400bce9147d14037b1666b718e0455ce3360f8d	nursultan.jar
KDFzREm/Pk	Pk__4ab4df33f42e.class	9050	5bb988ca05d3881b9516d874b3e31a5d1e7d3a2f	nursultan.jar
KDFzREm/pL	pL__b505362b2130.class	138	b3416ccda15b15b9f35c5b5478704c11e5dd9096	nursultan.jar
KDFzREm/PL	PL__1bc7e9d504b0.class	8124	9bb044415a17543c11dc7b405dfae6739ca75b8d	nursultan.jar
KDFzREm/pl	pl.class	142	01417a6d4ccbd937b4231b36ccab9cc7f615b479	nursultan.jar
KDFzREm/Pl	Pl__37b456d50ca2.class	11133	ee6c0d947ae9966892a4ad6c78b7e73e9cdc71f2	nursultan.jar
KDFzREm/Pm	Pm__de1e549b364b.class	11387	c57e261ac26a98cddeba0430076dcc1729bcb6be	nursultan.jar
KDFzREm/PM	PM__d8fb50288dce.class	37532	aa621f072dcac3442b0d10fdfdad22d59e8605d0	nursultan.jar
KDFzREm/pm	pm__3f596bd743ec.class	2891	4e7c8aadfc794bc30a30c61123b2ad12a2807589	nursultan.jar
KDFzREm/PN	PN__c1b629034540.class	30793	031faee66f0f425b7e3decdfa2a45ebc6f56a2fc	nursultan.jar
KDFzREm/Pn	Pn__9f2dfea47884.class	13408	0095bf44ece77dd69d42d6179b4dd4ff604ac434	nursultan.jar
KDFzREm/Po	Po__c69bf50489ce.class	8784	8fa30b9aaaafe1606acab5bce167fa10467198cc	nursultan.jar
KDFzREm/PO	PO__5491002f881c.class	7573	153d76b14a8930f4804124143e3077fa3358e25f	nursultan.jar
KDFzREm/Pp	Pp__653f4d180a51.class	7063	93bd70f977fb914dd6c7b38fa37897c36c131e06	nursultan.jar
KDFzREm/PP	PP__b8da65b1629b.class	7562	be74ebd03bf62356eaf6a45e8f90ce430035b596	nursultan.jar
KDFzREm/PQ	PQ__595906ceb8db.class	5800	20a4682b3a19081e487b1fcfaa82b1d548b9a435	nursultan.jar
KDFzREm/pQ	pQ.class	651	6e8cd2f7d02eef5c9da50239caacf8d7f5c1b700	nursultan.jar
KDFzREm/Pq	Pq__5202adc4fe98.class	24594	c4b5af61eecb3a4ef94369e08a53d928360bc621	nursultan.jar
KDFzREm/PR	PR__59ba15b6eab7.class	8752	3cd8f6c1a76815f8781c7729211be02c72ccfb3c	nursultan.jar
KDFzREm/Pr	Pr__67fdbfa4b294.class	18704	153d3a139de35cc1fdeb79f3f57cc009587d1165	nursultan.jar
KDFzREm/PS	PS__4ce9d3281eae.class	23596	57e14e394d44a0f408b33177a3903a697e8db8ce	nursultan.jar
KDFzREm/Ps	Ps__865403af932e.class	22057	a63473e40b14dd6e2136cade028eb9211485fd8c	nursultan.jar
KDFzREm/PT	PT__25be61258bbe.class	7639	bacc81125505e276b8f970a489514ad5c88c315b	nursultan.jar
KDFzREm/Pt	Pt__b4632cbdfb0f.class	9241	6adcc947024d0800d612264abfc1c5e46f9e3e61	nursultan.jar
KDFzREm/pu	pu__b4cd3a48f741.class	1246	8547e673272b3ca56e22db5dba9c211ae2f7a937	nursultan.jar
KDFzREm/PU	PU__8059fd4e999d.class	29570	0581cc0d9386d4002d0ae637e05a5f3b032ee1d2	nursultan.jar
KDFzREm/Pu	Pu__8bdabf1897e3.class	7830	553e55571a1b71d54a8282f1bb97aebf0f86c364	nursultan.jar
KDFzREm/Pv	Pv__37e9c189966f.class	12607	633d213e5a1b41c2d99af6edbbeeb5f1b5af5081	nursultan.jar
KDFzREm/PV	PV__ebd794c2492a.class	31863	e667e6456fc23e0aa720c33419af8dcea04b5932	nursultan.jar
KDFzREm/PW	PW__9840caae7427.class	8355	e53e45b3499a1b373e404c33aa5520e2d4b48845	nursultan.jar
KDFzREm/Pw	Pw__6ae5a59cca7e.class	14523	c8c26b87627011bd09ec4466cb935b8967dfb01f	nursultan.jar
KDFzREm/PX	PX__25ae9c171b7b.class	31379	17188db80e1c035b4ff32d7afadb112f59bc3c8b	nursultan.jar
KDFzREm/Px	Px__2811053f2cde.class	11494	6f5be2ea381318165cb4a2dde530c1b9bc4abb51	nursultan.jar
KDFzREm/Py	Py__a0d46129ad5a.class	11941	f4f30b2e76ceece26749a6c5aa1dd0bf10d2e9e5	nursultan.jar
KDFzREm/PY	PY__0fb9fc44c01a.class	9405	b8114b67ff9f92c3a31dcbb3826090180b71f10b	nursultan.jar
KDFzREm/Pz	Pz__a248c0ff302a.class	10530	e0e2c08a65abe90007a0168550b581257ea38e46	nursultan.jar
KDFzREm/PZ	PZ__821b83a6d552.class	8576	7438c788292c26332c2589b5bcbf78b78044adb2	nursultan.jar
KDFzREm/Q	Q.class	24530	64f6d6e37783e4b9d1e85da249e4dde91458cc8d	nursultan.jar
KDFzREm/q	q__e8d59b7b4a36.class	11850	9dc66e4ab2b43ffb4fda6596f6c301148df2a7b6	nursultan.jar
KDFzREm/QA	QA__96673c3368bc.class	777	d9cf68f0351054919ec8d1ee9025c737a99e7c12	nursultan.jar
KDFzREm/qH	qH__91de3ade40e0.class	142	4377ba19a97a0688ef5739effd0d5f3fd4241cfe	nursultan.jar
KDFzREm/Qk	Qk__ec01e2cdedcf.class	142	372b9139a3e265b6f4759af4c8ec6358eb4b7981	nursultan.jar
KDFzREm/Ql	Ql__afcfd2407888.class	142	b5b0dacf75213e595ebc6e933a948947fc364060	nursultan.jar
KDFzREm/Qr	Qr__2b8adaa75df6.class	142	af18eec5e887c7da88214104b8b9f4a26d34c602	nursultan.jar
KDFzREm/QS	QS__8d06009e671e.class	142	cafe1e12b879c621d73c5128b75e22c7aad40cce	nursultan.jar
KDFzREm/Qw	Qw__65327ac56160.class	1605	40a8a33ab2d53d0a3dcdbe6395687b1a26f381ee	nursultan.jar
KDFzREm/qy	qy.class	1044	17f27f18c55e41584815f81341078d65d62e0b3b	nursultan.jar
KDFzREm/r	r.class	10224	09b2111f087b2d3783dee24b8de264e9cce38f78	nursultan.jar
KDFzREm/R	R__e50590fa49ef.class	11814	88b6cfd32c42bb5dad85102b181411f295c83de6	nursultan.jar
KDFzREm/RA	RA__727b172831c6.class	10014	efb68f2c27bbd09842e43341eed3bea6812d71cc	nursultan.jar
KDFzREm/Ra	Ra__3d7588888000.class	8391	0247f8faaee3e8e12b667ddaded1eacb4d83dd33	nursultan.jar
KDFzREm/Rb	Rb__4232a6e810f6.class	8023	bfb1aee46c0449d10db23e4ffd02a954f41b3a89	nursultan.jar
KDFzREm/RB	RB__83a3d239d2fe.class	8671	0821c1ebfeb3c2278cb9563e70546189193b26be	nursultan.jar
KDFzREm/Rc	Rc__04353af4cf5d.class	6328	23ffc7e710f718dd9404b5ed3e139438e6cb66cd	nursultan.jar
KDFzREm/RC	RC__a467f988aada.class	9430	404116ed95a56c08cae3708b10ffbbb6dbdef4f4	nursultan.jar
KDFzREm/RD	RD__8fb4b3e44921.class	10003	227b76aada8a5ceb0b709405f52badc4edd15bcb	nursultan.jar
KDFzREm/Rd	Rd__6d8546f0d4ed.class	8379	e4434ab50ded796d7c8fb3898ae7dceba4dcefc0	nursultan.jar
KDFzREm/RE	RE__bb997a7c569f.class	7446	f0119cf1b282980932b9cc8ddbd4a20b9a6bfe84	nursultan.jar
KDFzREm/Re	Re__decbd1b876e0.class	10480	dcb16b282aca41128a4c90e9ccf92a3ebc452fe9	nursultan.jar
KDFzREm/Rf	Rf__400457d9b181.class	9237	549bb05c3c53258c910e3ed8ebe1619b179f6a11	nursultan.jar
KDFzREm/RF	RF__1a7b3fa2ffd4.class	8778	f54d48b90c5b43bf0c720964705489b0ba6809a8	nursultan.jar
KDFzREm/Rg	Rg__e53e042ce875.class	7345	545d0d0d241dfdda69dbb8a79dcc05632a096748	nursultan.jar
KDFzREm/RG	RG__35e52a913668.class	8288	cb654c6cde0bb140946311ee25b881176c114929	nursultan.jar
KDFzREm/Rh	Rh__ecc65f97ac99.class	7436	50be77e57e45565e84c87862644ab5612122600a	nursultan.jar
KDFzREm/RH	RH__598bccce7228.class	8914	ea6b65fab8594e52026e39f11946c08eae937ca4	nursultan.jar
KDFzREm/Ri	Ri__176b5072d8a1.class	8373	be8c524e339fbda59ed6acafbd46e8bdeeb5c2eb	nursultan.jar
KDFzREm/RI	RI__1e8e189980c9.class	9346	32e9a4f2497a0c406dc51fae8b301f56132a2528	nursultan.jar
KDFzREm/RJ	RJ__1bc488e718c6.class	221	0ab94f65301632debb0fc52224319bf14ee84b1b	nursultan.jar
KDFzREm/Rj	Rj__69f7764d1ce9.class	7323	d6a89e0fb7f7d1e896cde5fd7c0d375a882a6411	nursultan.jar
KDFzREm/Rk	Rk__b2adc9689ef1.class	10217	0eec7f1f85a5b96b6de09304cdf883bc0b981164	nursultan.jar
KDFzREm/RK	RK__82f36eb307dc.class	7308	1b8ba4b8fb8e9b80f517784d895f6d7870b8ee0a	nursultan.jar
KDFzREm/Rl	Rl__54170dc61ea4.class	8230	d9848889704474d6b90a6c951f2ca53b1105226f	nursultan.jar
KDFzREm/RL	RL__a4145dc8fa31.class	6361	351840741b1d01aac8ac074db42a4d2bf3178bd4	nursultan.jar
KDFzREm/RM	RM__07c3f4e71f6c.class	7424	af8c3b8670b6d47cd91d040d4af27a8860242021	nursultan.jar
KDFzREm/Rm	Rm__3016675a2de3.class	239	971fe9ab3be857afe9ea91346b701c30df41567d	nursultan.jar
KDFzREm/RN	RN__564a1190907d.class	6357	1135e9ad9229fa9715e8c2c3346ecff111267552	nursultan.jar
KDFzREm/Rn	Rn__980bf10a30db.class	8001	b4dd15b9311d65caa621fed2cb39d14da91002ab	nursultan.jar
KDFzREm/RO	RO__1d72805ad630.class	6319	be347721201b2e4470c13f792cf5245f8919e248	nursultan.jar
KDFzREm/Ro	Ro__32bd77f9778e.class	8767	60b749065081cc9fd31e33499b94786f365378c3	nursultan.jar
KDFzREm/RP	RP__fc557f552eeb.class	7410	d6069ddb70ec1300c1601465ff684f62416f62e2	nursultan.jar
KDFzREm/Rp	Rp__2a1f51ae390e.class	7160	333e29559b7efe99a28cef0da2bd64065d27891f	nursultan.jar
KDFzREm/RQ	RQ__ddc34ea39272.class	6394	729e2dafce96c1de6002c9ec0bd6fbb79ec21ebc	nursultan.jar
KDFzREm/Rq	Rq__83b14bb590db.class	9651	a50767778b86bf84da8f4e9e1f4d9389a53e072a	nursultan.jar
KDFzREm/Rr	Rr__70964291299a.class	7906	90836f2aba69e3732e726efe53c90dcb841d4a36	nursultan.jar
KDFzREm/RR	RR__4847f4440ef0.class	7205	fe522c11b360b652a5c920c114785ba16ab23419	nursultan.jar
KDFzREm/RS	RS__5111bf9e7145.class	11868	0cc9f3e946eeb7b3967a344387b9758790da61da	nursultan.jar
KDFzREm/Rs	Rs__b641a3f38e02.class	8264	855616906349b53aec444bdb66d98b87c4a73318	nursultan.jar
KDFzREm/RT	RT__b5c57a407357.class	8882	6ccbc14f832bc4687e710529df88cba2c07496ad	nursultan.jar
KDFzREm/rt	rt.class	4598	305454d3145072079dae4399060926c5b48c759a	nursultan.jar
KDFzREm/Rt	Rt__541580466ef8.class	9788	93575ce03114da59d3606bf44234d3a3948c7799	nursultan.jar
KDFzREm/Ru	Ru__9f712e94fb0e.class	6322	efd72c1be56568e61dd480e2e03029d3d7d5bebe	nursultan.jar
KDFzREm/RU	RU__b0133e11c4f3.class	12112	85fafe33574d4b9605356067d35b000a732b2907	nursultan.jar
KDFzREm/RV	RV__94dbeb6afb9e.class	8041	3a4bf424fb95deb8f9f3fe206f0e1fe9f730acc6	nursultan.jar
KDFzREm/rv	rv__b24c91f41a32.class	142	fd656fc26d3a9760d28bccb2fb7d20e1f6aace56	nursultan.jar
KDFzREm/Rv	Rv__57ff263b357d.class	8593	f3b96b62bccf34c0b67901f6aa8a597cf79b4733	nursultan.jar
KDFzREm/Rw	Rw__46f0dc90a8e3.class	9340	5ab93d4745790ccd3fe7cf997c3cc8ac73d69dac	nursultan.jar
KDFzREm/RW	RW__457a7677c9de.class	9350	bd60ea7b697487c9a7db98a75108b34911e44b1a	nursultan.jar
KDFzREm/RX	RX__80fe3b0f5ec7.class	7404	f650e4a06f1523a1d0f225c1df26e85ae547167e	nursultan.jar
KDFzREm/Rx	Rx__6a3e27599879.class	7470	4ba457bd4f7093b6005670dac85ce05a7aaad725	nursultan.jar
KDFzREm/Ry	Ry__ca82241de464.class	8255	de6e7c3035447691f58264bb4c3eaaab43d414b0	nursultan.jar
KDFzREm/RY	RY__9ba800ef7c50.class	239	4c37972beacc7c7d109a3e8d46af54c658355551	nursultan.jar
KDFzREm/RZ	RZ__b3499582707a.class	8454	22c45da2ece98119178835e1bf8130eba021b1aa	nursultan.jar
KDFzREm/Rz	Rz__488748cb6350.class	8823	9364c798593191b16211eb3429697f1e044957a3	nursultan.jar
KDFzREm/S	S__9a1248d48ee8.class	7381	f09f8c43b333f5c077cfb9bbc82cd537c2360556	nursultan.jar
KDFzREm/s	s.class	8753	b9a181d6560477da121db800ce21822e85cea08d	nursultan.jar
KDFzREm/sa	sa__86e074fad520.class	9030	7d45a7057029abb4d800c072dacd664f990e7e2b	nursultan.jar
KDFzREm/sA	sA__22cd9ccccdaf.class	9225	a958eb41f892107d8eca8cf23c41331d737340ff	nursultan.jar
KDFzREm/sb	sb__6525fdc1866f.class	12002	571c625f10046a7893e7ac7c6447057d4e69a58c	nursultan.jar
KDFzREm/sB	sB__02eb651fbfcb.class	13448	0e7aa729dcd93a2c98359f1870eea0ef97b19b56	nursultan.jar
KDFzREm/sC	sC__d10c12fb9b86.class	9688	efa238d86ed0de042278fd8952ec87a429beccef	nursultan.jar
KDFzREm/sc	sc__19b2883c997e.class	13465	52777082a433ecfe5ee6529297c258243f740c1b	nursultan.jar
KDFzREm/sd	sd__10d2cdf70985.class	10215	1da4228361a13478cacd9f04f54459b1684ed55d	nursultan.jar
KDFzREm/sD	sD__0c9f78908f36.class	14594	4559b9727d94410d6b773cf6f07fc244cad73248	nursultan.jar
KDFzREm/se	se__bd2a47ceb21a.class	11326	8851cca9fcb74a3eb157e60766e568de4935ce8a	nursultan.jar
KDFzREm/sE	sE__540073ea1b71.class	8843	bbea719f042ac44a7a3ff51ad62afed65b1c418e	nursultan.jar
KDFzREm/sf	sf__62c590447ddd.class	8135	fbb9752bd75f1649b1600b8d49d3838514720e8a	nursultan.jar
KDFzREm/sF	sF__f4bbf5368c01.class	6843	01be612f9d9fb38164e5bb87e301f43b129f890a	nursultan.jar
KDFzREm/sg	sg__1092f2908450.class	44636	0f6cb19f0da2ff651eadcd92fa9445945a6703be	nursultan.jar
KDFzREm/sG	sG__42d2f7f2e10a.class	8931	2352b9c2160928bc59044fb916a2cf970b2994d3	nursultan.jar
KDFzREm/sh	sh__415aea5ee17c.class	289	61e8743178669206f48fbcbaaf8cfed6205a03f8	nursultan.jar
KDFzREm/sH	sH__f43dc3943085.class	12823	dbee6622a67cf336290bc5995ad1de3f80e0aaf3	nursultan.jar
KDFzREm/sI	sI__f0d2f22c83e9.class	11249	d281ea146eab0f65f3ac447b931ed486d5c1d1d6	nursultan.jar
KDFzREm/si	si__ca0f18567541.class	9100	e093b35f5ffb41c38447f26f82d734c1b688dedd	nursultan.jar
KDFzREm/Si	Si.class	142	66b48bd5867d907853f94a3c6a2aec72800ce8e3	nursultan.jar
KDFzREm/sj	sj__b3c41c8456df.class	11495	f7a5fb65a71295c25fa7d014c35c87e68f237b10	nursultan.jar
KDFzREm/sJ	sJ__2c1c1deca3a7.class	48595	ad370c9dfbdd437a802349446bda69efcabe82be	nursultan.jar
KDFzREm/sk	sk__496ed5743dcb.class	10858	12acdc455d7bbedd6af9c7d4e4405d42c1007138	nursultan.jar
KDFzREm/sK	sK__ecfa7c4be563.class	12265	2ccb8cb0e1631c0f662ebc2c503831c1bfd08362	nursultan.jar
KDFzREm/sl	sl__f64b794b6ee3.class	80	c3ac3fdc0db55ff0b4a8e04c275966b75a99e116	nursultan.jar
KDFzREm/sL	sL__ae0a468f3c97.class	38447	7a01c6b65644d3be646178ca43d9ddb6b944c972	nursultan.jar
KDFzREm/sm	sm__0c5ff1b90749.class	340	231f40025036e90cfe7c17f909b83a2ff6d6646f	nursultan.jar
KDFzREm/sM	sM__e76cc68d5baa.class	10290	b067ac4e585780945e2acca30f5fa75dfd4228ad	nursultan.jar
KDFzREm/sN	sN__7be7966ece8d.class	9594	ec56f238bf01612383145065dc878aa39e23ccb2	nursultan.jar
KDFzREm/sn	sn__4c22cb4467c3.class	7460	f8abc4fb3e72d09a743e65905cd4c741a0b13ecc	nursultan.jar
KDFzREm/sO	sO__a974f9acd62a.class	15416	e00c178b44ac49b77e4a031b2e49325ba60db671	nursultan.jar
KDFzREm/so	so__18626a91b6fe.class	13082	4fef9d4f744b9a2b7d0d0218dc9d22adca61e0ce	nursultan.jar
KDFzREm/sp	sp__d0a91ed10fa4.class	25330	e481f039ab270dc592b7428c681bc12f19c27387	nursultan.jar
KDFzREm/sP	sP__975f38499387.class	391	0c6b6fa9b674864e585cfdb9f34e4fd3db5be9c6	nursultan.jar
KDFzREm/sQ	sQ__3e8166705b5f.class	10718	a6600a742d4feac136c9ae41792a8d0ccc77a554	nursultan.jar
KDFzREm/sq	sq__902a5eebec6e.class	11535	6f444fb88a45244cefb1b7ac598865f68a131c55	nursultan.jar
KDFzREm/sr	sr__3d42bc9076da.class	10280	0756ec6928c0b6b5c616bb5d0ad2a95a09491d11	nursultan.jar
KDFzREm/sR	sR__c51158cd952a.class	6752	747b0c1b867a3a1cefbdc1ca31ad4f4d461fc025	nursultan.jar
KDFzREm/ss	ss__e81d40363b6d.class	7491	52efca46fcc150b09cc14fb32efb2993915a039a	nursultan.jar
KDFzREm/sS	sS__aa2bc1ecd70a.class	8426	b1cc1aaa01c7b91a77bbf4932e9a66a80ce8658b	nursultan.jar
KDFzREm/st	st__0f15cd11bed3.class	10302	75956622daf526ce276936cfcdb8cb90ddf5885c	nursultan.jar
KDFzREm/sT	sT__4577227f6793.class	17186	94adc47bbb48529e7d0f9c7eec396073e80261fe	nursultan.jar
KDFzREm/sU	sU__e9199c9d78ce.class	8660	bb010025fb66fa4977ba2284de98902804bd178d	nursultan.jar
KDFzREm/su	su__f464196d5e96.class	15302	869601cb7c1e2a6c527f163c92d082457cfa1548	nursultan.jar
KDFzREm/sv	sv__6348ef0e717e.class	17690	6ea8a4ab34c636cd78ca7ce7e7d0175e99597c96	nursultan.jar
KDFzREm/sV	sV__c5c7faebf06f.class	9788	83080aeb2555e970e409124f0762f2185adcbfee	nursultan.jar
KDFzREm/sW	sW__72d1df6beaba.class	19475	aed4c4bc97a33d86c3aa8ad12be10a407b54f291	nursultan.jar
KDFzREm/sw	sw__f85ada3d6e94.class	11580	c93f4b63343c459bbd982de2d29297ebbb05729a	nursultan.jar
KDFzREm/Sw	Sw__9cbae329f75a.class	2021	d2ae698f851ee075c2d51507cd20cbec8c1d6a9e	nursultan.jar
KDFzREm/sX	sX__7c22cec9caa8.class	15162	827b0db0288eb99102f88d5059cc7dbb173bad75	nursultan.jar
KDFzREm/sx	sx__f595e4ece182.class	11074	139556e66cd36c741bb36908f23a37d5f0d10d77	nursultan.jar
KDFzREm/sy	sy__82db078b609d.class	14852	ebf47f635c0b4ffee5eee06204242ac2d8c7a3b0	nursultan.jar
KDFzREm/sY	sY__cd7882730dc2.class	33319	5465e7369153d4ca8ed380f3f2ed984ff2293d55	nursultan.jar
KDFzREm/sZ	sZ__ad51494f041f.class	7493	f15c1cb692185bd8423c816bccf6139ad8075f91	nursultan.jar
KDFzREm/sz	sz__076adeeecba8.class	8160	702491dfa25ee483611c756f7645a81add9007d3	nursultan.jar
KDFzREm/T	T.class	9136	b9b23fc99c53dc5ac1495a3e249f48ff290b1eba	nursultan.jar
KDFzREm/t	t__d79cd4b4ac0f.class	9410	26523d1a079093624d5162b34545431d3190e3f5	nursultan.jar
KDFzREm/tA	tA__0441ecdc0d07.class	7852	3b8807e1b71e218b73288cfab3e4d07d611b344e	nursultan.jar
KDFzREm/Ta	Ta__676d14c14f16.class	48266	37a29f6c2e43d6eaa3590582da46ff1e6fb9bb49	nursultan.jar
KDFzREm/TA	TA.class	57853	4487301702dba635329e7bd5339351887be2ae3a	nursultan.jar
KDFzREm/ta	ta__49317541fba9.class	431	ff9573a20a9ea95ccdf26130302cb9d9ff3a39a4	nursultan.jar
KDFzREm/tb	tb__6d79f5fe6ac9.class	7881	1c438991fed8d1faf929aa01292622f3bfe625c9	nursultan.jar
KDFzREm/Tb	Tb__4c9bd2f6594b.class	21754	fc61d28c172888bef612ffe7da5e1f86a990e162	nursultan.jar
KDFzREm/tB	tB__dcec17493411.class	13010	cca0b2b87515aeffdd9f16141a1cf9ffe8fa3579	nursultan.jar
KDFzREm/TB	TB.class	8216	a3b5cb1fe0ba1593f00801fce02a7f61554b9708	nursultan.jar
KDFzREm/tC	tC__3805bbc3e2d5.class	431	8755b78ac38d0985d4b23fa00bee87aeb17ac826	nursultan.jar
KDFzREm/Tc	Tc.class	6825	97dcb3740f0d88e391130bdc060c82e3414ffa7e	nursultan.jar
KDFzREm/TC	TC__0516fe37f6e0.class	7590	83ba1e2d6e9b3f7368f3d141cf7c7819bbbdd4bf	nursultan.jar
KDFzREm/tc	tc__9c4cb6b15945.class	23281	e29c6902a8dd15e41c46fdcb272874f1696a2d60	nursultan.jar
KDFzREm/TD	TD__0105955a57ec.class	11040	2f05c408735d5796fad8b82f41ca2bc08edbb82d	nursultan.jar
KDFzREm/Td	Td__abec44db41ff.class	8153	4b8d45c3b16c37989eb27cc6ccc50ad8fb53efb3	nursultan.jar
KDFzREm/td	td.class	36399	b659955b4ee9385c336f9a5b33521d7061e75543	nursultan.jar
KDFzREm/tD	tD__7495be7fb01b.class	64378	5a2a3dc8bc75dc7b721f97adf63a85b6c8ed79be	nursultan.jar
KDFzREm/tE	tE__010690f985c2.class	10372	80abb5d93f00411b285d9de3222bdfc273f927e9	nursultan.jar
KDFzREm/te	te__34d53b886397.class	11312	f44c28e8ed385ae1ec1bb025141851e5217abf50	nursultan.jar
KDFzREm/TE	TE.class	344	33c1245cee1f758e453e3a5cad227dd740115678	nursultan.jar
KDFzREm/Te	Te__4ff2fd2c8c07.class	7637	ab451191f2a249ae65cc77d269cd41516b11c948	nursultan.jar
KDFzREm/tf	tf__318d517bc0fb.class	440	61a5ae2e2a5dd45aee4172141b2bb5f432436f63	nursultan.jar
KDFzREm/Tf	Tf__e788a1c9eb45.class	8820	a19f29da4020522cbf1ff4db03aae9bbb5d96fff	nursultan.jar
KDFzREm/tF	tF__b10dc52e5f5a.class	443	dd799f638b86f1f697f34b1994656a7a5462ecdb	nursultan.jar
KDFzREm/TF	TF.class	6972	63564701c55ea2459fee61103f94b6f58c10fa9a	nursultan.jar
KDFzREm/tg	tg__8a6b551796ac.class	14499	b8950a163012bf8b6b9dcd5cea3943c4b70a5c7f	nursultan.jar
KDFzREm/Tg	Tg__9f4c94b2df85.class	8232	bfe6dfae24fd1801d6171b68569f0cc22925f1c1	nursultan.jar
KDFzREm/tG	tG__a02823692682.class	9530	8e5063fe5912922d42b7adfaca54344c2049b149	nursultan.jar
KDFzREm/TG	TG.class	9974	d11aa15308823a9f85f6d57f2c702c4b200d52f4	nursultan.jar
KDFzREm/TH	TH.class	55018	28b9e25f7511cce0b8fe6c4283948efc779b0456	nursultan.jar
KDFzREm/Th	Th__ef4d44dfc16e.class	13961	fcbc334058c57a375c92a69445ff654c714a90e9	nursultan.jar
KDFzREm/tH	tH__9e38292f6a81.class	11596	80fe9cd6eb84bc7cf2c64cbeed2fa05a5cc2d2ca	nursultan.jar
KDFzREm/th	th__b23c68ae27de.class	6164	ac1191714049f38e66f6690c4c12626267bcbe17	nursultan.jar
KDFzREm/TI	TI__601d454f99a7.class	12764	2af827235b4551f07045d60d0e2d8976e6f9766f	nursultan.jar
KDFzREm/Ti	Ti.class	9190	02480a6038edf1b50af097829b5a8cf4ffd8ac4d	nursultan.jar
KDFzREm/tI	tI__7f86b2a4b3ba.class	28839	37a01416617422a16e88186803083995b475af76	nursultan.jar
KDFzREm/ti	ti__4db0889e7c9a.class	182	eb9bc0cecb0e6b7b4610e82168023faebed355b7	nursultan.jar
KDFzREm/Tj	Tj.class	9048	14bfda5b5c378296118d4fcef58c03bfa998e8dc	nursultan.jar
KDFzREm/tJ	tJ__392e1d7f7f5b.class	47427	3ad3ad09ef5f7f13d48447071d69b30829c2e8ce	nursultan.jar
KDFzREm/TJ	TJ__ba557ef3f253.class	12117	87e552fad54ecfd6a587839e6ffdecfa1e6b3a47	nursultan.jar
KDFzREm/tj	tj__ed5b7ddf1e46.class	47368	ea890fd63ba97b607075c472865cdedcc69a657e	nursultan.jar
KDFzREm/tk	tk__cd1190e022af.class	18343	4fcb47d9739d814604b0719f025ef5ea91f82c81	nursultan.jar
KDFzREm/Tk	Tk.class	7588	202aaabb60b6ca91a775a1e44a131048429c85a8	nursultan.jar
KDFzREm/tK	tK__14d84c4c66d6.class	70649	77bcf62a346a4c0ca0459f3b80f3f674cbd60bf4	nursultan.jar
KDFzREm/TK	TK__1f068e221c1d.class	13141	f735c447d453d4084f74232be04e94f5a2941793	nursultan.jar
KDFzREm/TL	TL.class	17185	060e92fbaea3f62f676e9e1a52341045fb32137e	nursultan.jar
KDFzREm/tL	tL__8acbf7227c42.class	13082	859cc831f9694e4e032f04f7d554b69ddd6d20c9	nursultan.jar
KDFzREm/Tl	Tl__977f64767275.class	37102	6ebb79e45de6d63f544134008f7e426bbb982f07	nursultan.jar
KDFzREm/tl	tl__9060f97fed88.class	511	d31e4bedd0083bb0d2938bcd3967134597dfa911	nursultan.jar
KDFzREm/Tm	Tm__266004a26954.class	16663	217719368533f984d0598b33d6d5e4e697a62bf4	nursultan.jar
KDFzREm/tm	tm__99e0721fefe1.class	12997	d1780465cbb63a72606a965637d61086969c3033	nursultan.jar
KDFzREm/TM	TM.class	17450	c038f6e8811c36b966f90b60436198f71023e20c	nursultan.jar
KDFzREm/tM	tM__aa00f2b059b3.class	13207	2c87d2cf05ba12a84b9b3164037c7bfc2f329518	nursultan.jar
KDFzREm/tn	tn__55bd4d34b944.class	12102	f0de705e669181059ff4f1ee0a0f6b3bbfb70abe	nursultan.jar
KDFzREm/TN	TN.class	9503	d050c53bc3ca1e1d60a199454c0f53068c987e79	nursultan.jar
KDFzREm/tN	tN__cbe7c933f256.class	8846	a13387b81bebdfa7ab02e2998aa5a717bc5a4178	nursultan.jar
KDFzREm/Tn	Tn__c235ae552657.class	27690	4f7c6516106e374fde7dd32a5cacd054fe412ed8	nursultan.jar
KDFzREm/tO	tO__532811b12229.class	21071	62d08b07759a1105813d3340d8b4547b538ef21b	nursultan.jar
KDFzREm/To	To.class	15828	fcb3d81b233b05705f8e090890131b26fa55ff5f	nursultan.jar
KDFzREm/to	to__b3287e9daaa0.class	31967	8453bbc772a2085c3dcd07240a4d2c8a8c8f8773	nursultan.jar
KDFzREm/TO	TO__b5e4872c7be8.class	7469	19fa109fb0738f33360ef626809b967e0270433a	nursultan.jar
KDFzREm/tP	tP__1a4cc61f3def.class	7626	73f29cbf35a2056873c88c42b51a48500e0c2d6a	nursultan.jar
KDFzREm/TP	TP.class	39294	f06a03473e212395f537edd5a1fdbb451a298cc5	nursultan.jar
KDFzREm/tp	tp__182eb4f5c713.class	409	23681f95004886a7eb48a37699efb53528ccacae	nursultan.jar
KDFzREm/Tp	Tp__e96e19ac854b.class	8807	27d39b26c08e50b3b78e60ff8391ae5bbd30fa67	nursultan.jar
KDFzREm/tq	tq__b97ad801286d.class	6584	77dd84e1aabaabfc8b76f84b851452582651466d	nursultan.jar
KDFzREm/TQ	TQ.class	32389	a5f82b2291418a65d37f8c270bcf2a8f9ddad32f	nursultan.jar
KDFzREm/Tq	Tq__2e5ec4cd856b.class	6347	d764d4a2babcc00a6e9b7374c0c4a3f4703f96d2	nursultan.jar
KDFzREm/tQ	tQ__c1ba45b9d51a.class	15201	68aaa636b382ba2b1d8d05489f4473eb4b8f1ca4	nursultan.jar
KDFzREm/Tr	Tr__807d9e5a23c7.class	22512	8a1bad2bfbff88346709337dda172188e5e86f2d	nursultan.jar
KDFzREm/tr	tr__6ad9c2ea793b.class	19368	cbbda16c841755289f68a363489880a55ae5e8d7	nursultan.jar
KDFzREm/TR	TR.class	6498	308920f07ba371909358bd0e80306ca3dc50ef4c	nursultan.jar
KDFzREm/tR	tR__6739c48c0740.class	195	a406c8bbef40c953f27f9b9dd6b3be9414c78fb4	nursultan.jar
KDFzREm/tS	tS.class	9401	0e2413bd38ba871a5cc30c2fad14a94cb3ed73c7	nursultan.jar
KDFzREm/ts	ts__338e2b2f1994.class	9784	b41ae7dad5a772e067f6b68dd41f8832699d4603	nursultan.jar
KDFzREm/Ts	Ts__9d11dde4ca0a.class	6799	7df99895c24fbef4457f706584423a8c863e929a	nursultan.jar
KDFzREm/TS	TS__33d82f2cc9b3.class	8140	73c4c2875891d800ccfe87602abebebbbe08b8bc	nursultan.jar
KDFzREm/TT	TT.class	10550	4ac2e386dfc1c8002d49838986ee8acfdb9544dd	nursultan.jar
KDFzREm/tt	tt__79354515db9d.class	31626	1b995cd1470fedf1d815c38f0178c313a00854e5	nursultan.jar
KDFzREm/Tt	Tt__63eef3b07bf8.class	22307	edd84db9b5b9c29f563f68965eef78d91492f482	nursultan.jar
KDFzREm/tT	tT__982a1d58b1dd.class	41488	e39a6889b7d4916b7938889178da34cc2e4f7e3b	nursultan.jar
KDFzREm/tU	tU__c04e0dcc9bb2.class	971	14c5b445fb9ed2fdc8ed961ea78f15df5762ed28	nursultan.jar
KDFzREm/Tu	Tu.class	18016	71d5d89e1ad7bc2b82b63fdaab7e6fce89e11ad2	nursultan.jar
KDFzREm/tu	tu__2003241cfbeb.class	9022	b38079af13d5992ad227db266879b72dcdbf6588	nursultan.jar
KDFzREm/TU	TU__6bd21e2e85ae.class	7503	150b95ede500223120ab7491559b142d03e4d51f	nursultan.jar
KDFzREm/tv	tv__754eccb78f8a.class	31611	e191712bfd5599ae2af6c60f77c36478fec0b55c	nursultan.jar
KDFzREm/tV	tV__603154431862.class	16203	f0668759f46d6100ae63fe29cb310ba32028ab21	nursultan.jar
KDFzREm/Tv	Tv.class	14986	b66c9f45067dd6f6d4774a06e4e8484b9890f9bb	nursultan.jar
KDFzREm/TV	TV__38e57be2a14a.class	15108	b6d16fc402c97083d84f353d90a0944c5571bf83	nursultan.jar
KDFzREm/tw	tw__d17351f2d7b9.class	1108	b7d2d7fc06c5b668a2eb80caac853e9c2da21fb5	nursultan.jar
KDFzREm/TW	TW.class	9163	a07384aaa240abd295396139b6290846c3f01500	nursultan.jar
KDFzREm/tW	tW__b242757903d8.class	6689	7e7da434eae64c81dee90e9c9445d5a401118a15	nursultan.jar
KDFzREm/Tw	Tw__76895ae46afd.class	17995	ede585e58aebdb0c26db4dc90edbd531d811410a	nursultan.jar
KDFzREm/tX	tX__36c7c42fbf96.class	329	9ea5010c633e1c34d1f49aaa1bd8544734e2cae4	nursultan.jar
KDFzREm/tx	tx__8e7ee3d60ea5.class	9209	c73c8d67bc5ba1b65c5e945ea9304159f81b3a52	nursultan.jar
KDFzREm/TX	TX.class	8522	dfec5fa30df7ed112947467f220c029c2dae8fad	nursultan.jar
KDFzREm/Tx	Tx__7e7fa38950cd.class	17930	916d6b094c2580f02a8ad826116045acfabf0fa2	nursultan.jar
KDFzREm/ty	ty__709ee83932f5.class	6758	024c06dcc6247a79b4d9e99746079a9274ffa625	nursultan.jar
KDFzREm/tY	tY__25f0793f10d6.class	29783	bce160106b62371d739a4d1a7b66e34e87d77e8a	nursultan.jar
KDFzREm/TY	TY__30a632a328f1.class	16407	8a97fb2e2af7e816de82ee75437dd27c89011e81	nursultan.jar
KDFzREm/Ty	Ty.class	31731	09e5689e4e73420ddf00bdbd77a8433414f614ea	nursultan.jar
KDFzREm/tZ	tZ__1f3c98f8cc6e.class	157352	d3311bef747798ed32984375508b1c9ba222dc7f	nursultan.jar
KDFzREm/tz	tz__158d6a00a335.class	8150	885eee125b1e0265c439a7c825252e3e30bd74ac	nursultan.jar
KDFzREm/Tz	Tz.class	33185	e9c6cdef388db6613bd6f82494bfe9a4db20b9b3	nursultan.jar
KDFzREm/TZ	TZ__af19931d4a17.class	11501	b7399ed9cec98cb687252b028d5b4caf8b924a18	nursultan.jar
KDFzREm/u	u.class	233	d0bfa6876786ae523041b617e5cad055b7885d03	nursultan.jar
KDFzREm/U	U__5aa7bc8a3de6.class	13320	aee1bf8a65795426ae71a624ca36baafe8f4aec1	nursultan.jar
KDFzREm/ua	ua.class	6619	d6e9371f4089b1ced5b3a0c14f142c32e17c2601	nursultan.jar
KDFzREm/Ua	Ua__794a672cc80c.class	21199	b845385f182e4f6d3a580bc3d880c21c88b2713e	nursultan.jar
KDFzREm/uA	uA__f3c4463d4632.class	12796	723f9979b3030781a82756f2f4ad21dabc242f62	nursultan.jar
KDFzREm/UA	UA__22fd913948ab.class	26107	3d63e22c1c337a2a2093ea2e533e0944d5cda3dd	nursultan.jar
KDFzREm/uB	uB__cd5e511a49aa.class	1424	df142e8b469849cef4f417627665dad9e1158c68	nursultan.jar
KDFzREm/UB	UB__4db13b2e1a05.class	47369	e92c7ac2182d4cef63a3c5f54b7f029bb0747b73	nursultan.jar
KDFzREm/ub	ub.class	62	86f284cef7bb8d37a39046287e2af167eff5ddf6	nursultan.jar
KDFzREm/Ub	Ub__c77423acee9d.class	25869	2c0a5677eabe293c16c5d5c1c94d7296077a5141	nursultan.jar
KDFzREm/uc	uc.class	31060	5228205d47f5c522f4621b8ff0f7357d54659298	nursultan.jar
KDFzREm/UC	UC__fe4fbe22c78b.class	28852	598526e2d6887ba5cd2dc2131d66e57032835a98	nursultan.jar
KDFzREm/Uc	Uc__6e632245fd5f.class	20169	60491ffa937dd02be2e3efb449e51b1ba803c7dc	nursultan.jar
KDFzREm/uC	uC__3e199c83d368.class	15248	174e5a258b2aa988abd424a341fdcefa482619e0	nursultan.jar
KDFzREm/uc$$InjectedInvoker+0x000000010026cc00	uc$$InjectedInvoker+0x000000010026cc00.class	553	a00c2b8e3777ceebf6a2aaab9b0d1925fa652c77	nursultan.jar
KDFzREm/UD	UD__66ebcb165d5d.class	55628	cd60d869e0d9f23b357b0fc4b511d7e14b9dc27a	nursultan.jar
KDFzREm/ud	ud.class	147	5f34658660b6b709c4d81299d8214ba82c626070	nursultan.jar
KDFzREm/uD	uD__61c5b678c42e.class	8263	3f04d720200b56b141bfcd46e47fc8be9d857bdc	nursultan.jar
KDFzREm/Ud	Ud__0038c113e326.class	9376	749afb032e457535c1ce0ba5f1ffb7dc7f7f7cde	nursultan.jar
KDFzREm/UE	UE__393255421b13.class	11167	66ea1f4b24af62e62511a3b3cb276a2a084e67ca	nursultan.jar
KDFzREm/uE	uE.class	236	0a7810e476205e4b66724a73f659326293c228fe	nursultan.jar
KDFzREm/ue	ue__398864c441c9.class	528	f297ba7ef6ae581460782a9c411e1eb929d0e8c4	nursultan.jar
KDFzREm/Ue	Ue__dacee2e1cc4b.class	12304	26a77408d2c923f25e229d4897b32c75455aff30	nursultan.jar
KDFzREm/uf	uf__2fdecb4eeec6.class	612	60fe7bbdd1da64402010b82e08379fe4910ddf60	nursultan.jar
KDFzREm/uF	uF.class	566	1f1fbd27b809566b3b7d60f8676600a201f55156	nursultan.jar
KDFzREm/UF	UF__009b4ee50e17.class	9272	b15d802c989e0d8bc0e27908f8c6e0ef621db33e	nursultan.jar
KDFzREm/Uf	Uf__2beb3a859797.class	9773	f2bd4a8b1256ed5f9707400e2340538b5f62f305	nursultan.jar
KDFzREm/uG	uG.class	147	3d97013e2804d2421ce895a8c7cdcd966d59a171	nursultan.jar
KDFzREm/ug	ug__5e27a70058ec.class	9820	9426172cdd0efda56cbe23c92524751bedfe2c2c	nursultan.jar
KDFzREm/UG	UG__fd56bb75b42d.class	26402	b56de3900d2621b24b1831e6aa4f0b9b2a43810c	nursultan.jar
KDFzREm/Ug	Ug__13102951a380.class	14280	fb41ae4e3951833c23bb8b5bd33701c98746dd17	nursultan.jar
KDFzREm/uH	uH.class	9470	f80262edd5e2f166615edb322ac8a70b1fd80908	nursultan.jar
KDFzREm/uh	uh__6e58fdbd62a1.class	7834	72fd816db9d1d58fdb20482af175c1c96a4940ce	nursultan.jar
KDFzREm/UH	UH__bef45225eda9.class	30298	e6ec3ddadc6ccfc5123024b6e942e947730c6f54	nursultan.jar
KDFzREm/Uh	Uh__4f43662bde04.class	25513	52fc81c3df460aee7a631f79deef2207aceeb6fe	nursultan.jar
KDFzREm/uI	uI__35e6d13b735e.class	8883	3ad6f13a3f6eabab86e9223bcbeed433070b1047	nursultan.jar
KDFzREm/ui	ui.class	11773	264ce96efb81ef15a2ec4c27725d75ef8b58b773	nursultan.jar
KDFzREm/Ui	Ui__e79aadc25ee5.class	9157	562a6cbe9c3bbb75d9febd70381faf441f79d122	nursultan.jar
KDFzREm/UI	UI__08d2f7f5b954.class	15032	4b1068398c588fb30db660d90382ba0c2e797ddc	nursultan.jar
KDFzREm/UJ	UJ__320dbde6e486.class	12633	12638dcd16565e451dcb6bba08bf9f4adb9f4077	nursultan.jar
KDFzREm/uJ	uJ__83e6bcea6aa3.class	6518	ecb3d0f8170ec9ef6b98de4f390178a14551de30	nursultan.jar
KDFzREm/Uj	Uj__7e7bf252b525.class	64434	7e349f2d6457d4538faded5b45876c64eb188295	nursultan.jar
KDFzREm/uj	uj.class	10497	f6b5603c4831df4b174d3f1b43b72e7b310f8fdc	nursultan.jar
KDFzREm/UK	UK__b47437fe32b1.class	7045	c9f913766a920134b66130388f79bac82317b31e	nursultan.jar
KDFzREm/uK	uK__764b3ba19ea6.class	7824	b3903562546b8fc21f88b12ac05828a72e10b4ce	nursultan.jar
KDFzREm/uk	uk.class	21683	7e04cccb02acc305438ce680a57b88467f7fd047	nursultan.jar
KDFzREm/Uk	Uk__757c364350d6.class	10628	755b4aff772eb8799020c32deef2dbd92a7f8e4e	nursultan.jar
KDFzREm/Ul	Ul__da21bce094ca.class	1117	20b763fbf472352205f088241e764e0d932a0c55	nursultan.jar
KDFzREm/UL	UL.class	96	6fdd46b6b932e6a0650ee53780fc24f5a73c8641	nursultan.jar
KDFzREm/uL	uL__9d82e6ed5108.class	6854	16559fe7ebb644eeeba65b7d617832609c0fd766	nursultan.jar
KDFzREm/ul	ul__b279d25262a0.class	147	684d27ad751609e2cf988ed76c454e001cf18386	nursultan.jar
KDFzREm/Um	Um__fd5ed7d99d0a.class	32079	e91c2eabc960e81bb13f3955987a56bd9d9cb45b	nursultan.jar
KDFzREm/UM	UM__450f40ee905c.class	18822	48db63af265fbdc46e775c4532fd52df28021082	nursultan.jar
KDFzREm/um	um__2eb82c4ccb87.class	7836	fece39a0d3412f623b55a0f71aa077b81b4ca0cb	nursultan.jar
KDFzREm/uM	uM.class	12390	8c39ce3c63b3f18e2f4228dbc35b8002c5a0dba9	nursultan.jar
KDFzREm/un	un__5a3f5e5b7081.class	8666	028e12d1a5e240210f80723ca78f6a80903d94eb	nursultan.jar
KDFzREm/uN	uN__6f4565f1648d.class	23242	9895be09aa981b9847ef8c26926ae33dc8dbb44b	nursultan.jar
KDFzREm/UN	UN.class	145	5eaa6d2a1af9fd5c9ec4a7e738898982e0c6829f	nursultan.jar
KDFzREm/Un	Un__f6af3b930c93.class	13967	ee8f9edcf513faaa05434a533cf2422548169626	nursultan.jar
KDFzREm/Uo	Uo__127558905465.class	26504	e45524141e7d2c8360b9b9d1dce2778160e16112	nursultan.jar
KDFzREm/uO	uO__ac06f55f7ee9.class	11117	8b490eb4b3968ec78c7da951256a11aa3308e223	nursultan.jar
KDFzREm/UO	UO__e3361e6144ab.class	45555	7e5419a72755bcd5e067133d43b9b51ee7b1c258	nursultan.jar
KDFzREm/uo	uo.class	470	fd9fbca17e8605a23bdc99f533322650b2dd652b	nursultan.jar
KDFzREm/UP	UP__8a699d710ca2.class	46646	f5a53a81b09e52272c4a53e9d31add2fe79246a0	nursultan.jar
KDFzREm/Up	Up__7b4b934123ec.class	8695	1a36fd92e449dae84521114941298ad52c233955	nursultan.jar
KDFzREm/up	up.class	8060	6c67ccb8a7b1965c5f035f1f7d3293345dcd8b8d	nursultan.jar
KDFzREm/uP	uP__d7a1054afe77.class	241	15ab76e0b9711f61449162bbf39ee0ccc6b0e0b4	nursultan.jar
KDFzREm/uq	uq__aebbc7522df8.class	98	ba84021f462f30005b5cde6cd71f6798387acb9e	nursultan.jar
KDFzREm/UQ	UQ__74d3dbf2dae5.class	11093	43b42e482fb5abd0e9b69b793698569e732ad03d	nursultan.jar
KDFzREm/Uq	Uq__8fe9bb2f77c7.class	8394	71fb6ed00b859b2285868fa6db4068226cf1fe91	nursultan.jar
KDFzREm/uQ	uQ.class	8707	d35e3c2c95c39defa8d2a074e6675d036cc87039	nursultan.jar
KDFzREm/UR	UR__f8431773389b.class	18057	57ae95cc7b232b0b12c779f3337cfd5d4cff4e2e	nursultan.jar
KDFzREm/ur	ur__788bd4dbd9c2.class	10380	07fd3ddadeae07e9db3fe145dcaefd8194367fee	nursultan.jar
KDFzREm/uR	uR.class	11381	a1a9e59d5670d995a09e980de27fdb2c42a72d6c	nursultan.jar
KDFzREm/Ur	Ur__2ad4eeb5451d.class	37315	87f1345c6728f21985f5d572858ef2a93d6fac1c	nursultan.jar
KDFzREm/us	us__b5b18eb8d55c.class	6797	d5f413f423b025f70d3acc0363f4fbfd7864c284	nursultan.jar
KDFzREm/US	US__d4e1376f1f58.class	9199	7e1e935d8f1098ce90b40465b4248f912a26f717	nursultan.jar
KDFzREm/uS	uS.class	423	340c59f1827f7b90519596d7ab8f15b3dfeafea3	nursultan.jar
KDFzREm/Us	Us__adc91fd8f19f.class	6502	6fde43f89eae82412d0c56259595bad6c11b1070	nursultan.jar
KDFzREm/uT	uT__4a168f4b7acd.class	10121	2f9255763a7fd102a928e21391f62004d628c2f4	nursultan.jar
KDFzREm/Ut	Ut__38e6bdc5251b.class	7809	24627aef2710be5a6629420f532010353a52db4a	nursultan.jar
KDFzREm/UT	UT__511ad378b1b9.class	54923	a32f8a6f491f94d67bef9a34a01bb9489bff89ef	nursultan.jar
KDFzREm/ut	ut.class	147	e04e28cbd15133bf5c3299830583e2030246919b	nursultan.jar
KDFzREm/uu	uu__aaccf2d978f0.class	2173	e7b52dd506adee608f5aa4b1d58c4528e56c7f69	nursultan.jar
KDFzREm/Uu	Uu__29baf6f015db.class	10449	f31ce777f5144a6b408f3ded008c8802f6a73104	nursultan.jar
KDFzREm/uU	uU.class	150	41214f9455b4ee80ef69f72db6243907aec73367	nursultan.jar
KDFzREm/UU	UU__2243350acf68.class	13585	43a00ed75fcd71a0464f5acb0411d2173e0bdc6d	nursultan.jar
KDFzREm/uV	uV__baa44767737c.class	9596	7f76f54e3f7ba8e47c504865374c0a935481ca06	nursultan.jar
KDFzREm/UV	UV__2b91e7226515.class	40416	d0d9eee9ac3c1a39dacfb4fc971bb05e5287c945	nursultan.jar
KDFzREm/Uv	Uv__9c720fa6f63f.class	78686	e73d05c84125c3c7eacb0e6dbc42a20912589521	nursultan.jar
KDFzREm/uv	uv.class	9912	4d4f836e4cc1f14051e4255f79e289099b057524	nursultan.jar
KDFzREm/uW	uW__408287b79b0e.class	80	8223e613a552479e6cd29f11d322482d152a9e4c	nursultan.jar
KDFzREm/Uw	Uw__3c42dc51715f.class	12560	78dce121b062a7fb1163818cfada6caf0e9800bc	nursultan.jar
KDFzREm/UW	UW__91c2c67174fc.class	10439	f38d16e6d652da7e5ad2d37dace335da687ad3b5	nursultan.jar
KDFzREm/uw	uw.class	175	5b3e4a5f3952babb57a9b130469b4d1580a111ca	nursultan.jar
KDFzREm/uX	uX.class	9645	ab8f7143cb6e2bef4a78c5dd652983aa0b5d0686	nursultan.jar
KDFzREm/UX	UX__4df2de84663a.class	16573	5f89a399aac8ece58e8184cd728f2b752dbc29ef	nursultan.jar
KDFzREm/Ux	Ux__f920c13cc2ea.class	8684	79a22ca028ce574f5b73f230763c197a01cbc4a4	nursultan.jar
KDFzREm/ux	ux__6a408ba94323.class	183	806ae96434433bc34d6bc32182c7665ffa5b6cbe	nursultan.jar
KDFzREm/uY	uY__73d30b289ef1.class	178	3b85371e5d7e5a8a00619ca0783556231c7781ac	nursultan.jar
KDFzREm/Uy	Uy.class	115	6ba062ff0ca318364d7f5580eeddd504757f28cd	nursultan.jar
KDFzREm/UY	UY__654874cc3951.class	47702	abfc9975c8a3aa84686b5a71dd33202e6bf71d41	nursultan.jar
KDFzREm/uy	uy__01a330382ab4.class	8724	04934f824e66a63a26a444cc0799ce455631cadc	nursultan.jar
KDFzREm/uZ	uZ.class	8958	becb4be49811f181941501979a3cc1bbb8e2f606	nursultan.jar
KDFzREm/uz	uz__d4515c8ee91f.class	16266	5b77b94f2b5ae9eabfd344d974ab6928e557848a	nursultan.jar
KDFzREm/Uz	Uz__df2c437e60bc.class	20235	8c839e669d060ede0ddee4bfe9d22bb950ff7f88	nursultan.jar
KDFzREm/UZ	UZ__071eb124f186.class	510	887231e2e8191833205fbf4b698e19934472be2d	nursultan.jar
KDFzREm/V	V__677dce964124.class	17717	c3de1e91d33f6ff0e97057ed93046f8dc0248e1c	nursultan.jar
KDFzREm/v	v.class	13137	64572e2759fd659f90ebc12c3dcc3912c7d727d4	nursultan.jar
KDFzREm/vA	vA__576533c5b03c.class	10652	4d9dabca6451157af7e766e8f85c37787d79f093	nursultan.jar
KDFzREm/va	va__3fb227b0df3b.class	10379	6c74d6632740667846dba5daa01e85e363304d7d	nursultan.jar
KDFzREm/vb	vb__2ce49e010f1a.class	16523	915c1295f66aee9581902592a710c567bea808cc	nursultan.jar
KDFzREm/vB	vB__60a7e6c4a03a.class	15366	6587232105ad733600a130f76f57a2229af87983	nursultan.jar
KDFzREm/vC	vC__abdc86928ea7.class	17175	00f8d04da784e4d028f8d21ab957a1892a64d8d1	nursultan.jar
KDFzREm/vc	vc__5fb4d1061084.class	7779	c15a9649ed52d87f1b17beccdb9043484cd9fa68	nursultan.jar
KDFzREm/vd	vd__51c9a44e6034.class	8334	707974160244353b3cdcf1993c57c94127ebd41b	nursultan.jar
KDFzREm/vD	vD__88f2b156d123.class	17088	c08a093eb4558c1d10f1095189b55e221296a318	nursultan.jar
KDFzREm/ve	ve__a99fc72bae62.class	9627	be7e7193bac16a6b0cdeadb3db49c4b58066306d	nursultan.jar
KDFzREm/vE	vE__569a8cf4cdb5.class	13982	581d7fc40facac6ea255d89c73cef742b2c79da2	nursultan.jar
KDFzREm/vF	vF__84ae077f3923.class	7917	72ca84af60bd8d5eafa8d2260d846a46b862647f	nursultan.jar
KDFzREm/vf	vf__78ef569e1bd0.class	8852	945d2e35acfcc9d093dd8c526e9972f45993a529	nursultan.jar
KDFzREm/vG	vG.class	41652	02f0bfea45e7d3f5e369df554b81cde7f2401ef7	nursultan.jar
KDFzREm/vg	vg__3e02dbec0df6.class	7786	59edfa1dfcc3c37a39747a0ba8e37add8f2dacc9	nursultan.jar
KDFzREm/vH	vH__92b0b88ac09f.class	9010	092c235cb8d4e5d6afadb953c9e67b4a0ec3c63c	nursultan.jar
KDFzREm/vh	vh__5ea1241cde36.class	12140	e2a5f47301980f0a114af18c1e301d451aa7c812	nursultan.jar
KDFzREm/vi	vi.class	8369	744e54750128cd5fa900369125db0fae568c6062	nursultan.jar
KDFzREm/vI	vI__5a9bca5d8384.class	8206	346af3613ade2540247f4cfce8fd90ff830c59f6	nursultan.jar
KDFzREm/vJ	vJ__5b0651ffcf0e.class	8499	028ac2f591e419a261f15bdc2c4664beb8ccafb2	nursultan.jar
KDFzREm/vj	vj__468809ee1c14.class	12192	d35281b0c6d1e830fc9e30240990798094b6ef52	nursultan.jar
KDFzREm/vk	vk__19e238586d5d.class	7616	b6107e3e5ae4b48ea47be075978b4a9592e0be9a	nursultan.jar
KDFzREm/vK	vK__07e27a945e7c.class	9819	e4fa6420145f1fda887f6dfcb2935643a60965e5	nursultan.jar
KDFzREm/vl	vl__4eed36e7bdc0.class	10450	21caa24f0e0e4aab5dc0525611934f494ac02d89	nursultan.jar
KDFzREm/vL	vL__10a522511fbf.class	13444	77352d5d726f5f9521a1c934c548e78197f32b3d	nursultan.jar
KDFzREm/vM	vM__5dc8ceee8497.class	14156	e78e09620b0bf36ea16c79580c244092c4f2bc78	nursultan.jar
KDFzREm/vm	vm__5e81aee545ee.class	137	caab2ffa4f885ebb8c1ce6fb1296f605db6aac47	nursultan.jar
KDFzREm/vn	vn__8e3c21c9eb3a.class	12293	38b8e2b6079fdc6f6bc7c7f783fbd739fd619b1d	nursultan.jar
KDFzREm/vN	vN__7cb5d2d20bb5.class	9943	2cbc52ee8f67c0cd55f9e7648089299f32aaff64	nursultan.jar
KDFzREm/vO	vO__ce05bd9fa77b.class	8715	76f43f55ad3fdfd007cda5a79673072ca4705f21	nursultan.jar
KDFzREm/vo	vo__ea061e8d5027.class	7630	7855a389e3e3633f7c74fef0052723c596f6accf	nursultan.jar
KDFzREm/vp	vp__5ed28355f284.class	11121	c80e67e847c2bd543244366af9e177cf9c68208a	nursultan.jar
KDFzREm/vP	vP.class	16528	e5f742bbb435b6b3abcb98d3f92d4e455b1bd95d	nursultan.jar
KDFzREm/vq	vq__b60d155c2b67.class	8620	4cc73546ca8fcad4fd05fe35a94f9fe4b9faa4d1	nursultan.jar
KDFzREm/vQ	vQ__020c06e414f7.class	8547	4dbe58a1cd219e006034e32758c76266a3dbc1db	nursultan.jar
KDFzREm/vr	vr__de83d67cdbd1.class	1061	883210ccb1dac298c4774947358a37f409d20848	nursultan.jar
KDFzREm/vR	vR__4b9167b24700.class	9717	4556c45e30cecbcde66e40ed20334ae6fa0fc0a8	nursultan.jar
KDFzREm/vs	vs__ded87d697066.class	750	9104e7f87d2bfd7b9a5ac107987fd828f38dc90d	nursultan.jar
KDFzREm/vS	vS__1f7eb5a4374c.class	1147	fda85566ec30f82d4333ebc89eeb8343e9b7e3c7	nursultan.jar
KDFzREm/vt	vt__5d0fd2c6cb4e.class	9462	96a2a552257d007016e01fd6cc4cced74aff06ec	nursultan.jar
KDFzREm/vT	vT__e782287679ee.class	123	c9dbb752839392dd595298f087d9af2cdb8a8b57	nursultan.jar
KDFzREm/vU	vU__e772c7ff6268.class	7340	b2cf7e502584faa1f4299f848a8b69336a15b899	nursultan.jar
KDFzREm/vu	vu.class	17944	7f77ef6f103ceccf124c85c68e1b795e94d9ac87	nursultan.jar
KDFzREm/vv	vv__313c4a5956dc.class	12788	8d0ffce2905370e658d7db5c5b983589e236de63	nursultan.jar
KDFzREm/vV	vV__ea1f2650cf41.class	10752	06a2b32831d85685a5d133cb0388619b5dcedb40	nursultan.jar
KDFzREm/vW	vW__3b7289d30f45.class	13360	269b248ce326058a73d865d7898827aeb1c02bd9	nursultan.jar
KDFzREm/vw	vw__8f58f8a59bd3.class	12227	52a0490223bc150ea5b39f82763684efc99b18fe	nursultan.jar
KDFzREm/vX	vX__536e5bce9600.class	8369	9e9be4d109ce116696ec39eb50a893f0e4c8e677	nursultan.jar
KDFzREm/vx	vx__c607c2ab9917.class	13188	786a2842d8cad767a7f053293e095dc0a8a2ae53	nursultan.jar
KDFzREm/vY	vY__6aea6faae0fa.class	15888	5db7cae9ae042834e34db94f243172d8986a6d11	nursultan.jar
KDFzREm/vy	vy.class	8482	47dba78417ff1ae19636459f3bea3bbf0a75a6e7	nursultan.jar
KDFzREm/vZ	vZ__966dbbc8d987.class	12002	6385e960a7d1c07fd895300912c4d3ca04bf1d8a	nursultan.jar
KDFzREm/vz	vz__7acc39631829.class	11267	10e261b928255e91f312d88db3eee668a7fb412f	nursultan.jar
KDFzREm/W	W.class	41475	8f439f8ebbd41098bfdb0a7a35bcf089213e8e33	nursultan.jar
KDFzREm/w	w__abf3815e5f41.class	24045	7244bfb7e9a2ccf0ae13adb2e47efea6f8c6cf43	nursultan.jar
KDFzREm/wA	wA.class	38182	91a766bb631c9e7c2cc522e3b19a56bcc5e2aead	nursultan.jar
KDFzREm/WA	WA__e2368fe4afb5.class	30488	0dbd20ebfddc0ae04c90d701e5c3012861a4547d	nursultan.jar
KDFzREm/Wa	Wa__d328413ec987.class	11628	ca68542fa1a7c42b17da4e82b49402abec4548c7	nursultan.jar
KDFzREm/wa	wa__834d177a6b45.class	9959	ae9f97b09cbd7a30b39bb4036fe07eacecaed55f	nursultan.jar
KDFzREm/wb	wb__2208c058131d.class	28755	c884e09fae750b0ab0d0a7e00d16c8292584266b	nursultan.jar
KDFzREm/WB	WB.class	8398	09f5b134a17eac3a30f673609fa9b81ba17c062d	nursultan.jar
KDFzREm/Wb	Wb__daf5d188e41f.class	7310	41892d3798200c20073b28d43c1eb5e3bb28671b	nursultan.jar
KDFzREm/wB	wB__e3eac3ed19b0.class	16474	a420e2e3f41d6f6dbe097777642fb804d016c417	nursultan.jar
KDFzREm/wc	wc__3ce1c5604eea.class	14727	ea04ea701c92433298beb7c1c2cd038fb94e5c3f	nursultan.jar
KDFzREm/Wc	Wc.class	8407	69aeae8307820341ad45ecb37b6ca4dece1d224d	nursultan.jar
KDFzREm/wC	wC__bd4266e8142e.class	6725	4bc087a4884cc644039b0a5e475ea6fb57a48d14	nursultan.jar
KDFzREm/WC	WC__cb7350c89ca0.class	12333	ac3baa0f660b6443f8db3517ed70ff9949cb4a3f	nursultan.jar
KDFzREm/Wd	Wd.class	6826	c68e34b53acff9fa4f85f458630efedec89c1776	nursultan.jar
KDFzREm/WD	WD__d39b5d65fdf2.class	14523	9b6dec1340f6b9acd99e0723ef77824527b1d470	nursultan.jar
KDFzREm/wD	wD__25e478939ac1.class	26307	a9065b0e9841b355090c5729eb19a4464a9050d7	nursultan.jar
KDFzREm/wd	wd__bede54c4936e.class	9619	a1a0bc746c8cbec3567f819bcb9024583a47067a	nursultan.jar
KDFzREm/WE	WE.class	18202	e3f3ca8677e8596129ec343d57bf41029b32b2f9	nursultan.jar
KDFzREm/wE	wE__1a8e96799c77.class	158	308aabb1d33e4e8560807ec1f43dba03b998ebb4	nursultan.jar
KDFzREm/we	we__91f04e13f64d.class	29117	0e72d692c32c3e3754ae639364d6bf67e53e72b1	nursultan.jar
KDFzREm/We	We__1fddc69173bc.class	8843	61ccdcd170114d07f400b701d94645994eb10f10	nursultan.jar
KDFzREm/wF	wF__b5ca3f4d8bd3.class	14922	abd3176883acdfda1e97a7904ce034009f871b55	nursultan.jar
KDFzREm/Wf	Wf__a1ffa066b1b1.class	10391	dfc4e75a8dd795861c9907163a8918462493f0d4	nursultan.jar
KDFzREm/WF	WF.class	8743	cbc753b2442117c819432751623929bdfc9c6c57	nursultan.jar
KDFzREm/wf	wf__07a31a263512.class	6665	d9d02e32712cdb607d8bb6ca27f5d57366fca660	nursultan.jar
KDFzREm/wg	wg__54b4f014f7c6.class	10022	fa5004487d983c06a11dd5f63c7513ba61b8d570	nursultan.jar
KDFzREm/WG	WG.class	12352	2cd74616817fb2a6cdf2d558d2c3ab7231f805b8	nursultan.jar
KDFzREm/wG	wG__e454517462e4.class	236	6285e648095f2899e746194c8d2852b302a6f5fa	nursultan.jar
KDFzREm/Wg	Wg__2d1b0e2eee3f.class	6156	febd261b72fb7b7cfc4b6028a6ebc7371b2c7541	nursultan.jar
KDFzREm/wh	wh__5eb78b0cc09a.class	225	8f35f4f044783a52f2321d33fe20452a87a23d87	nursultan.jar
KDFzREm/WH	WH.class	38050	2c87bef22c5eb7834a16be0a0bdbb9d502ece446	nursultan.jar
KDFzREm/wH	wH__58315acf9f84.class	13693	29492f5e0e340b17a37dad325cd21ec2b72b282a	nursultan.jar
KDFzREm/Wh	Wh__aec6bbc35381.class	7554	b6e3adf4bb16462ed4f75352d687f4122680b933	nursultan.jar
KDFzREm/WI	WI__c1b87a3d11e1.class	10076	b16578507e659c50a13454c862e6483aba82dc18	nursultan.jar
KDFzREm/wI	wI__1c6abadb78cd.class	15791	a64bc0ff448bbc81d4749204d7e998b5f6e1edf6	nursultan.jar
KDFzREm/wi	wi__7019aae57037.class	9378	afe52b6970f580940dcebea98a28bd9cab475e1b	nursultan.jar
KDFzREm/Wi	Wi.class	9550	2cf6491ca8d6b684c331a028df5a1ab8382be515	nursultan.jar
KDFzREm/wJ	wJ__7c0b00bf7745.class	27898	9cb97dfc10bd451538a900d606b73d3e0705b3ef	nursultan.jar
KDFzREm/wj	wj__2052f1c21ed4.class	18631	1478a17a27a6be2d0d02cf744a7a08af603d9b28	nursultan.jar
KDFzREm/WJ	WJ__a52c5b91bdd7.class	34549	6ee787badf31c2d1d9209028786f5ece1065a9a0	nursultan.jar
KDFzREm/Wj	Wj.class	8863	70c601fe102a88f8e1161922f0f85857f6f28406	nursultan.jar
KDFzREm/wK	wK__87c5198c952e.class	7617	03a852fd3925fecb7f0293a4d36f55e6c735f2ec	nursultan.jar
KDFzREm/WK	WK__13bbb002021d.class	7720	95a9cb60f9ee1ec1a363e608316336d5c0481686	nursultan.jar
KDFzREm/Wk	Wk.class	31074	3dfc8ad1732ab27fdc89483a3119a811367bb031	nursultan.jar
KDFzREm/wk	wk__9e8acc7256f2.class	18733	195727e04591bf8c28e4b402a860907a8f7fdbf5	nursultan.jar
KDFzREm/wL	wL__21a91ca684ef.class	25968	c721ffd7f2c2d97b2b73ce028efa2c3b389d47ad	nursultan.jar
KDFzREm/Wl	Wl__b70ebb571c43.class	14342	1c73a52822647211007e07984dc3248600acf3ba	nursultan.jar
KDFzREm/WL	WL.class	9367	07689fb3aeac999d4977ef8dfb895abb32a828b2	nursultan.jar
KDFzREm/wl	wl__0eb9385db8f7.class	12155	9388d95a2894d6e08389d75489476e41586b07de	nursultan.jar
KDFzREm/Wm	Wm__b9c7fd6bc294.class	16023	97fd8bbb8a0433c85866f66a17c86cb8b7bda2f8	nursultan.jar
KDFzREm/WM	WM.class	12690	493fae388b903505413e49f6aa2aa1a68cd014b3	nursultan.jar
KDFzREm/wM	wM__8d3e0f00a69d.class	42322	8f488db47247f97f74b9dcc1550559ee9a576636	nursultan.jar
KDFzREm/wm	wm__122f3e3f021a.class	10772	4403382e88d39bf44e108ffa5f301fd7e0a76df9	nursultan.jar
KDFzREm/wn	wn__19f41017450b.class	16005	17971ca01dadd360d5d0b872d442562865ac5959	nursultan.jar
KDFzREm/wN	wN__87a65705e8bf.class	23119	237d752573775698ba6de2c9ed77a302e841af8b	nursultan.jar
KDFzREm/WN	WN.class	10174	53986d118d9a7221bd74fd38f38e824833fb0a12	nursultan.jar
KDFzREm/Wn	Wn__2e992ede0a66.class	14266	c425a7831b755d05eea66b153c842d3e7f9523e8	nursultan.jar
KDFzREm/wO	wO__dcf0e881da17.class	17799	b4444648d312bdf9612f67ec0772af8add270563	nursultan.jar
KDFzREm/Wo	Wo__187fad83cbc8.class	7700	f94c3d75ca0ac0633e66ab40c7f3da6be92d5055	nursultan.jar
KDFzREm/WO	WO.class	25622	c118d13e8f76fca8d0d3040d8cdcaac9d2c9c551	nursultan.jar
KDFzREm/wo	wo__87f57bc41f0b.class	9645	c7613769bf18029a66217dcc8ebc800061f1b858	nursultan.jar
KDFzREm/wP	wP__893dd101d1e4.class	8026	7b351c7fcee6d571219405d28d9f481152bbdb6d	nursultan.jar
KDFzREm/wp	wp__7674826b4665.class	13387	fae5c64aa68ac3f245f68b5d6bc2f9917851b83c	nursultan.jar
KDFzREm/Wp	Wp__ecd9aec6f1ca.class	41659	beee34f4b00f3a0ec474758153f2dd7c2438719a	nursultan.jar
KDFzREm/WP	WP.class	19324	ef60f83de0635498c2acebf4ced0f73ddb4c7537	nursultan.jar
KDFzREm/wQ	wQ__e0bd2ee822a7.class	29621	41b32e7ac7b63c3736d39ab812203a96b498bc89	nursultan.jar
KDFzREm/WQ	WQ.class	12761	a828a65dc4b7782fba6aead6ccda398775a433ce	nursultan.jar
KDFzREm/wq	wq__c1b0e5295fe2.class	40561	df3fbb5814052fa1a52b87e253fa826c1e49e580	nursultan.jar
KDFzREm/Wq	Wq__c05dcce0635a.class	7818	7612c5be25d35d3751c7ff7528f636c152e5db8a	nursultan.jar
KDFzREm/wr	wr__748180d1b71e.class	8918	b5aff21b30e9a52a9f4d7945b55a9c61d165959f	nursultan.jar
KDFzREm/Wr	Wr__3b46614df767.class	10530	f5ef88e264bb0aa3c5b1e212ed25b174a3047d87	nursultan.jar
KDFzREm/wR	wR__5597dd425be6.class	35144	54ea02b130b2e51b17806e4f4d28ca89525b65d2	nursultan.jar
KDFzREm/WR	WR.class	6172	db97115710904514b5f66fa0be21569dbbab8ec4	nursultan.jar
KDFzREm/wS	wS__e0759a646e29.class	14457	0a14ff3ad1cbff70cd4ff0329544ebc68406c3a6	nursultan.jar
KDFzREm/WS	WS__43c536f61c88.class	6751	afa232a8e57be6acc74d2b9a00d8880b3768305d	nursultan.jar
KDFzREm/Ws	Ws.class	8093	404b596ff91c1932ff4cc396cc8620e8bd40ea85	nursultan.jar
KDFzREm/ws	ws__381aec7a8802.class	239	3440648e76033affc2c441ce54863975075e1671	nursultan.jar
KDFzREm/wT	wT__1cfac0325ec5.class	20013	a79d5a9967e39ffe7e2322e0148d793022d5ae06	nursultan.jar
KDFzREm/Wt	Wt__fdbd493d5d38.class	10506	66cc2dd2e6b232babebf716a9746873d62c76f8f	nursultan.jar
KDFzREm/wt	wt__6ac8e75ee070.class	8571	a36f9631b32f107361ad66a6d78ca98cc9896f30	nursultan.jar
KDFzREm/WT	WT.class	7258	00775f88ae9be0e80353ae27e578d04f2f09d2a3	nursultan.jar
KDFzREm/wU	wU__2551ebad222c.class	9344	57b8d26bda59b5017dcfbaa0895d7088b9ad8877	nursultan.jar
KDFzREm/Wu	Wu.class	7460	fe8970134221632c21f8c5f2178146daba9dbb2e	nursultan.jar
KDFzREm/WU	WU__40f1a0de1ec9.class	15278	33c989e8b6918d12e34c16fe0c7e9a17292ae2df	nursultan.jar
KDFzREm/wu	wu__2526a93c9c87.class	26029	a13322dff784b59681dcde16e0e633925b578369	nursultan.jar
KDFzREm/wV	wV__ef3b6ab68c96.class	7740	6992989ce4b681c76cd6851128b6f7766b673c3a	nursultan.jar
KDFzREm/wv	wv__37628ec884b3.class	7370	317bce38a35614bbee5ee9cae79c68a34a676a0e	nursultan.jar
KDFzREm/Wv	Wv.class	7260	4d918e877027011fc6b504a16e26ee61eadc7e98	nursultan.jar
KDFzREm/WV	WV__d90fcea00be5.class	29304	051849953421b5c5667147c1603dca4d7dfdebb8	nursultan.jar
KDFzREm/wW	wW__ab1751b5f2bf.class	19902	0d30fbc25cf8cc6ea692766877336044fa8f01f6	nursultan.jar
KDFzREm/ww	ww__ea20960701a7.class	8482	e1af10161faf8db6ad9e46f803a397a45ed3c3f8	nursultan.jar
KDFzREm/WW	WW.class	816	5110a7149b9d3c9c485d5c2141fe7af0774a6674	nursultan.jar
KDFzREm/Ww	Ww__cf3597075a36.class	6039	b6fcdd1f3f120fdbadacd7edb00fda4c85455f00	nursultan.jar
KDFzREm/WX	WX.class	8603	9d31ffeda0ea33f98e8d65035aa08d603b65ef1b	nursultan.jar
KDFzREm/wX	wX__6195dbbe03d0.class	8952	3d1a994b4dbab1a9397d06336c5f00febb57455d	nursultan.jar
KDFzREm/Wx	Wx__98924d654a4c.class	24459	319fe5fb3db1e8b9a66ae94dea56222e74b1ea42	nursultan.jar
KDFzREm/wx	wx__276cedbbd32e.class	11251	c1ef45c5f24aeb22671a352de2043e4432fd5e42	nursultan.jar
KDFzREm/WY	WY__d09fddb03069.class	10581	9c902f55b3aa841e808de70ce498667e9a9fc93f	nursultan.jar
KDFzREm/wY	wY__658c61c5857a.class	37353	ec4558724e602f83ed25e6d68c687c37352b5ad7	nursultan.jar
KDFzREm/Wy	Wy.class	9313	5c3a04d7f701c51b3acd0fdda8da57902c414cd5	nursultan.jar
KDFzREm/wy	wy__6fc3fbb9f97e.class	15060	c24af2a9482d47b9a4675e04d2613b8db9f5ee36	nursultan.jar
KDFzREm/Wz	Wz__40bd6044177d.class	12603	7699b2191e670decaeedbb0747480ce7a8ca2423	nursultan.jar
KDFzREm/WZ	WZ.class	34861	87500e09437cdefce7cec10a20415e3db832b917	nursultan.jar
KDFzREm/wZ	wZ__e6180bf98bcc.class	9540	0984d2ec955df0c38f5ccac5d61c9d20ac0cdab2	nursultan.jar
KDFzREm/wz	wz__6dd6fc804502.class	17944	7ee9d0f2a04cfda81c6fc2d00883fbbf7b7fbb86	nursultan.jar
KDFzREm/x	x__5c4516c3688f.class	8148	a2af8a0970e0f9629b5db505b7b81023e1695adf	nursultan.jar
KDFzREm/X	X.class	9767	ce00a62a53f01f255161c79a57dfd9f4113ec4d4	nursultan.jar
KDFzREm/XF	XF__51eacfb2d9e1.class	142	ae0e48aa1697dc5a52977ba65430b1f238dca120	nursultan.jar
KDFzREm/xH	xH__24c4478a4581.class	142	037763b07bac8350702b75046f8a18983f08a408	nursultan.jar
KDFzREm/XS	XS__bec2fd04e483.class	142	159b30fa47a54c547d00a48d94e3280a13fdb996	nursultan.jar
KDFzREm/xU	xU__feae5fbfb6c7.class	142	47af52fe4e577b7e33c9d32c36f18e2937917725	nursultan.jar
KDFzREm/XW	XW__2d1f51819d21.class	1117	743eb27efaa08f9ca6da734dc393e4157e47765e	nursultan.jar
KDFzREm/y	y.class	22032	73587f221fafee53cd5d1de3971d3b53152b19eb	nursultan.jar
KDFzREm/Y	Y__f04e9f5aa1ca.class	16883	2a8001f0be02ce3484d12d0b660f6c9428c4b40e	nursultan.jar
KDFzREm/ya	ya__4745e13e168e.class	10681	e7118ab0397e81026cfca43a97b95c148b3fb3fc	nursultan.jar
KDFzREm/yA	yA__698fe28f9769.class	905	a0f9cd9fdb77369366331f18b9ae86701a660603	nursultan.jar
KDFzREm/yb	yb__d39304672af7.class	8923	f8f1949b7138153010ca3988d28cd9b5112f8ce0	nursultan.jar
KDFzREm/yB	yB__e18d16d28152.class	18454	44184c5b4018bab4b769244e0ec9b912516b4821	nursultan.jar
KDFzREm/yc	yc__33a59875298f.class	13062	380ad45291d68d2b9ea7238239753804f865b3b8	nursultan.jar
KDFzREm/yC	yC__7a05403e133f.class	10032	d0621803a316aa3b34daa40b6270ba8ea2ad9bca	nursultan.jar
KDFzREm/yD	yD__659c5bf01bc2.class	212	056c203de57e9d473656f23075d224e9a6b24ab7	nursultan.jar
KDFzREm/yd	yd__c52f52707cab.class	12232	6b23dd7cc8701e5766b107fa4432f764b331f8f6	nursultan.jar
KDFzREm/yE	yE__227b9e98ecb4.class	15978	3904316ea4cba1ff5fbb37d57913a33d578e9d69	nursultan.jar
KDFzREm/ye	ye__60702f5cd7bf.class	7370	e1d37071f328f43b1850c35dd2b12471dfe54c81	nursultan.jar
KDFzREm/yF	yF__d6faeb3e062d.class	7718	59c4d6bfbec6532392fdd8e87847d60fd6b606b5	nursultan.jar
KDFzREm/yf	yf__19483d9e92b6.class	7123	b208c82565c59922afac5268ed8f7ef40934f798	nursultan.jar
KDFzREm/yg	yg__ad2dc305d9e1.class	7699	70ddabd84b7246f0b400c5f4b2781238294e035c	nursultan.jar
KDFzREm/yG	yG__54bb9f7dcd00.class	8454	f73dbaca0f56450e18faaecdda88be79afc0a62b	nursultan.jar
KDFzREm/yh	yh__3508eb050b45.class	8015	407e5b8b1f36caae117f1a3b7068e45cc1f4c34e	nursultan.jar
KDFzREm/yH	yH__de949de62ef8.class	230	dc09fe74aef37383402f15c2b7186b1262ae2237	nursultan.jar
KDFzREm/yi	yi__41701dce0a5e.class	9213	97c6cc28f7819178883f4b361a689b9250ebf0ce	nursultan.jar
KDFzREm/yI	yI__38a1b1a1c06f.class	6880	3f7b03ca9444389d62585c82597c234bc4b97dd4	nursultan.jar
KDFzREm/yJ	yJ__44c153414bdc.class	11593	76d34505b147d9c885db27d129de1568b69781d5	nursultan.jar
KDFzREm/yj	yj__5171e1fec3fd.class	10139	1869d9686bae4c83cdaae8bd293ccbfd3b6c0c72	nursultan.jar
KDFzREm/yK	yK__7659906d6a2f.class	905	862c1133cb9cc54cdc79805e9bb3c6e35b74bc40	nursultan.jar
KDFzREm/yk	yk__d6a8ba6e4228.class	10535	eafa026a3f0842ea051d4729641ad92707541db0	nursultan.jar
KDFzREm/yl	yl__f558bb3c5e33.class	15361	6b9744bf454c100c901325ad508e954185f9afd3	nursultan.jar
KDFzREm/yL	yL__34d0148ff6cb.class	16018	3c09b6a0f42f94f8be46374edf7da4eacb45fc61	nursultan.jar
KDFzREm/yM	yM__21e4d72ed2e9.class	253	946331abfa3c24447013fa9de34ddd824a1fa030	nursultan.jar
KDFzREm/ym	ym__540f83bffd6b.class	7187	73ddf0d0e34917c8ae46652c9c747f5f81897c0d	nursultan.jar
KDFzREm/yn	yn__9503febcdc86.class	9610	dc8a0ea040a6559dc75153c57c2b41e03a95bd45	nursultan.jar
KDFzREm/yN	yN__d4ae45fbb8c6.class	9854	014037bfa0c606647722a22da35a6becf69d1906	nursultan.jar
KDFzREm/yO	yO__a638f5f63e93.class	7934	5f1a8345a819568d46b23c4c10a04054b730ba55	nursultan.jar
KDFzREm/yo	yo__6456e4bacb85.class	13374	f09ce594c3a7d55c394fbddc9516dda0c8269bf4	nursultan.jar
KDFzREm/yP	yP__4b7c0b9ed15b.class	13140	36d58b0505edef3b3bc1d8313880523a158d772c	nursultan.jar
KDFzREm/yp	yp__7aea877df35d.class	7655	967c774000ae518a6f3d2d713f3fc9d955fa1603	nursultan.jar
KDFzREm/yQ	yQ__1b4b3fba29ef.class	11806	c45bbfbbf1aad843e43f38d5583eeccbc68b6eb9	nursultan.jar
KDFzREm/yq	yq__4db9133e08fa.class	176	0d6bc5f5297163541919e577c4793fb79f9a952e	nursultan.jar
KDFzREm/yR	yR__a4707ec581cc.class	336	04da4c7f2e736b305c8e2879cb2007af9db49aed	nursultan.jar
KDFzREm/yr	yr__5941c0e953af.class	9414	596671ecb5973842cb3a2d162702f5d0ed801d89	nursultan.jar
KDFzREm/ys	ys__0540d395b80b.class	8026	59349bf9abec4953d7914b7008898a9365038ca6	nursultan.jar
KDFzREm/yS	yS__a771e7ffc101.class	11466	68c12c34a4c14e6f2f2240f53c11b8248553c0cb	nursultan.jar
KDFzREm/yT	yT__22efaaa68b71.class	8731	1aff8473d9898eb14066674658c169274a8077a1	nursultan.jar
KDFzREm/yt	yt__2368c905a267.class	10556	098a90a0a58a7747d0d4352da2e3a7d63a14b278	nursultan.jar
KDFzREm/yU	yU__5e7a8cd9253e.class	21690	4e354bb41fde94702c386355e6048825c5039dd8	nursultan.jar
KDFzREm/yu	yu__cf0d7494907b.class	11840	4a00a72eaa0705b5cffb5365213e41d614cc044e	nursultan.jar
KDFzREm/yv	yv__2233ebcc7063.class	7969	86b3f55ba270db44e973c4ef2c6a1c706c4b2d23	nursultan.jar
KDFzREm/yV	yV__a278106f320d.class	6596	17209560e0abd757cdc33faafd12d8ac986228e6	nursultan.jar
KDFzREm/yW	yW__ce706a60e1f3.class	8525	b86128f30a3ec9335fa685a1d52c2902d9a46e68	nursultan.jar
KDFzREm/yw	yw__c904a181e5b9.class	12936	e9bece82c254e7513ffca46455bfcb5714362296	nursultan.jar
KDFzREm/yX	yX__9ec36cf22626.class	14766	d7fa11951105865bcecacfd79a3db41957a9d232	nursultan.jar
KDFzREm/yx	yx__6be79d5ea5ce.class	14745	bd4646bac625d6a92d8e0d4535078127732c9822	nursultan.jar
KDFzREm/yy	yy__d7523612cab5.class	7251	beca479f2922d1073364dbeb4f5d6b1af36c5597	nursultan.jar
KDFzREm/yY	yY__87b3ab7e291d.class	7869	8b795b2053a655ffabf6db5b5efa9a0532a68b9e	nursultan.jar
KDFzREm/yz	yz__9d9668beffca.class	740	ecf8a59d014b969cc9de6c21169eec3ca50aefc8	nursultan.jar
KDFzREm/yZ	yZ__c4697bede5ec.class	10598	59deef3c0eeda89a5e281e672751b5f1ad72a13d	nursultan.jar
KDFzREm/z	z__bd6cd8f8023f.class	11004	dd66fab1752b52266676369ce6c6e3836fae702e	nursultan.jar
KDFzREm/Z	Z.class	11110	c8d09eed9043fac94979b458fb64dbcf72a7190c	nursultan.jar
KDFzREm/Za	Za__9449630860da.class	7727	49ca4cd397e6162a8724843c1cfbfb2db829ea9e	nursultan.jar
KDFzREm/ZA	ZA__eb48178eef34.class	18983	8725c289291f72e1b694f63adbe96b0a25662bce	nursultan.jar
KDFzREm/zA	zA.class	13636	923efb17bf183f63ef9be99e09dcc579eb5c5ec6	nursultan.jar
KDFzREm/za	za__e0a019ed89aa.class	10198	3b04ef1b9742532dce97ae5f2752b31b9ebecab5	nursultan.jar
KDFzREm/zB	zB__1082830ac625.class	10770	6358bec0d48aabc0ad933eb5a9a0066f8c40cc6d	nursultan.jar
KDFzREm/zb	zb__468b031de7b3.class	1029	d7449201e3d723dbb0c92cabf3b67dc13ddef6c5	nursultan.jar
KDFzREm/ZB	ZB.class	28489	9c99e9e45f629ce9fff8a70478136813cb5d45ec	nursultan.jar
KDFzREm/Zb	Zb__42e4178cd28e.class	19002	eedef193310ee287c666d8d36c7161ac509fb33c	nursultan.jar
KDFzREm/zC	zC__6269a72c07c0.class	8437	dfda0d8b7567ed52c6ee631090ff139cfee3f3a3	nursultan.jar
KDFzREm/Zc	Zc__20aae2310de9.class	10745	4979eefce1b018416ba87bef57a3e81f2da3bf3a	nursultan.jar
KDFzREm/ZC	ZC__837232849639.class	35422	eef4cc1aa132fa650a0ded8eac5c45d95767e2f3	nursultan.jar
KDFzREm/zc	zc.class	12838	a34775c4da78cd8736c81fc78e5946a0e1078b07	nursultan.jar
KDFzREm/Zd	Zd__08084c137836.class	12260	d43f95e3bf4bfa8910593d84fe19aec53bac9e41	nursultan.jar
KDFzREm/ZD	ZD__b4f30e48bd94.class	10934	810cf1e9f56e5e8fc1c4fbd53f5d3a3f464cd920	nursultan.jar
KDFzREm/zD	zD.class	563	2b7306d5906b42f47e0c09a64ba70d63a6e76a7c	nursultan.jar
KDFzREm/zd	zd__b0a2f1751fd7.class	11322	dae95d53e9a753ebe9c86844a00cf2ddcc69515f	nursultan.jar
KDFzREm/zE	zE__aff9889d5005.class	7118	ee13d4dbab4a308ee207dad71ea81c01f32ec89c	nursultan.jar
KDFzREm/Ze	Ze__78cf8d4e3143.class	9633	ae1eb8ac8e0b8c2628084ab56273f6beccfcffdb	nursultan.jar
KDFzREm/ze	ze__eb1f37fdd3b6.class	1442	78ae3118dcf9a896887abc0249beb26c09886aa4	nursultan.jar
KDFzREm/ZE	ZE.class	436	c919d0856fffb4a795e9713cbe1759597133fc0d	nursultan.jar
KDFzREm/zF	zF__1c922fb2ba31.class	8271	b07c8abdd04c92da5ffe683cd72336c4e60d8e91	nursultan.jar
KDFzREm/ZF	ZF__4968d4760daf.class	15567	0c268d1701ff56fbcafa9802a793306d0630e0ee	nursultan.jar
KDFzREm/zf	zf.class	27594	1354ce8ad493087f9fe82020f4c5133817c232db	nursultan.jar
KDFzREm/Zf	Zf__98b4fcc84fc3.class	10350	9b91bf42007e1f91f97b86f7f97786abea37b34f	nursultan.jar
KDFzREm/zG	zG__1d7eb1d88b9c.class	8002	909971f3a7fd701139a479a485416f68bf2a4f04	nursultan.jar
KDFzREm/ZG	ZG.class	258	34a4ed34f81021e9cd530500eda51f7f62c187c4	nursultan.jar
KDFzREm/Zg	Zg__09aa7c66b0af.class	11590	e3f9c7bc4d677a3d53ea4ec4af0e2f7f1b384848	nursultan.jar
KDFzREm/zg	zg__425e270f5a2a.class	24757	6457ef08af26ca94fa41ce272481d92619d57656	nursultan.jar
KDFzREm/ZH	ZH__d3ed06d47745.class	12394	bc1dedd2a8cbafc01d59d603cb43c2cee84ae4a5	nursultan.jar
KDFzREm/zh	zh.class	80	166cf6d04d9081911472ede38a9b84d2fdba7804	nursultan.jar
KDFzREm/Zh	Zh__6fc081f72a14.class	10399	d3635b88320e92554ccd5606fc09b555a2ce850e	nursultan.jar
KDFzREm/zH	zH__247dd9d84da8.class	11839	718db19e853d3006fe0770b462b50ae3e51b1cdd	nursultan.jar
KDFzREm/ZI	ZI__57dd71685962.class	10904	1c98ef06d5d9f1641b0520fc6fb2a593f331117a	nursultan.jar
KDFzREm/Zi	Zi.class	10959	977d3f85d2ed7b90624f74d704efc27650226f94	nursultan.jar
KDFzREm/zi	zi__2ae10b383787.class	8079	d3fe88ed8ec105e0a6021f6e3844770dc3588041	nursultan.jar
KDFzREm/zI	zI__da3343950845.class	13319	3feece6ce28c6e2df8117d592cc5c49301085184	nursultan.jar
KDFzREm/zj	zj__a23beac6e84e.class	18578	5990239a4cd5c2458dbacac6b117e50eb0cc48e0	nursultan.jar
KDFzREm/zJ	zJ__da174d115df5.class	9926	e09b6faa0892f5fe1d7b67148c287a527768816f	nursultan.jar
KDFzREm/Zj	Zj.class	9766	e2025bfe8ab8c8701eac775aadd1200103da4594	nursultan.jar
KDFzREm/ZJ	ZJ__2eee80dda81c.class	22900	00741cc1e2dd8d122423ba2329d587da60b8b2af	nursultan.jar
KDFzREm/Zk	Zk.class	9133	fb926875a3f72402f780faab842b194c5ffebf42	nursultan.jar
KDFzREm/ZK	ZK__b491366b592b.class	21995	7abdf9d12439b40f33edd8bed9fe4c9748894ce5	nursultan.jar
KDFzREm/zk	zk__1539032f70f1.class	9243	aaf7013a8c4417bc73896c02a12f6bf116fd8fbf	nursultan.jar
KDFzREm/zK	zK__e7f26fff0bd9.class	67325	dc9e9f87afe49d782aa8db1dd26ca1dda779e2d6	nursultan.jar
KDFzREm/zl	zl.class	13569	d7d709e971e80d6ffce41a301925c3f348e0dc1d	nursultan.jar
KDFzREm/zL	zL__48d19e46f8f5.class	8071	d135d8ce2d3de7c9ae675422d715c4e7cde8ced9	nursultan.jar
KDFzREm/ZL	ZL__cce1eea2f50a.class	11988	bcfe153e445c509029843b5162b9980df86e651f	nursultan.jar
KDFzREm/Zl	Zl__5295ed31b5c8.class	11727	f951d0229190fb39e77e74ad5a23582aae63f1ad	nursultan.jar
KDFzREm/Zm	Zm__14371892ede2.class	10964	eb711e7704c662fc7ff287b4588862f0cbab9fae	nursultan.jar
KDFzREm/ZM	ZM.class	34058	5253720e0b4c70e681dd88ef78c409bae34ff789	nursultan.jar
KDFzREm/zM	zM__1e419e6be31b.class	272	5445c57a3b3d892df752d40365e76e602b841218	nursultan.jar
KDFzREm/zm	zm__034d4cbd2ef9.class	8012	30fe553dfe205229fb09871234cfe360bc73bb38	nursultan.jar
KDFzREm/ZN	ZN.class	11971	5b7c6dc5de8fe7ccb999b211b5eb50bf5c196e5c	nursultan.jar
KDFzREm/Zn	Zn__ec88be250563.class	15071	c64c67933260f27be2f37f2e260b33965680aa94	nursultan.jar
KDFzREm/zN	zN__31525e3d1ade.class	8988	c7fa114796661f24dad5235b79d2accec84a88da	nursultan.jar
KDFzREm/zn	zn__3df20bd27a0c.class	18754	83df3dbcc26ff7ba082b446288c19ace8d3d7724	nursultan.jar
KDFzREm/ZO	ZO.class	9709	2293576326a1a349857c154bdf8d70f78e88b5a6	nursultan.jar
KDFzREm/zO	zO__80e537e66e28.class	11268	993f715ad3e7cf3dfd98a8e86676d5728b26c0e8	nursultan.jar
KDFzREm/zo	zo__6b371f5b8492.class	7924	4b94f72119c991c7a179c15b1acb94f0b2799d38	nursultan.jar
KDFzREm/Zo	Zo__d71187c7cd64.class	15692	551b22d0b1d097f64a5ea4152b1a41632c04e6ef	nursultan.jar
KDFzREm/Zp	Zp__138fad8c2031.class	9056	0cacf647272f1a06c3a02d4f8e0140c556ca4233	nursultan.jar
KDFzREm/ZP	ZP.class	10037	6d921bd21188a6606cf2a982d4ddb5056fb7cb0b	nursultan.jar
KDFzREm/zp	zp__1e718016f727.class	9627	89d6cab0d12e9ee2b9663aa63ea99fed61f7f16c	nursultan.jar
KDFzREm/zP	zP__a80bd3042811.class	80	f3bbc1ceeb7efca4fe57ef56ee844de9933d0e64	nursultan.jar
KDFzREm/ZQ	ZQ.class	6502	2c092dba11b915b0d4f4ee984fb317e23341c587	nursultan.jar
KDFzREm/zQ	zQ__1ce9d3141fdb.class	8858	22c80995161d73705b557736b5e81e8d71a25ead	nursultan.jar
KDFzREm/Zq	Zq__9ebc292f43b3.class	15440	86c0df072610eb77513a6b0884c125ca21eb9d8d	nursultan.jar
KDFzREm/zq	zq__07356afae58c.class	6828	d82c4c4a6318a157dc86969766725984a57ea0b6	nursultan.jar
KDFzREm/zr	zr.class	100	4e379d7be6ee960798a3d373830dc83983a92fbd	nursultan.jar
KDFzREm/Zr	Zr__f6d148aeb89f.class	8117	b9ecc90f081e62ed92ccddd724784ddbaccfa537	nursultan.jar
KDFzREm/zR	zR__3e19fb4c1186.class	7331	e50719ef742ebad81973ccb2667b7c0ea99cb3e8	nursultan.jar
KDFzREm/ZR	ZR__dea925a33788.class	14379	55d17bf775fd21e473f15538a983229559534cdd	nursultan.jar
KDFzREm/zS	zS.class	105	a03c772ccb08a7445dc44b1aec2542da8c3ea2e6	nursultan.jar
KDFzREm/Zs	Zs__9ffdfa996bf6.class	279	88f4e08f254d103f90b8d503567ec90241c1afc4	nursultan.jar
KDFzREm/ZS	ZS__20365fd5b26e.class	28437	335a51646df4a1db2700e51f01e2229c64ad031c	nursultan.jar
KDFzREm/zs	zs__a5ec9cff1541.class	11862	96001a9d00e189bbfcf3500fbea3e960a1510fe5	nursultan.jar
KDFzREm/Zt	Zt.class	262	5b233993afc6a444c9f411af90411b5afb012423	nursultan.jar
KDFzREm/zT	zT__f16f43cabaf4.class	13367	b7a2f895d3e91ddd17c7b420959b613b28d50a95	nursultan.jar
KDFzREm/ZT	ZT__52aa2eec4eff.class	10480	8821de6e1ad4a56f793c00ed2648bb5332726f04	nursultan.jar
KDFzREm/zt	zt__d6029352b501.class	80	c33c9c7ba7684c28adde24025db15a5341a40528	nursultan.jar
KDFzREm/Zu	Zu.class	18286	5eb546e545b5290226a232b2158d8a75005feb60	nursultan.jar
KDFzREm/zu	zu__9323b2ad84de.class	11420	fcf44b9ab2047e8123ffee3dab38150ced153da6	nursultan.jar
KDFzREm/zU	zU__ff9c24d0f394.class	8387	21ab594894d102be1d46fd4dfe00b9c717251359	nursultan.jar
KDFzREm/ZU	ZU__6c1ca2fc1962.class	11696	dc6984e9e65d099cbfd26eca9dd38b8a4f970725	nursultan.jar
KDFzREm/zv	zv__68eb63ccf3b3.class	12738	a28773f385a4c301c721b1639a02e189b6e2ca5e	nursultan.jar
KDFzREm/Zv	Zv.class	10394	15b33373c7bc00cd9ad79d9cc2ad69d3d3c5e0fd	nursultan.jar
KDFzREm/ZV	ZV__1a809aba3300.class	11330	5caf7f719f3059e42b01b23592bb97979a9711eb	nursultan.jar
KDFzREm/zV	zV__649076e1af7e.class	12191	4b5361f67b42f56a6d5a73fcd17db5141d59a665	nursultan.jar
KDFzREm/ZW	ZW.class	9736	a1ae481acb3b90ef25d99bb1c2c41f530c745a33	nursultan.jar
KDFzREm/zW	zW__9b85c2673006.class	8011	08e1e54541c0c94daf79c2a485e7771c600b260c	nursultan.jar
KDFzREm/Zw	Zw__3adb82d440e1.class	1706	776ffc1adc846dba344478c9384abfa320151c81	nursultan.jar
KDFzREm/zw	zw__a9a6ab707412.class	528	c2a754532ebb7efbaf3c45fa9d8cf485dca5aad6	nursultan.jar
KDFzREm/Zx	Zx__b9cb62e79a98.class	11611	c63615e8d4a26d8d46701210c70706183c9030a6	nursultan.jar
KDFzREm/ZX	ZX__626a04ee8d1d.class	13633	3028ff71f9836746b02aea7bbefcc2212f9ca9ae	nursultan.jar
KDFzREm/zX	zX__f72bcd6bc003.class	346	5bd016f9dd608753e8a3200d845ae7a6f71a896e	nursultan.jar
KDFzREm/zx	zx.class	217	1e2a73481f6b1d2991a1d46ff5989186ef98cf0d	nursultan.jar
KDFzREm/zY	zY__a8a6e532c3cf.class	7486	55ac3c2a0bcfbb6dbee7cddf0a1fa86558f1a39f	nursultan.jar
KDFzREm/zy	zy__a38ef152c276.class	9936	1d6008c727fff0bd5de4f3f16b1038297a2f4c5f	nursultan.jar
KDFzREm/ZY	ZY__de64b68db5bc.class	1845	a339e6537fe458ddf80627aa90cd465faceadd8d	nursultan.jar
KDFzREm/Zy	Zy.class	7998	81b66b8d6e16c6eb654e5cfbe901bd6f911f4ccf	nursultan.jar
KDFzREm/zz	zz__1ba938749bfb.class	11620	7514ac1bc32bc47430200fed399cc27e4b0041dc	nursultan.jar
KDFzREm/zZ	zZ__41d07dbbc9e6.class	9006	eb3dfab345f81194048d51baa9bc91a96f2d0e60	nursultan.jar
KDFzREm/Zz	Zz__b65fd1926e46.class	15213	609f933bb63cbb28bd22efa3248b3b23df347f80	nursultan.jar
KDFzREm/ZZ	ZZ.class	234	c4abe5307f04ecf25b8f598275f4373784131423	nursultan.jar
